
> astro-e3es@0.0.1 dev
> astro dev --port 4008 --strict-port

[vite] connected.
21:48:58 [types] Generated 0ms
21:48:58 [vite] Re-optimizing dependencies because vite config has changed
 astro  v6.4.3 ready in 754 ms
┃ Local    http://localhost:4008/
┃ Network  use --host to expose
21:48:58 watching for file changes...
21:49:05 [200] /our-approach/design-build 45ms
21:49:05 [200] /k12 4ms
21:49:10 [200] /services/higher-education/ 3ms
21:49:26 [200] /our-approach/design-build 2ms
21:49:39 [200] /clients/boyd-isd 29ms
21:49:50 [200] /our-approach/design-build 3ms
21:49:59 [WARN] [router] A `getStaticPaths()` route pattern was matched, but no matching static path was found for requested path `/services/water-wastewater-infrastructure`.

Possible dynamic routes being matched: src/pages/[...slug].astro.
21:49:59 [404] /services/water-wastewater-infrastructure 4ms
21:50:28 [WARN] [router] A `getStaticPaths()` route pattern was matched, but no matching static path was found for requested path `/services/water-wastewater-infrastructure`.

Possible dynamic routes being matched: src/pages/[...slug].astro.
21:50:28 [404] /services/water-wastewater-infrastructure 0ms
21:51:00 [watch] /src/styles/global.scss
21:51:00 [watch] /src/styles/global.scss
21:51:03 [200] /services/water-wastewater-solutions 5ms
21:51:08 [200] /our-approach/design-build 6ms
21:51:09 [200] /k12/south-texas 6ms
21:51:11 [200] /services/water-wastewater/scada-2/ 4ms
21:51:12 [200] /services/hvac-system-upgrades-2/ 12ms
21:51:13 [200] /services/water-wastewater/scada-2/ 4ms
21:51:14 [200] /services/hvac-system-upgrades-2/ 3ms
21:51:15 [200] /clients/boyd-isd/ 2ms
21:51:15 [200] /services/hvac-system-upgrades-2/ 4ms
21:51:21 [200] /clients/boyd-isd/ 3ms
21:51:30 [200] /services/water-wastewater-solutions 2ms
21:51:51 Configuration file updated. Restarting...
[vite] connected.
21:51:51 [200] /clients/boyd-isd/ 29ms
21:51:52 [vite] server restarted.
21:51:52 [ERROR] Error: Vite module runner has been closed.
    at ModuleRunner.getModuleInformation (file:///Users/bryanpaul/Local%20Sites/astro-e3es/node_modules/vite/dist/node/module-runner.js:1081:26)
    at ModuleRunner.cachedModule (file:///Users/bryanpaul/Local%20Sites/astro-e3es/node_modules/vite/dist/node/module-runner.js:1063:18)
    at ModuleRunner.import (file:///Users/bryanpaul/Local%20Sites/astro-e3es/node_modules/vite/dist/node/module-runner.js:1013:34)
    at Object.import (file:///Users/bryanpaul/Local%20Sites/astro-e3es/node_modules/astro/dist/core/module-loader/vite.js:58:42)
    at RunnablePipeline.preload (eval at runInlinedModule (file:///Users/bryanpaul/Local%20Sites/astro-e3es/node_modules/vite/dist/node/module-runner.js:913:9), <anonymous>:176:33)
    at process.processTicksAndRejections (node:internal/process/task_queues:104:5)
    at async RunnablePipeline.getComponentByRoute (eval at runInlinedModule (file:///Users/bryanpaul/Local%20Sites/astro-e3es/node_modules/vite/dist/node/module-runner.js:913:9), <anonymous>:189:12)
21:51:52 [ERROR] Vite module runner has been closed.
  Stack trace:
    at /Users/bryanpaul/Local Sites/astro-e3es/Users/bryanpaul/Local Sites/astro-e3es/node_modules/vite/dist/node/module-runner.js:1081:26
    [...] See full stack trace in the browser, or rerun with --verbose.
21:51:52 [ERROR] Error: Vite module runner has been closed.
    at ModuleRunner.getModuleInformation (file:///Users/bryanpaul/Local%20Sites/astro-e3es/node_modules/vite/dist/node/module-runner.js:1081:26)
    at ModuleRunner.cachedModule (file:///Users/bryanpaul/Local%20Sites/astro-e3es/node_modules/vite/dist/node/module-runner.js:1063:18)
    at ModuleRunner.import (file:///Users/bryanpaul/Local%20Sites/astro-e3es/node_modules/vite/dist/node/module-runner.js:1013:34)
    at Object.import (file:///Users/bryanpaul/Local%20Sites/astro-e3es/node_modules/astro/dist/core/module-loader/vite.js:58:42)
    at RunnablePipeline.preload (eval at runInlinedModule (file:///Users/bryanpaul/Local%20Sites/astro-e3es/node_modules/vite/dist/node/module-runner.js:913:9), <anonymous>:176:33)
    at process.processTicksAndRejections (node:internal/process/task_queues:104:5)
    at async RunnablePipeline.getComponentByRoute (eval at runInlinedModule (file:///Users/bryanpaul/Local%20Sites/astro-e3es/node_modules/vite/dist/node/module-runner.js:913:9), <anonymous>:189:12)
21:51:52 [ERROR] Vite module runner has been closed.
  Stack trace:
    at ModuleRunner.getModuleInformation (file:///Users/bryanpaul/Local%20Sites/astro-e3es/node_modules/vite/dist/node/module-runner.js:1081:26)
    [...] See full stack trace in the browser, or rerun with --verbose.
21:51:52 [WARN] [router] A `getStaticPaths()` route pattern was matched, but no matching static path was found for requested path `/our-approach/design-build`.

Possible dynamic routes being matched: src/pages/[...slug].astro.
21:51:52 [ERROR] Error: Vite module runner has been closed.
    at ModuleRunner.getModuleInformation (file:///Users/bryanpaul/Local%20Sites/astro-e3es/node_modules/vite/dist/node/module-runner.js:1081:26)
    at ModuleRunner.cachedModule (file:///Users/bryanpaul/Local%20Sites/astro-e3es/node_modules/vite/dist/node/module-runner.js:1063:18)
    at request (file:///Users/bryanpaul/Local%20Sites/astro-e3es/node_modules/vite/dist/node/module-runner.js:1103:94)
    at dynamicRequest (file:///Users/bryanpaul/Local%20Sites/astro-e3es/node_modules/vite/dist/node/module-runner.js:1105:122)
    at RunnablePipeline.headElements (eval at runInlinedModule (file:///Users/bryanpaul/Local%20Sites/astro-e3es/node_modules/vite/dist/node/module-runner.js:913:9), <anonymous>:136:33)
    at FetchState.createResult (eval at runInlinedModule (file:///Users/bryanpaul/Local%20Sites/astro-e3es/node_modules/vite/dist/node/module-runner.js:913:9), <anonymous>:201:55)
    at PagesHandler.handle (eval at runInlinedModule (file:///Users/bryanpaul/Local%20Sites/astro-e3es/node_modules/vite/dist/node/module-runner.js:913:9), <anonymous>:36:36)
    at process.processTicksAndRejections (node:internal/process/task_queues:104:5)
    at async callMiddleware (eval at runInlinedModule (file:///Users/bryanpaul/Local%20Sites/astro-e3es/node_modules/vite/dist/node/module-runner.js:913:9), <anonymous>:15:10)
    at async AstroMiddleware.handle (eval at runInlinedModule (file:///Users/bryanpaul/Local%20Sites/astro-e3es/node_modules/vite/dist/node/module-runner.js:913:9), <anonymous>:46:18)
21:51:52 [ERROR] Vite module runner has been closed.
  Stack trace:
    at /Users/bryanpaul/Local Sites/astro-e3es/Users/bryanpaul/Local Sites/astro-e3es/node_modules/vite/dist/node/module-runner.js:1081:26
    [...] See full stack trace in the browser, or rerun with --verbose.
21:51:52 [WARN] [router] A `getStaticPaths()` route pattern was matched, but no matching static path was found for requested path `/k12/south-texas`.

Possible dynamic routes being matched: src/pages/[...slug].astro.
21:51:52 [ERROR] Error: Vite module runner has been closed.
    at ModuleRunner.getModuleInformation (file:///Users/bryanpaul/Local%20Sites/astro-e3es/node_modules/vite/dist/node/module-runner.js:1081:26)
    at ModuleRunner.cachedModule (file:///Users/bryanpaul/Local%20Sites/astro-e3es/node_modules/vite/dist/node/module-runner.js:1063:18)
    at request (file:///Users/bryanpaul/Local%20Sites/astro-e3es/node_modules/vite/dist/node/module-runner.js:1103:94)
    at dynamicRequest (file:///Users/bryanpaul/Local%20Sites/astro-e3es/node_modules/vite/dist/node/module-runner.js:1105:122)
    at RunnablePipeline.headElements (eval at runInlinedModule (file:///Users/bryanpaul/Local%20Sites/astro-e3es/node_modules/vite/dist/node/module-runner.js:913:9), <anonymous>:136:33)
    at FetchState.createResult (eval at runInlinedModule (file:///Users/bryanpaul/Local%20Sites/astro-e3es/node_modules/vite/dist/node/module-runner.js:913:9), <anonymous>:201:55)
    at PagesHandler.handle (eval at runInlinedModule (file:///Users/bryanpaul/Local%20Sites/astro-e3es/node_modules/vite/dist/node/module-runner.js:913:9), <anonymous>:36:36)
    at process.processTicksAndRejections (node:internal/process/task_queues:104:5)
    at async callMiddleware (eval at runInlinedModule (file:///Users/bryanpaul/Local%20Sites/astro-e3es/node_modules/vite/dist/node/module-runner.js:913:9), <anonymous>:15:10)
    at async AstroMiddleware.handle (eval at runInlinedModule (file:///Users/bryanpaul/Local%20Sites/astro-e3es/node_modules/vite/dist/node/module-runner.js:913:9), <anonymous>:46:18)
21:51:52 [ERROR] Vite module runner has been closed.
  Stack trace:
    at ModuleRunner.getModuleInformation (file:///Users/bryanpaul/Local%20Sites/astro-e3es/node_modules/vite/dist/node/module-runner.js:1081:26)
    [...] See full stack trace in the browser, or rerun with --verbose.
21:51:53 [ERROR] Error: Vite module runner has been closed.
    at ModuleRunner.getModuleInformation (file:///Users/bryanpaul/Local%20Sites/astro-e3es/node_modules/vite/dist/node/module-runner.js:1081:26)
    at ModuleRunner.cachedModule (file:///Users/bryanpaul/Local%20Sites/astro-e3es/node_modules/vite/dist/node/module-runner.js:1063:18)
    at ModuleRunner.import (file:///Users/bryanpaul/Local%20Sites/astro-e3es/node_modules/vite/dist/node/module-runner.js:1013:34)
    at Object.import (file:///Users/bryanpaul/Local%20Sites/astro-e3es/node_modules/astro/dist/core/module-loader/vite.js:58:42)
    at RunnablePipeline.preload (eval at runInlinedModule (file:///Users/bryanpaul/Local%20Sites/astro-e3es/node_modules/vite/dist/node/module-runner.js:913:9), <anonymous>:176:33)
    at process.processTicksAndRejections (node:internal/process/task_queues:104:5)
    at async RunnablePipeline.getComponentByRoute (eval at runInlinedModule (file:///Users/bryanpaul/Local%20Sites/astro-e3es/node_modules/vite/dist/node/module-runner.js:913:9), <anonymous>:189:12)
21:51:53 [ERROR] Vite module runner has been closed.
  Stack trace:
    at /Users/bryanpaul/Local Sites/astro-e3es/Users/bryanpaul/Local Sites/astro-e3es/node_modules/vite/dist/node/module-runner.js:1081:26
    [...] See full stack trace in the browser, or rerun with --verbose.
21:51:53 [200] /clients/boyd-isd/ 29ms
21:51:53 [200] /services/water-wastewater-solutions 40ms
21:51:54 [watch] /src/styles/global.scss
21:51:54 [watch] /src/styles/global.scss
21:51:54 [watch] /src/styles/global.scss
21:51:54 [watch] /src/styles/global.scss
21:52:00 [watch] /src/styles/global.scss
21:52:00 [watch] /src/styles/global.scss
21:52:00 [watch] /src/styles/global.scss
21:52:00 [watch] /src/styles/global.scss
21:52:04 [watch] /src/styles/global.scss
21:52:04 [watch] /src/styles/global.scss
21:52:04 [watch] /src/styles/global.scss
21:52:04 [watch] /src/styles/global.scss
21:52:09 [watch] /src/styles/global.scss
21:52:09 [watch] /src/styles/global.scss
21:52:14 Configuration file updated. Restarting...
[vite] connected.
21:52:14 [200] /clients/boyd-isd/ 27ms
21:52:14 [vite] server restarted.
21:52:16 [200] /clients/boyd-isd/ 34ms
21:52:24 [watch] /src/styles/global.scss
21:52:24 [watch] /src/styles/global.scss
21:52:31 [200] /our-approach/design-build 37ms
21:53:25 [200] / 78ms
Could not process image request: MissingSharp: Could not find Sharp. Please install Sharp (`sharp`) manually into your project or migrate to another image service.
    at loadSharp (eval at runInlinedModule (file:///Users/bryanpaul/Local%20Sites/astro-e3es/node_modules/vite/dist/node/module-runner.js:913:9), <anonymous>:69:11)
    at async Object.transform (eval at runInlinedModule (file:///Users/bryanpaul/Local%20Sites/astro-e3es/node_modules/vite/dist/node/module-runner.js:913:9), <anonymous>:91:25)
    at async handleImageRequest (eval at runInlinedModule (file:///Users/bryanpaul/Local%20Sites/astro-e3es/node_modules/vite/dist/node/module-runner.js:913:9), <anonymous>:70:28)
    at async Module.GET (eval at runInlinedModule (file:///Users/bryanpaul/Local%20Sites/astro-e3es/node_modules/vite/dist/node/module-runner.js:913:9), <anonymous>:61:12)
    at async renderEndpoint (eval at runInlinedModule (file:///Users/bryanpaul/Local%20Sites/astro-e3es/node_modules/vite/dist/node/module-runner.js:913:9), <anonymous>:44:18)
    at async PagesHandler.handle (eval at runInlinedModule (file:///Users/bryanpaul/Local%20Sites/astro-e3es/node_modules/vite/dist/node/module-runner.js:913:9), <anonymous>:25:20)
    at async callMiddleware (eval at runInlinedModule (file:///Users/bryanpaul/Local%20Sites/astro-e3es/node_modules/vite/dist/node/module-runner.js:913:9), <anonymous>:15:10)
    at async AstroMiddleware.handle (eval at runInlinedModule (file:///Users/bryanpaul/Local%20Sites/astro-e3es/node_modules/vite/dist/node/module-runner.js:913:9), <anonymous>:46:18)
    at async AstroHandler.render (eval at runInlinedModule (file:///Users/bryanpaul/Local%20Sites/astro-e3es/node_modules/vite/dist/node/module-runner.js:913:9), <anonymous>:127:20)
    at async AstroServerApp.render (eval at runInlinedModule (file:///Users/bryanpaul/Local%20Sites/astro-e3es/node_modules/vite/dist/node/module-runner.js:913:9), <anonymous>:288:20) {
  loc: undefined,
  title: 'Could not find Sharp.',
  hint: "See Sharp's installation instructions for more information: https://sharp.pixelplumbing.com/install. If you are not relying on `astro:assets` to optimize, transform, or process any images, you can configure a passthrough image service instead of installing Sharp. See https://docs.astro.build/en/reference/errors/missing-sharp for more information.\n" +
    '\n' +
    'See https://docs.astro.build/en/guides/images/#default-image-service for more information on how to migrate to another image service.',
  frame: undefined,
  type: 'AstroError'
}
21:53:25 [500] /_image 19ms
21:53:33 [200] /services 250ms
Could not process image request: MissingSharp: Could not find Sharp. Please install Sharp (`sharp`) manually into your project or migrate to another image service.
    at loadSharp (eval at runInlinedModule (file:///Users/bryanpaul/Local%20Sites/astro-e3es/node_modules/vite/dist/node/module-runner.js:913:9), <anonymous>:69:11)
    at async Object.transform (eval at runInlinedModule (file:///Users/bryanpaul/Local%20Sites/astro-e3es/node_modules/vite/dist/node/module-runner.js:913:9), <anonymous>:91:25)
    at async handleImageRequest (eval at runInlinedModule (file:///Users/bryanpaul/Local%20Sites/astro-e3es/node_modules/vite/dist/node/module-runner.js:913:9), <anonymous>:70:28)
    at async Module.GET (eval at runInlinedModule (file:///Users/bryanpaul/Local%20Sites/astro-e3es/node_modules/vite/dist/node/module-runner.js:913:9), <anonymous>:61:12)
    at async renderEndpoint (eval at runInlinedModule (file:///Users/bryanpaul/Local%20Sites/astro-e3es/node_modules/vite/dist/node/module-runner.js:913:9), <anonymous>:44:18)
    at async PagesHandler.handle (eval at runInlinedModule (file:///Users/bryanpaul/Local%20Sites/astro-e3es/node_modules/vite/dist/node/module-runner.js:913:9), <anonymous>:25:20)
    at async callMiddleware (eval at runInlinedModule (file:///Users/bryanpaul/Local%20Sites/astro-e3es/node_modules/vite/dist/node/module-runner.js:913:9), <anonymous>:15:10)
    at async AstroMiddleware.handle (eval at runInlinedModule (file:///Users/bryanpaul/Local%20Sites/astro-e3es/node_modules/vite/dist/node/module-runner.js:913:9), <anonymous>:46:18)
    at async AstroHandler.render (eval at runInlinedModule (file:///Users/bryanpaul/Local%20Sites/astro-e3es/node_modules/vite/dist/node/module-runner.js:913:9), <anonymous>:127:20)
    at async AstroServerApp.render (eval at runInlinedModule (file:///Users/bryanpaul/Local%20Sites/astro-e3es/node_modules/vite/dist/node/module-runner.js:913:9), <anonymous>:288:20) {
  loc: undefined,
  title: 'Could not find Sharp.',
  hint: "See Sharp's installation instructions for more information: https://sharp.pixelplumbing.com/install. If you are not relying on `astro:assets` to optimize, transform, or process any images, you can configure a passthrough image service instead of installing Sharp. See https://docs.astro.build/en/reference/errors/missing-sharp for more information.\n" +
    '\n' +
    'See https://docs.astro.build/en/guides/images/#default-image-service for more information on how to migrate to another image service.',
  frame: undefined,
  type: 'AstroError'
}
21:53:33 [500] /_image 4ms
Could not process image request: MissingSharp: Could not find Sharp. Please install Sharp (`sharp`) manually into your project or migrate to another image service.
    at loadSharp (eval at runInlinedModule (file:///Users/bryanpaul/Local%20Sites/astro-e3es/node_modules/vite/dist/node/module-runner.js:913:9), <anonymous>:69:11)
    at process.processTicksAndRejections (node:internal/process/task_queues:104:5)
    at async Object.transform (eval at runInlinedModule (file:///Users/bryanpaul/Local%20Sites/astro-e3es/node_modules/vite/dist/node/module-runner.js:913:9), <anonymous>:91:25)
    at async handleImageRequest (eval at runInlinedModule (file:///Users/bryanpaul/Local%20Sites/astro-e3es/node_modules/vite/dist/node/module-runner.js:913:9), <anonymous>:70:28)
    at async Module.GET (eval at runInlinedModule (file:///Users/bryanpaul/Local%20Sites/astro-e3es/node_modules/vite/dist/node/module-runner.js:913:9), <anonymous>:61:12)
    at async renderEndpoint (eval at runInlinedModule (file:///Users/bryanpaul/Local%20Sites/astro-e3es/node_modules/vite/dist/node/module-runner.js:913:9), <anonymous>:44:18)
    at async PagesHandler.handle (eval at runInlinedModule (file:///Users/bryanpaul/Local%20Sites/astro-e3es/node_modules/vite/dist/node/module-runner.js:913:9), <anonymous>:25:20)
    at async callMiddleware (eval at runInlinedModule (file:///Users/bryanpaul/Local%20Sites/astro-e3es/node_modules/vite/dist/node/module-runner.js:913:9), <anonymous>:15:10)
    at async AstroMiddleware.handle (eval at runInlinedModule (file:///Users/bryanpaul/Local%20Sites/astro-e3es/node_modules/vite/dist/node/module-runner.js:913:9), <anonymous>:46:18)
    at async AstroHandler.render (eval at runInlinedModule (file:///Users/bryanpaul/Local%20Sites/astro-e3es/node_modules/vite/dist/node/module-runner.js:913:9), <anonymous>:127:20) {
  loc: undefined,
  title: 'Could not find Sharp.',
  hint: "See Sharp's installation instructions for more information: https://sharp.pixelplumbing.com/install. If you are not relying on `astro:assets` to optimize, transform, or process any images, you can configure a passthrough image service instead of installing Sharp. See https://docs.astro.build/en/reference/errors/missing-sharp for more information.\n" +
    '\n' +
    'See https://docs.astro.build/en/guides/images/#default-image-service for more information on how to migrate to another image service.',
  frame: undefined,
  type: 'AstroError'
}
21:53:33 [500] /_image 5ms
Could not process image request: MissingSharp: Could not find Sharp. Please install Sharp (`sharp`) manually into your project or migrate to another image service.
    at loadSharp (eval at runInlinedModule (file:///Users/bryanpaul/Local%20Sites/astro-e3es/node_modules/vite/dist/node/module-runner.js:913:9), <anonymous>:69:11)
    at process.processTicksAndRejections (node:internal/process/task_queues:104:5)
    at async Object.transform (eval at runInlinedModule (file:///Users/bryanpaul/Local%20Sites/astro-e3es/node_modules/vite/dist/node/module-runner.js:913:9), <anonymous>:91:25)
    at async handleImageRequest (eval at runInlinedModule (file:///Users/bryanpaul/Local%20Sites/astro-e3es/node_modules/vite/dist/node/module-runner.js:913:9), <anonymous>:70:28)
    at async Module.GET (eval at runInlinedModule (file:///Users/bryanpaul/Local%20Sites/astro-e3es/node_modules/vite/dist/node/module-runner.js:913:9), <anonymous>:61:12)
    at async renderEndpoint (eval at runInlinedModule (file:///Users/bryanpaul/Local%20Sites/astro-e3es/node_modules/vite/dist/node/module-runner.js:913:9), <anonymous>:44:18)
    at async PagesHandler.handle (eval at runInlinedModule (file:///Users/bryanpaul/Local%20Sites/astro-e3es/node_modules/vite/dist/node/module-runner.js:913:9), <anonymous>:25:20)
    at async callMiddleware (eval at runInlinedModule (file:///Users/bryanpaul/Local%20Sites/astro-e3es/node_modules/vite/dist/node/module-runner.js:913:9), <anonymous>:15:10)
    at async AstroMiddleware.handle (eval at runInlinedModule (file:///Users/bryanpaul/Local%20Sites/astro-e3es/node_modules/vite/dist/node/module-runner.js:913:9), <anonymous>:46:18)
    at async AstroHandler.render (eval at runInlinedModule (file:///Users/bryanpaul/Local%20Sites/astro-e3es/node_modules/vite/dist/node/module-runner.js:913:9), <anonymous>:127:20) {
  loc: undefined,
  title: 'Could not find Sharp.',
  hint: "See Sharp's installation instructions for more information: https://sharp.pixelplumbing.com/install. If you are not relying on `astro:assets` to optimize, transform, or process any images, you can configure a passthrough image service instead of installing Sharp. See https://docs.astro.build/en/reference/errors/missing-sharp for more information.\n" +
    '\n' +
    'See https://docs.astro.build/en/guides/images/#default-image-service for more information on how to migrate to another image service.',
  frame: undefined,
  type: 'AstroError'
}
21:53:33 [500] /_image 6ms
Could not process image request: MissingSharp: Could not find Sharp. Please install Sharp (`sharp`) manually into your project or migrate to another image service.
    at loadSharp (eval at runInlinedModule (file:///Users/bryanpaul/Local%20Sites/astro-e3es/node_modules/vite/dist/node/module-runner.js:913:9), <anonymous>:69:11)
    at process.processTicksAndRejections (node:internal/process/task_queues:104:5)
    at async Object.transform (eval at runInlinedModule (file:///Users/bryanpaul/Local%20Sites/astro-e3es/node_modules/vite/dist/node/module-runner.js:913:9), <anonymous>:91:25)
    at async handleImageRequest (eval at runInlinedModule (file:///Users/bryanpaul/Local%20Sites/astro-e3es/node_modules/vite/dist/node/module-runner.js:913:9), <anonymous>:70:28)
    at async Module.GET (eval at runInlinedModule (file:///Users/bryanpaul/Local%20Sites/astro-e3es/node_modules/vite/dist/node/module-runner.js:913:9), <anonymous>:61:12)
    at async renderEndpoint (eval at runInlinedModule (file:///Users/bryanpaul/Local%20Sites/astro-e3es/node_modules/vite/dist/node/module-runner.js:913:9), <anonymous>:44:18)
    at async PagesHandler.handle (eval at runInlinedModule (file:///Users/bryanpaul/Local%20Sites/astro-e3es/node_modules/vite/dist/node/module-runner.js:913:9), <anonymous>:25:20)
    at async callMiddleware (eval at runInlinedModule (file:///Users/bryanpaul/Local%20Sites/astro-e3es/node_modules/vite/dist/node/module-runner.js:913:9), <anonymous>:15:10)
    at async AstroMiddleware.handle (eval at runInlinedModule (file:///Users/bryanpaul/Local%20Sites/astro-e3es/node_modules/vite/dist/node/module-runner.js:913:9), <anonymous>:46:18)
    at async AstroHandler.render (eval at runInlinedModule (file:///Users/bryanpaul/Local%20Sites/astro-e3es/node_modules/vite/dist/node/module-runner.js:913:9), <anonymous>:127:20) {
  loc: undefined,
  title: 'Could not find Sharp.',
  hint: "See Sharp's installation instructions for more information: https://sharp.pixelplumbing.com/install. If you are not relying on `astro:assets` to optimize, transform, or process any images, you can configure a passthrough image service instead of installing Sharp. See https://docs.astro.build/en/reference/errors/missing-sharp for more information.\n" +
    '\n' +
    'See https://docs.astro.build/en/guides/images/#default-image-service for more information on how to migrate to another image service.',
  frame: undefined,
  type: 'AstroError'
}
21:53:33 [500] /_image 6ms
Could not process image request: MissingSharp: Could not find Sharp. Please install Sharp (`sharp`) manually into your project or migrate to another image service.
    at loadSharp (eval at runInlinedModule (file:///Users/bryanpaul/Local%20Sites/astro-e3es/node_modules/vite/dist/node/module-runner.js:913:9), <anonymous>:69:11)
    at process.processTicksAndRejections (node:internal/process/task_queues:104:5)
    at async Object.transform (eval at runInlinedModule (file:///Users/bryanpaul/Local%20Sites/astro-e3es/node_modules/vite/dist/node/module-runner.js:913:9), <anonymous>:91:25)
    at async handleImageRequest (eval at runInlinedModule (file:///Users/bryanpaul/Local%20Sites/astro-e3es/node_modules/vite/dist/node/module-runner.js:913:9), <anonymous>:70:28)
    at async Module.GET (eval at runInlinedModule (file:///Users/bryanpaul/Local%20Sites/astro-e3es/node_modules/vite/dist/node/module-runner.js:913:9), <anonymous>:61:12)
    at async renderEndpoint (eval at runInlinedModule (file:///Users/bryanpaul/Local%20Sites/astro-e3es/node_modules/vite/dist/node/module-runner.js:913:9), <anonymous>:44:18)
    at async PagesHandler.handle (eval at runInlinedModule (file:///Users/bryanpaul/Local%20Sites/astro-e3es/node_modules/vite/dist/node/module-runner.js:913:9), <anonymous>:25:20)
    at async callMiddleware (eval at runInlinedModule (file:///Users/bryanpaul/Local%20Sites/astro-e3es/node_modules/vite/dist/node/module-runner.js:913:9), <anonymous>:15:10)
    at async AstroMiddleware.handle (eval at runInlinedModule (file:///Users/bryanpaul/Local%20Sites/astro-e3es/node_modules/vite/dist/node/module-runner.js:913:9), <anonymous>:46:18)
    at async AstroHandler.render (eval at runInlinedModule (file:///Users/bryanpaul/Local%20Sites/astro-e3es/node_modules/vite/dist/node/module-runner.js:913:9), <anonymous>:127:20) {
  loc: undefined,
  title: 'Could not find Sharp.',
  hint: "See Sharp's installation instructions for more information: https://sharp.pixelplumbing.com/install. If you are not relying on `astro:assets` to optimize, transform, or process any images, you can configure a passthrough image service instead of installing Sharp. See https://docs.astro.build/en/reference/errors/missing-sharp for more information.\n" +
    '\n' +
    'See https://docs.astro.build/en/guides/images/#default-image-service for more information on how to migrate to another image service.',
  frame: undefined,
  type: 'AstroError'
}
21:53:33 [500] /_image 7ms
Could not process image request: MissingSharp: Could not find Sharp. Please install Sharp (`sharp`) manually into your project or migrate to another image service.
    at loadSharp (eval at runInlinedModule (file:///Users/bryanpaul/Local%20Sites/astro-e3es/node_modules/vite/dist/node/module-runner.js:913:9), <anonymous>:69:11)
    at process.processTicksAndRejections (node:internal/process/task_queues:104:5)
    at async Object.transform (eval at runInlinedModule (file:///Users/bryanpaul/Local%20Sites/astro-e3es/node_modules/vite/dist/node/module-runner.js:913:9), <anonymous>:91:25)
    at async handleImageRequest (eval at runInlinedModule (file:///Users/bryanpaul/Local%20Sites/astro-e3es/node_modules/vite/dist/node/module-runner.js:913:9), <anonymous>:70:28)
    at async Module.GET (eval at runInlinedModule (file:///Users/bryanpaul/Local%20Sites/astro-e3es/node_modules/vite/dist/node/module-runner.js:913:9), <anonymous>:61:12)
    at async renderEndpoint (eval at runInlinedModule (file:///Users/bryanpaul/Local%20Sites/astro-e3es/node_modules/vite/dist/node/module-runner.js:913:9), <anonymous>:44:18)
    at async PagesHandler.handle (eval at runInlinedModule (file:///Users/bryanpaul/Local%20Sites/astro-e3es/node_modules/vite/dist/node/module-runner.js:913:9), <anonymous>:25:20)
    at async callMiddleware (eval at runInlinedModule (file:///Users/bryanpaul/Local%20Sites/astro-e3es/node_modules/vite/dist/node/module-runner.js:913:9), <anonymous>:15:10)
    at async AstroMiddleware.handle (eval at runInlinedModule (file:///Users/bryanpaul/Local%20Sites/astro-e3es/node_modules/vite/dist/node/module-runner.js:913:9), <anonymous>:46:18)
    at async AstroHandler.render (eval at runInlinedModule (file:///Users/bryanpaul/Local%20Sites/astro-e3es/node_modules/vite/dist/node/module-runner.js:913:9), <anonymous>:127:20) {
  loc: undefined,
  title: 'Could not find Sharp.',
  hint: "See Sharp's installation instructions for more information: https://sharp.pixelplumbing.com/install. If you are not relying on `astro:assets` to optimize, transform, or process any images, you can configure a passthrough image service instead of installing Sharp. See https://docs.astro.build/en/reference/errors/missing-sharp for more information.\n" +
    '\n' +
    'See https://docs.astro.build/en/guides/images/#default-image-service for more information on how to migrate to another image service.',
  frame: undefined,
  type: 'AstroError'
}
21:53:33 [500] /_image 7ms
21:53:35 [200] /services/hvac-system-upgrades-2/ 4ms
Could not process image request: MissingSharp: Could not find Sharp. Please install Sharp (`sharp`) manually into your project or migrate to another image service.
    at loadSharp (eval at runInlinedModule (file:///Users/bryanpaul/Local%20Sites/astro-e3es/node_modules/vite/dist/node/module-runner.js:913:9), <anonymous>:69:11)
    at async Object.transform (eval at runInlinedModule (file:///Users/bryanpaul/Local%20Sites/astro-e3es/node_modules/vite/dist/node/module-runner.js:913:9), <anonymous>:91:25)
    at async handleImageRequest (eval at runInlinedModule (file:///Users/bryanpaul/Local%20Sites/astro-e3es/node_modules/vite/dist/node/module-runner.js:913:9), <anonymous>:70:28)
    at async Module.GET (eval at runInlinedModule (file:///Users/bryanpaul/Local%20Sites/astro-e3es/node_modules/vite/dist/node/module-runner.js:913:9), <anonymous>:61:12)
    at async renderEndpoint (eval at runInlinedModule (file:///Users/bryanpaul/Local%20Sites/astro-e3es/node_modules/vite/dist/node/module-runner.js:913:9), <anonymous>:44:18)
    at async PagesHandler.handle (eval at runInlinedModule (file:///Users/bryanpaul/Local%20Sites/astro-e3es/node_modules/vite/dist/node/module-runner.js:913:9), <anonymous>:25:20)
    at async callMiddleware (eval at runInlinedModule (file:///Users/bryanpaul/Local%20Sites/astro-e3es/node_modules/vite/dist/node/module-runner.js:913:9), <anonymous>:15:10)
    at async AstroMiddleware.handle (eval at runInlinedModule (file:///Users/bryanpaul/Local%20Sites/astro-e3es/node_modules/vite/dist/node/module-runner.js:913:9), <anonymous>:46:18)
    at async AstroHandler.render (eval at runInlinedModule (file:///Users/bryanpaul/Local%20Sites/astro-e3es/node_modules/vite/dist/node/module-runner.js:913:9), <anonymous>:127:20)
    at async AstroServerApp.render (eval at runInlinedModule (file:///Users/bryanpaul/Local%20Sites/astro-e3es/node_modules/vite/dist/node/module-runner.js:913:9), <anonymous>:288:20) {
  loc: undefined,
  title: 'Could not find Sharp.',
  hint: "See Sharp's installation instructions for more information: https://sharp.pixelplumbing.com/install. If you are not relying on `astro:assets` to optimize, transform, or process any images, you can configure a passthrough image service instead of installing Sharp. See https://docs.astro.build/en/reference/errors/missing-sharp for more information.\n" +
    '\n' +
    'See https://docs.astro.build/en/guides/images/#default-image-service for more information on how to migrate to another image service.',
  frame: undefined,
  type: 'AstroError'
}
21:53:35 [500] /_image 1ms
21:53:45 [200] /services 225ms
Could not process image request: MissingSharp: Could not find Sharp. Please install Sharp (`sharp`) manually into your project or migrate to another image service.
    at loadSharp (eval at runInlinedModule (file:///Users/bryanpaul/Local%20Sites/astro-e3es/node_modules/vite/dist/node/module-runner.js:913:9), <anonymous>:69:11)
    at async Object.transform (eval at runInlinedModule (file:///Users/bryanpaul/Local%20Sites/astro-e3es/node_modules/vite/dist/node/module-runner.js:913:9), <anonymous>:91:25)
    at async handleImageRequest (eval at runInlinedModule (file:///Users/bryanpaul/Local%20Sites/astro-e3es/node_modules/vite/dist/node/module-runner.js:913:9), <anonymous>:70:28)
    at async Module.GET (eval at runInlinedModule (file:///Users/bryanpaul/Local%20Sites/astro-e3es/node_modules/vite/dist/node/module-runner.js:913:9), <anonymous>:61:12)
    at async renderEndpoint (eval at runInlinedModule (file:///Users/bryanpaul/Local%20Sites/astro-e3es/node_modules/vite/dist/node/module-runner.js:913:9), <anonymous>:44:18)
    at async PagesHandler.handle (eval at runInlinedModule (file:///Users/bryanpaul/Local%20Sites/astro-e3es/node_modules/vite/dist/node/module-runner.js:913:9), <anonymous>:25:20)
    at async callMiddleware (eval at runInlinedModule (file:///Users/bryanpaul/Local%20Sites/astro-e3es/node_modules/vite/dist/node/module-runner.js:913:9), <anonymous>:15:10)
    at async AstroMiddleware.handle (eval at runInlinedModule (file:///Users/bryanpaul/Local%20Sites/astro-e3es/node_modules/vite/dist/node/module-runner.js:913:9), <anonymous>:46:18)
    at async AstroHandler.render (eval at runInlinedModule (file:///Users/bryanpaul/Local%20Sites/astro-e3es/node_modules/vite/dist/node/module-runner.js:913:9), <anonymous>:127:20)
    at async AstroServerApp.render (eval at runInlinedModule (file:///Users/bryanpaul/Local%20Sites/astro-e3es/node_modules/vite/dist/node/module-runner.js:913:9), <anonymous>:288:20) {
  loc: undefined,
  title: 'Could not find Sharp.',
  hint: "See Sharp's installation instructions for more information: https://sharp.pixelplumbing.com/install. If you are not relying on `astro:assets` to optimize, transform, or process any images, you can configure a passthrough image service instead of installing Sharp. See https://docs.astro.build/en/reference/errors/missing-sharp for more information.\n" +
    '\n' +
    'See https://docs.astro.build/en/guides/images/#default-image-service for more information on how to migrate to another image service.',
  frame: undefined,
  type: 'AstroError'
}
21:53:45 [500] /_image 5ms
Could not process image request: MissingSharp: Could not find Sharp. Please install Sharp (`sharp`) manually into your project or migrate to another image service.
    at loadSharp (eval at runInlinedModule (file:///Users/bryanpaul/Local%20Sites/astro-e3es/node_modules/vite/dist/node/module-runner.js:913:9), <anonymous>:69:11)
    at process.processTicksAndRejections (node:internal/process/task_queues:104:5)
    at async Object.transform (eval at runInlinedModule (file:///Users/bryanpaul/Local%20Sites/astro-e3es/node_modules/vite/dist/node/module-runner.js:913:9), <anonymous>:91:25)
    at async handleImageRequest (eval at runInlinedModule (file:///Users/bryanpaul/Local%20Sites/astro-e3es/node_modules/vite/dist/node/module-runner.js:913:9), <anonymous>:70:28)
    at async Module.GET (eval at runInlinedModule (file:///Users/bryanpaul/Local%20Sites/astro-e3es/node_modules/vite/dist/node/module-runner.js:913:9), <anonymous>:61:12)
    at async renderEndpoint (eval at runInlinedModule (file:///Users/bryanpaul/Local%20Sites/astro-e3es/node_modules/vite/dist/node/module-runner.js:913:9), <anonymous>:44:18)
    at async PagesHandler.handle (eval at runInlinedModule (file:///Users/bryanpaul/Local%20Sites/astro-e3es/node_modules/vite/dist/node/module-runner.js:913:9), <anonymous>:25:20)
    at async callMiddleware (eval at runInlinedModule (file:///Users/bryanpaul/Local%20Sites/astro-e3es/node_modules/vite/dist/node/module-runner.js:913:9), <anonymous>:15:10)
    at async AstroMiddleware.handle (eval at runInlinedModule (file:///Users/bryanpaul/Local%20Sites/astro-e3es/node_modules/vite/dist/node/module-runner.js:913:9), <anonymous>:46:18)
    at async AstroHandler.render (eval at runInlinedModule (file:///Users/bryanpaul/Local%20Sites/astro-e3es/node_modules/vite/dist/node/module-runner.js:913:9), <anonymous>:127:20) {
  loc: undefined,
  title: 'Could not find Sharp.',
  hint: "See Sharp's installation instructions for more information: https://sharp.pixelplumbing.com/install. If you are not relying on `astro:assets` to optimize, transform, or process any images, you can configure a passthrough image service instead of installing Sharp. See https://docs.astro.build/en/reference/errors/missing-sharp for more information.\n" +
    '\n' +
    'See https://docs.astro.build/en/guides/images/#default-image-service for more information on how to migrate to another image service.',
  frame: undefined,
  type: 'AstroError'
}
21:53:45 [500] /_image 12ms
Could not process image request: MissingSharp: Could not find Sharp. Please install Sharp (`sharp`) manually into your project or migrate to another image service.
    at loadSharp (eval at runInlinedModule (file:///Users/bryanpaul/Local%20Sites/astro-e3es/node_modules/vite/dist/node/module-runner.js:913:9), <anonymous>:69:11)
    at process.processTicksAndRejections (node:internal/process/task_queues:104:5)
    at async Object.transform (eval at runInlinedModule (file:///Users/bryanpaul/Local%20Sites/astro-e3es/node_modules/vite/dist/node/module-runner.js:913:9), <anonymous>:91:25)
    at async handleImageRequest (eval at runInlinedModule (file:///Users/bryanpaul/Local%20Sites/astro-e3es/node_modules/vite/dist/node/module-runner.js:913:9), <anonymous>:70:28)
    at async Module.GET (eval at runInlinedModule (file:///Users/bryanpaul/Local%20Sites/astro-e3es/node_modules/vite/dist/node/module-runner.js:913:9), <anonymous>:61:12)
    at async renderEndpoint (eval at runInlinedModule (file:///Users/bryanpaul/Local%20Sites/astro-e3es/node_modules/vite/dist/node/module-runner.js:913:9), <anonymous>:44:18)
    at async PagesHandler.handle (eval at runInlinedModule (file:///Users/bryanpaul/Local%20Sites/astro-e3es/node_modules/vite/dist/node/module-runner.js:913:9), <anonymous>:25:20)
    at async callMiddleware (eval at runInlinedModule (file:///Users/bryanpaul/Local%20Sites/astro-e3es/node_modules/vite/dist/node/module-runner.js:913:9), <anonymous>:15:10)
    at async AstroMiddleware.handle (eval at runInlinedModule (file:///Users/bryanpaul/Local%20Sites/astro-e3es/node_modules/vite/dist/node/module-runner.js:913:9), <anonymous>:46:18)
    at async AstroHandler.render (eval at runInlinedModule (file:///Users/bryanpaul/Local%20Sites/astro-e3es/node_modules/vite/dist/node/module-runner.js:913:9), <anonymous>:127:20) {
  loc: undefined,
  title: 'Could not find Sharp.',
  hint: "See Sharp's installation instructions for more information: https://sharp.pixelplumbing.com/install. If you are not relying on `astro:assets` to optimize, transform, or process any images, you can configure a passthrough image service instead of installing Sharp. See https://docs.astro.build/en/reference/errors/missing-sharp for more information.\n" +
    '\n' +
    'See https://docs.astro.build/en/guides/images/#default-image-service for more information on how to migrate to another image service.',
  frame: undefined,
  type: 'AstroError'
}
21:53:45 [500] /_image 14ms
Could not process image request: MissingSharp: Could not find Sharp. Please install Sharp (`sharp`) manually into your project or migrate to another image service.
    at loadSharp (eval at runInlinedModule (file:///Users/bryanpaul/Local%20Sites/astro-e3es/node_modules/vite/dist/node/module-runner.js:913:9), <anonymous>:69:11)
    at process.processTicksAndRejections (node:internal/process/task_queues:104:5)
    at async Object.transform (eval at runInlinedModule (file:///Users/bryanpaul/Local%20Sites/astro-e3es/node_modules/vite/dist/node/module-runner.js:913:9), <anonymous>:91:25)
    at async handleImageRequest (eval at runInlinedModule (file:///Users/bryanpaul/Local%20Sites/astro-e3es/node_modules/vite/dist/node/module-runner.js:913:9), <anonymous>:70:28)
    at async Module.GET (eval at runInlinedModule (file:///Users/bryanpaul/Local%20Sites/astro-e3es/node_modules/vite/dist/node/module-runner.js:913:9), <anonymous>:61:12)
    at async renderEndpoint (eval at runInlinedModule (file:///Users/bryanpaul/Local%20Sites/astro-e3es/node_modules/vite/dist/node/module-runner.js:913:9), <anonymous>:44:18)
    at async PagesHandler.handle (eval at runInlinedModule (file:///Users/bryanpaul/Local%20Sites/astro-e3es/node_modules/vite/dist/node/module-runner.js:913:9), <anonymous>:25:20)
    at async callMiddleware (eval at runInlinedModule (file:///Users/bryanpaul/Local%20Sites/astro-e3es/node_modules/vite/dist/node/module-runner.js:913:9), <anonymous>:15:10)
    at async AstroMiddleware.handle (eval at runInlinedModule (file:///Users/bryanpaul/Local%20Sites/astro-e3es/node_modules/vite/dist/node/module-runner.js:913:9), <anonymous>:46:18)
    at async AstroHandler.render (eval at runInlinedModule (file:///Users/bryanpaul/Local%20Sites/astro-e3es/node_modules/vite/dist/node/module-runner.js:913:9), <anonymous>:127:20) {
  loc: undefined,
  title: 'Could not find Sharp.',
  hint: "See Sharp's installation instructions for more information: https://sharp.pixelplumbing.com/install. If you are not relying on `astro:assets` to optimize, transform, or process any images, you can configure a passthrough image service instead of installing Sharp. See https://docs.astro.build/en/reference/errors/missing-sharp for more information.\n" +
    '\n' +
    'See https://docs.astro.build/en/guides/images/#default-image-service for more information on how to migrate to another image service.',
  frame: undefined,
  type: 'AstroError'
}
21:53:45 [500] /_image 7ms
Could not process image request: MissingSharp: Could not find Sharp. Please install Sharp (`sharp`) manually into your project or migrate to another image service.
    at loadSharp (eval at runInlinedModule (file:///Users/bryanpaul/Local%20Sites/astro-e3es/node_modules/vite/dist/node/module-runner.js:913:9), <anonymous>:69:11)
    at process.processTicksAndRejections (node:internal/process/task_queues:104:5)
    at async Object.transform (eval at runInlinedModule (file:///Users/bryanpaul/Local%20Sites/astro-e3es/node_modules/vite/dist/node/module-runner.js:913:9), <anonymous>:91:25)
    at async handleImageRequest (eval at runInlinedModule (file:///Users/bryanpaul/Local%20Sites/astro-e3es/node_modules/vite/dist/node/module-runner.js:913:9), <anonymous>:70:28)
    at async Module.GET (eval at runInlinedModule (file:///Users/bryanpaul/Local%20Sites/astro-e3es/node_modules/vite/dist/node/module-runner.js:913:9), <anonymous>:61:12)
    at async renderEndpoint (eval at runInlinedModule (file:///Users/bryanpaul/Local%20Sites/astro-e3es/node_modules/vite/dist/node/module-runner.js:913:9), <anonymous>:44:18)
    at async PagesHandler.handle (eval at runInlinedModule (file:///Users/bryanpaul/Local%20Sites/astro-e3es/node_modules/vite/dist/node/module-runner.js:913:9), <anonymous>:25:20)
    at async callMiddleware (eval at runInlinedModule (file:///Users/bryanpaul/Local%20Sites/astro-e3es/node_modules/vite/dist/node/module-runner.js:913:9), <anonymous>:15:10)
    at async AstroMiddleware.handle (eval at runInlinedModule (file:///Users/bryanpaul/Local%20Sites/astro-e3es/node_modules/vite/dist/node/module-runner.js:913:9), <anonymous>:46:18)
    at async AstroHandler.render (eval at runInlinedModule (file:///Users/bryanpaul/Local%20Sites/astro-e3es/node_modules/vite/dist/node/module-runner.js:913:9), <anonymous>:127:20) {
  loc: undefined,
  title: 'Could not find Sharp.',
  hint: "See Sharp's installation instructions for more information: https://sharp.pixelplumbing.com/install. If you are not relying on `astro:assets` to optimize, transform, or process any images, you can configure a passthrough image service instead of installing Sharp. See https://docs.astro.build/en/reference/errors/missing-sharp for more information.\n" +
    '\n' +
    'See https://docs.astro.build/en/guides/images/#default-image-service for more information on how to migrate to another image service.',
  frame: undefined,
  type: 'AstroError'
}
21:53:45 [500] /_image 9ms
Could not process image request: MissingSharp: Could not find Sharp. Please install Sharp (`sharp`) manually into your project or migrate to another image service.
    at loadSharp (eval at runInlinedModule (file:///Users/bryanpaul/Local%20Sites/astro-e3es/node_modules/vite/dist/node/module-runner.js:913:9), <anonymous>:69:11)
    at process.processTicksAndRejections (node:internal/process/task_queues:104:5)
    at async Object.transform (eval at runInlinedModule (file:///Users/bryanpaul/Local%20Sites/astro-e3es/node_modules/vite/dist/node/module-runner.js:913:9), <anonymous>:91:25)
    at async handleImageRequest (eval at runInlinedModule (file:///Users/bryanpaul/Local%20Sites/astro-e3es/node_modules/vite/dist/node/module-runner.js:913:9), <anonymous>:70:28)
    at async Module.GET (eval at runInlinedModule (file:///Users/bryanpaul/Local%20Sites/astro-e3es/node_modules/vite/dist/node/module-runner.js:913:9), <anonymous>:61:12)
    at async renderEndpoint (eval at runInlinedModule (file:///Users/bryanpaul/Local%20Sites/astro-e3es/node_modules/vite/dist/node/module-runner.js:913:9), <anonymous>:44:18)
    at async PagesHandler.handle (eval at runInlinedModule (file:///Users/bryanpaul/Local%20Sites/astro-e3es/node_modules/vite/dist/node/module-runner.js:913:9), <anonymous>:25:20)
    at async callMiddleware (eval at runInlinedModule (file:///Users/bryanpaul/Local%20Sites/astro-e3es/node_modules/vite/dist/node/module-runner.js:913:9), <anonymous>:15:10)
    at async AstroMiddleware.handle (eval at runInlinedModule (file:///Users/bryanpaul/Local%20Sites/astro-e3es/node_modules/vite/dist/node/module-runner.js:913:9), <anonymous>:46:18)
    at async AstroHandler.render (eval at runInlinedModule (file:///Users/bryanpaul/Local%20Sites/astro-e3es/node_modules/vite/dist/node/module-runner.js:913:9), <anonymous>:127:20) {
  loc: undefined,
  title: 'Could not find Sharp.',
  hint: "See Sharp's installation instructions for more information: https://sharp.pixelplumbing.com/install. If you are not relying on `astro:assets` to optimize, transform, or process any images, you can configure a passthrough image service instead of installing Sharp. See https://docs.astro.build/en/reference/errors/missing-sharp for more information.\n" +
    '\n' +
    'See https://docs.astro.build/en/guides/images/#default-image-service for more information on how to migrate to another image service.',
  frame: undefined,
  type: 'AstroError'
}
21:53:45 [500] /_image 13ms
Could not process image request: MissingSharp: Could not find Sharp. Please install Sharp (`sharp`) manually into your project or migrate to another image service.
    at loadSharp (eval at runInlinedModule (file:///Users/bryanpaul/Local%20Sites/astro-e3es/node_modules/vite/dist/node/module-runner.js:913:9), <anonymous>:69:11)
    at process.processTicksAndRejections (node:internal/process/task_queues:104:5)
    at async Object.transform (eval at runInlinedModule (file:///Users/bryanpaul/Local%20Sites/astro-e3es/node_modules/vite/dist/node/module-runner.js:913:9), <anonymous>:91:25)
    at async handleImageRequest (eval at runInlinedModule (file:///Users/bryanpaul/Local%20Sites/astro-e3es/node_modules/vite/dist/node/module-runner.js:913:9), <anonymous>:70:28)
    at async Module.GET (eval at runInlinedModule (file:///Users/bryanpaul/Local%20Sites/astro-e3es/node_modules/vite/dist/node/module-runner.js:913:9), <anonymous>:61:12)
    at async renderEndpoint (eval at runInlinedModule (file:///Users/bryanpaul/Local%20Sites/astro-e3es/node_modules/vite/dist/node/module-runner.js:913:9), <anonymous>:44:18)
    at async PagesHandler.handle (eval at runInlinedModule (file:///Users/bryanpaul/Local%20Sites/astro-e3es/node_modules/vite/dist/node/module-runner.js:913:9), <anonymous>:25:20)
    at async callMiddleware (eval at runInlinedModule (file:///Users/bryanpaul/Local%20Sites/astro-e3es/node_modules/vite/dist/node/module-runner.js:913:9), <anonymous>:15:10)
    at async AstroMiddleware.handle (eval at runInlinedModule (file:///Users/bryanpaul/Local%20Sites/astro-e3es/node_modules/vite/dist/node/module-runner.js:913:9), <anonymous>:46:18)
    at async AstroHandler.render (eval at runInlinedModule (file:///Users/bryanpaul/Local%20Sites/astro-e3es/node_modules/vite/dist/node/module-runner.js:913:9), <anonymous>:127:20) {
  loc: undefined,
  title: 'Could not find Sharp.',
  hint: "See Sharp's installation instructions for more information: https://sharp.pixelplumbing.com/install. If you are not relying on `astro:assets` to optimize, transform, or process any images, you can configure a passthrough image service instead of installing Sharp. See https://docs.astro.build/en/reference/errors/missing-sharp for more information.\n" +
    '\n' +
    'See https://docs.astro.build/en/guides/images/#default-image-service for more information on how to migrate to another image service.',
  frame: undefined,
  type: 'AstroError'
}
21:53:47 [500] /_image 7ms
21:53:48 [200] /services/hvac-system-upgrades-2/ 11ms
Could not process image request: MissingSharp: Could not find Sharp. Please install Sharp (`sharp`) manually into your project or migrate to another image service.
    at loadSharp (eval at runInlinedModule (file:///Users/bryanpaul/Local%20Sites/astro-e3es/node_modules/vite/dist/node/module-runner.js:913:9), <anonymous>:69:11)
    at async Object.transform (eval at runInlinedModule (file:///Users/bryanpaul/Local%20Sites/astro-e3es/node_modules/vite/dist/node/module-runner.js:913:9), <anonymous>:91:25)
    at async handleImageRequest (eval at runInlinedModule (file:///Users/bryanpaul/Local%20Sites/astro-e3es/node_modules/vite/dist/node/module-runner.js:913:9), <anonymous>:70:28)
    at async Module.GET (eval at runInlinedModule (file:///Users/bryanpaul/Local%20Sites/astro-e3es/node_modules/vite/dist/node/module-runner.js:913:9), <anonymous>:61:12)
    at async renderEndpoint (eval at runInlinedModule (file:///Users/bryanpaul/Local%20Sites/astro-e3es/node_modules/vite/dist/node/module-runner.js:913:9), <anonymous>:44:18)
    at async PagesHandler.handle (eval at runInlinedModule (file:///Users/bryanpaul/Local%20Sites/astro-e3es/node_modules/vite/dist/node/module-runner.js:913:9), <anonymous>:25:20)
    at async callMiddleware (eval at runInlinedModule (file:///Users/bryanpaul/Local%20Sites/astro-e3es/node_modules/vite/dist/node/module-runner.js:913:9), <anonymous>:15:10)
    at async AstroMiddleware.handle (eval at runInlinedModule (file:///Users/bryanpaul/Local%20Sites/astro-e3es/node_modules/vite/dist/node/module-runner.js:913:9), <anonymous>:46:18)
    at async AstroHandler.render (eval at runInlinedModule (file:///Users/bryanpaul/Local%20Sites/astro-e3es/node_modules/vite/dist/node/module-runner.js:913:9), <anonymous>:127:20)
    at async AstroServerApp.render (eval at runInlinedModule (file:///Users/bryanpaul/Local%20Sites/astro-e3es/node_modules/vite/dist/node/module-runner.js:913:9), <anonymous>:288:20) {
  loc: undefined,
  title: 'Could not find Sharp.',
  hint: "See Sharp's installation instructions for more information: https://sharp.pixelplumbing.com/install. If you are not relying on `astro:assets` to optimize, transform, or process any images, you can configure a passthrough image service instead of installing Sharp. See https://docs.astro.build/en/reference/errors/missing-sharp for more information.\n" +
    '\n' +
    'See https://docs.astro.build/en/guides/images/#default-image-service for more information on how to migrate to another image service.',
  frame: undefined,
  type: 'AstroError'
}
21:53:48 [500] /_image 6ms
21:54:33 [200] /services 242ms
Could not process image request: MissingSharp: Could not find Sharp. Please install Sharp (`sharp`) manually into your project or migrate to another image service.
    at loadSharp (eval at runInlinedModule (file:///Users/bryanpaul/Local%20Sites/astro-e3es/node_modules/vite/dist/node/module-runner.js:913:9), <anonymous>:69:11)
    at async Object.transform (eval at runInlinedModule (file:///Users/bryanpaul/Local%20Sites/astro-e3es/node_modules/vite/dist/node/module-runner.js:913:9), <anonymous>:91:25)
    at async handleImageRequest (eval at runInlinedModule (file:///Users/bryanpaul/Local%20Sites/astro-e3es/node_modules/vite/dist/node/module-runner.js:913:9), <anonymous>:70:28)
    at async Module.GET (eval at runInlinedModule (file:///Users/bryanpaul/Local%20Sites/astro-e3es/node_modules/vite/dist/node/module-runner.js:913:9), <anonymous>:61:12)
    at async renderEndpoint (eval at runInlinedModule (file:///Users/bryanpaul/Local%20Sites/astro-e3es/node_modules/vite/dist/node/module-runner.js:913:9), <anonymous>:44:18)
    at async PagesHandler.handle (eval at runInlinedModule (file:///Users/bryanpaul/Local%20Sites/astro-e3es/node_modules/vite/dist/node/module-runner.js:913:9), <anonymous>:25:20)
    at async callMiddleware (eval at runInlinedModule (file:///Users/bryanpaul/Local%20Sites/astro-e3es/node_modules/vite/dist/node/module-runner.js:913:9), <anonymous>:15:10)
    at async AstroMiddleware.handle (eval at runInlinedModule (file:///Users/bryanpaul/Local%20Sites/astro-e3es/node_modules/vite/dist/node/module-runner.js:913:9), <anonymous>:46:18)
    at async AstroHandler.render (eval at runInlinedModule (file:///Users/bryanpaul/Local%20Sites/astro-e3es/node_modules/vite/dist/node/module-runner.js:913:9), <anonymous>:127:20)
    at async AstroServerApp.render (eval at runInlinedModule (file:///Users/bryanpaul/Local%20Sites/astro-e3es/node_modules/vite/dist/node/module-runner.js:913:9), <anonymous>:288:20) {
  loc: undefined,
  title: 'Could not find Sharp.',
  hint: "See Sharp's installation instructions for more information: https://sharp.pixelplumbing.com/install. If you are not relying on `astro:assets` to optimize, transform, or process any images, you can configure a passthrough image service instead of installing Sharp. See https://docs.astro.build/en/reference/errors/missing-sharp for more information.\n" +
    '\n' +
    'See https://docs.astro.build/en/guides/images/#default-image-service for more information on how to migrate to another image service.',
  frame: undefined,
  type: 'AstroError'
}
21:54:33 [500] /_image 10ms
Could not process image request: MissingSharp: Could not find Sharp. Please install Sharp (`sharp`) manually into your project or migrate to another image service.
    at loadSharp (eval at runInlinedModule (file:///Users/bryanpaul/Local%20Sites/astro-e3es/node_modules/vite/dist/node/module-runner.js:913:9), <anonymous>:69:11)
    at process.processTicksAndRejections (node:internal/process/task_queues:104:5)
    at async Object.transform (eval at runInlinedModule (file:///Users/bryanpaul/Local%20Sites/astro-e3es/node_modules/vite/dist/node/module-runner.js:913:9), <anonymous>:91:25)
    at async handleImageRequest (eval at runInlinedModule (file:///Users/bryanpaul/Local%20Sites/astro-e3es/node_modules/vite/dist/node/module-runner.js:913:9), <anonymous>:70:28)
    at async Module.GET (eval at runInlinedModule (file:///Users/bryanpaul/Local%20Sites/astro-e3es/node_modules/vite/dist/node/module-runner.js:913:9), <anonymous>:61:12)
    at async renderEndpoint (eval at runInlinedModule (file:///Users/bryanpaul/Local%20Sites/astro-e3es/node_modules/vite/dist/node/module-runner.js:913:9), <anonymous>:44:18)
    at async PagesHandler.handle (eval at runInlinedModule (file:///Users/bryanpaul/Local%20Sites/astro-e3es/node_modules/vite/dist/node/module-runner.js:913:9), <anonymous>:25:20)
    at async callMiddleware (eval at runInlinedModule (file:///Users/bryanpaul/Local%20Sites/astro-e3es/node_modules/vite/dist/node/module-runner.js:913:9), <anonymous>:15:10)
    at async AstroMiddleware.handle (eval at runInlinedModule (file:///Users/bryanpaul/Local%20Sites/astro-e3es/node_modules/vite/dist/node/module-runner.js:913:9), <anonymous>:46:18)
    at async AstroHandler.render (eval at runInlinedModule (file:///Users/bryanpaul/Local%20Sites/astro-e3es/node_modules/vite/dist/node/module-runner.js:913:9), <anonymous>:127:20) {
  loc: undefined,
  title: 'Could not find Sharp.',
  hint: "See Sharp's installation instructions for more information: https://sharp.pixelplumbing.com/install. If you are not relying on `astro:assets` to optimize, transform, or process any images, you can configure a passthrough image service instead of installing Sharp. See https://docs.astro.build/en/reference/errors/missing-sharp for more information.\n" +
    '\n' +
    'See https://docs.astro.build/en/guides/images/#default-image-service for more information on how to migrate to another image service.',
  frame: undefined,
  type: 'AstroError'
}
21:54:33 [500] /_image 10ms
Could not process image request: MissingSharp: Could not find Sharp. Please install Sharp (`sharp`) manually into your project or migrate to another image service.
    at loadSharp (eval at runInlinedModule (file:///Users/bryanpaul/Local%20Sites/astro-e3es/node_modules/vite/dist/node/module-runner.js:913:9), <anonymous>:69:11)
    at process.processTicksAndRejections (node:internal/process/task_queues:104:5)
    at async Object.transform (eval at runInlinedModule (file:///Users/bryanpaul/Local%20Sites/astro-e3es/node_modules/vite/dist/node/module-runner.js:913:9), <anonymous>:91:25)
    at async handleImageRequest (eval at runInlinedModule (file:///Users/bryanpaul/Local%20Sites/astro-e3es/node_modules/vite/dist/node/module-runner.js:913:9), <anonymous>:70:28)
    at async Module.GET (eval at runInlinedModule (file:///Users/bryanpaul/Local%20Sites/astro-e3es/node_modules/vite/dist/node/module-runner.js:913:9), <anonymous>:61:12)
    at async renderEndpoint (eval at runInlinedModule (file:///Users/bryanpaul/Local%20Sites/astro-e3es/node_modules/vite/dist/node/module-runner.js:913:9), <anonymous>:44:18)
    at async PagesHandler.handle (eval at runInlinedModule (file:///Users/bryanpaul/Local%20Sites/astro-e3es/node_modules/vite/dist/node/module-runner.js:913:9), <anonymous>:25:20)
    at async callMiddleware (eval at runInlinedModule (file:///Users/bryanpaul/Local%20Sites/astro-e3es/node_modules/vite/dist/node/module-runner.js:913:9), <anonymous>:15:10)
    at async AstroMiddleware.handle (eval at runInlinedModule (file:///Users/bryanpaul/Local%20Sites/astro-e3es/node_modules/vite/dist/node/module-runner.js:913:9), <anonymous>:46:18)
    at async AstroHandler.render (eval at runInlinedModule (file:///Users/bryanpaul/Local%20Sites/astro-e3es/node_modules/vite/dist/node/module-runner.js:913:9), <anonymous>:127:20) {
  loc: undefined,
  title: 'Could not find Sharp.',
  hint: "See Sharp's installation instructions for more information: https://sharp.pixelplumbing.com/install. If you are not relying on `astro:assets` to optimize, transform, or process any images, you can configure a passthrough image service instead of installing Sharp. See https://docs.astro.build/en/reference/errors/missing-sharp for more information.\n" +
    '\n' +
    'See https://docs.astro.build/en/guides/images/#default-image-service for more information on how to migrate to another image service.',
  frame: undefined,
  type: 'AstroError'
}
21:54:33 [500] /_image 10ms
Could not process image request: MissingSharp: Could not find Sharp. Please install Sharp (`sharp`) manually into your project or migrate to another image service.
    at loadSharp (eval at runInlinedModule (file:///Users/bryanpaul/Local%20Sites/astro-e3es/node_modules/vite/dist/node/module-runner.js:913:9), <anonymous>:69:11)
    at process.processTicksAndRejections (node:internal/process/task_queues:104:5)
    at async Object.transform (eval at runInlinedModule (file:///Users/bryanpaul/Local%20Sites/astro-e3es/node_modules/vite/dist/node/module-runner.js:913:9), <anonymous>:91:25)
    at async handleImageRequest (eval at runInlinedModule (file:///Users/bryanpaul/Local%20Sites/astro-e3es/node_modules/vite/dist/node/module-runner.js:913:9), <anonymous>:70:28)
    at async Module.GET (eval at runInlinedModule (file:///Users/bryanpaul/Local%20Sites/astro-e3es/node_modules/vite/dist/node/module-runner.js:913:9), <anonymous>:61:12)
    at async renderEndpoint (eval at runInlinedModule (file:///Users/bryanpaul/Local%20Sites/astro-e3es/node_modules/vite/dist/node/module-runner.js:913:9), <anonymous>:44:18)
    at async PagesHandler.handle (eval at runInlinedModule (file:///Users/bryanpaul/Local%20Sites/astro-e3es/node_modules/vite/dist/node/module-runner.js:913:9), <anonymous>:25:20)
    at async callMiddleware (eval at runInlinedModule (file:///Users/bryanpaul/Local%20Sites/astro-e3es/node_modules/vite/dist/node/module-runner.js:913:9), <anonymous>:15:10)
    at async AstroMiddleware.handle (eval at runInlinedModule (file:///Users/bryanpaul/Local%20Sites/astro-e3es/node_modules/vite/dist/node/module-runner.js:913:9), <anonymous>:46:18)
    at async AstroHandler.render (eval at runInlinedModule (file:///Users/bryanpaul/Local%20Sites/astro-e3es/node_modules/vite/dist/node/module-runner.js:913:9), <anonymous>:127:20) {
  loc: undefined,
  title: 'Could not find Sharp.',
  hint: "See Sharp's installation instructions for more information: https://sharp.pixelplumbing.com/install. If you are not relying on `astro:assets` to optimize, transform, or process any images, you can configure a passthrough image service instead of installing Sharp. See https://docs.astro.build/en/reference/errors/missing-sharp for more information.\n" +
    '\n' +
    'See https://docs.astro.build/en/guides/images/#default-image-service for more information on how to migrate to another image service.',
  frame: undefined,
  type: 'AstroError'
}
21:54:33 [500] /_image 45ms
Could not process image request: MissingSharp: Could not find Sharp. Please install Sharp (`sharp`) manually into your project or migrate to another image service.
    at loadSharp (eval at runInlinedModule (file:///Users/bryanpaul/Local%20Sites/astro-e3es/node_modules/vite/dist/node/module-runner.js:913:9), <anonymous>:69:11)
    at process.processTicksAndRejections (node:internal/process/task_queues:104:5)
    at async Object.transform (eval at runInlinedModule (file:///Users/bryanpaul/Local%20Sites/astro-e3es/node_modules/vite/dist/node/module-runner.js:913:9), <anonymous>:91:25)
    at async handleImageRequest (eval at runInlinedModule (file:///Users/bryanpaul/Local%20Sites/astro-e3es/node_modules/vite/dist/node/module-runner.js:913:9), <anonymous>:70:28)
    at async Module.GET (eval at runInlinedModule (file:///Users/bryanpaul/Local%20Sites/astro-e3es/node_modules/vite/dist/node/module-runner.js:913:9), <anonymous>:61:12)
    at async renderEndpoint (eval at runInlinedModule (file:///Users/bryanpaul/Local%20Sites/astro-e3es/node_modules/vite/dist/node/module-runner.js:913:9), <anonymous>:44:18)
    at async PagesHandler.handle (eval at runInlinedModule (file:///Users/bryanpaul/Local%20Sites/astro-e3es/node_modules/vite/dist/node/module-runner.js:913:9), <anonymous>:25:20)
    at async callMiddleware (eval at runInlinedModule (file:///Users/bryanpaul/Local%20Sites/astro-e3es/node_modules/vite/dist/node/module-runner.js:913:9), <anonymous>:15:10)
    at async AstroMiddleware.handle (eval at runInlinedModule (file:///Users/bryanpaul/Local%20Sites/astro-e3es/node_modules/vite/dist/node/module-runner.js:913:9), <anonymous>:46:18)
    at async AstroHandler.render (eval at runInlinedModule (file:///Users/bryanpaul/Local%20Sites/astro-e3es/node_modules/vite/dist/node/module-runner.js:913:9), <anonymous>:127:20) {
  loc: undefined,
  title: 'Could not find Sharp.',
  hint: "See Sharp's installation instructions for more information: https://sharp.pixelplumbing.com/install. If you are not relying on `astro:assets` to optimize, transform, or process any images, you can configure a passthrough image service instead of installing Sharp. See https://docs.astro.build/en/reference/errors/missing-sharp for more information.\n" +
    '\n' +
    'See https://docs.astro.build/en/guides/images/#default-image-service for more information on how to migrate to another image service.',
  frame: undefined,
  type: 'AstroError'
}
21:54:33 [500] /_image 49ms
Could not process image request: MissingSharp: Could not find Sharp. Please install Sharp (`sharp`) manually into your project or migrate to another image service.
    at loadSharp (eval at runInlinedModule (file:///Users/bryanpaul/Local%20Sites/astro-e3es/node_modules/vite/dist/node/module-runner.js:913:9), <anonymous>:69:11)
    at process.processTicksAndRejections (node:internal/process/task_queues:104:5)
    at async Object.transform (eval at runInlinedModule (file:///Users/bryanpaul/Local%20Sites/astro-e3es/node_modules/vite/dist/node/module-runner.js:913:9), <anonymous>:91:25)
    at async handleImageRequest (eval at runInlinedModule (file:///Users/bryanpaul/Local%20Sites/astro-e3es/node_modules/vite/dist/node/module-runner.js:913:9), <anonymous>:70:28)
    at async Module.GET (eval at runInlinedModule (file:///Users/bryanpaul/Local%20Sites/astro-e3es/node_modules/vite/dist/node/module-runner.js:913:9), <anonymous>:61:12)
    at async renderEndpoint (eval at runInlinedModule (file:///Users/bryanpaul/Local%20Sites/astro-e3es/node_modules/vite/dist/node/module-runner.js:913:9), <anonymous>:44:18)
    at async PagesHandler.handle (eval at runInlinedModule (file:///Users/bryanpaul/Local%20Sites/astro-e3es/node_modules/vite/dist/node/module-runner.js:913:9), <anonymous>:25:20)
    at async callMiddleware (eval at runInlinedModule (file:///Users/bryanpaul/Local%20Sites/astro-e3es/node_modules/vite/dist/node/module-runner.js:913:9), <anonymous>:15:10)
    at async AstroMiddleware.handle (eval at runInlinedModule (file:///Users/bryanpaul/Local%20Sites/astro-e3es/node_modules/vite/dist/node/module-runner.js:913:9), <anonymous>:46:18)
    at async AstroHandler.render (eval at runInlinedModule (file:///Users/bryanpaul/Local%20Sites/astro-e3es/node_modules/vite/dist/node/module-runner.js:913:9), <anonymous>:127:20) {
  loc: undefined,
  title: 'Could not find Sharp.',
  hint: "See Sharp's installation instructions for more information: https://sharp.pixelplumbing.com/install. If you are not relying on `astro:assets` to optimize, transform, or process any images, you can configure a passthrough image service instead of installing Sharp. See https://docs.astro.build/en/reference/errors/missing-sharp for more information.\n" +
    '\n' +
    'See https://docs.astro.build/en/guides/images/#default-image-service for more information on how to migrate to another image service.',
  frame: undefined,
  type: 'AstroError'
}
21:54:33 [500] /_image 60ms
21:54:34 [200] /services/hvac-system-upgrades-2/ 2ms
Could not process image request: MissingSharp: Could not find Sharp. Please install Sharp (`sharp`) manually into your project or migrate to another image service.
    at loadSharp (eval at runInlinedModule (file:///Users/bryanpaul/Local%20Sites/astro-e3es/node_modules/vite/dist/node/module-runner.js:913:9), <anonymous>:69:11)
    at async Object.transform (eval at runInlinedModule (file:///Users/bryanpaul/Local%20Sites/astro-e3es/node_modules/vite/dist/node/module-runner.js:913:9), <anonymous>:91:25)
    at async handleImageRequest (eval at runInlinedModule (file:///Users/bryanpaul/Local%20Sites/astro-e3es/node_modules/vite/dist/node/module-runner.js:913:9), <anonymous>:70:28)
    at async Module.GET (eval at runInlinedModule (file:///Users/bryanpaul/Local%20Sites/astro-e3es/node_modules/vite/dist/node/module-runner.js:913:9), <anonymous>:61:12)
    at async renderEndpoint (eval at runInlinedModule (file:///Users/bryanpaul/Local%20Sites/astro-e3es/node_modules/vite/dist/node/module-runner.js:913:9), <anonymous>:44:18)
    at async PagesHandler.handle (eval at runInlinedModule (file:///Users/bryanpaul/Local%20Sites/astro-e3es/node_modules/vite/dist/node/module-runner.js:913:9), <anonymous>:25:20)
    at async callMiddleware (eval at runInlinedModule (file:///Users/bryanpaul/Local%20Sites/astro-e3es/node_modules/vite/dist/node/module-runner.js:913:9), <anonymous>:15:10)
    at async AstroMiddleware.handle (eval at runInlinedModule (file:///Users/bryanpaul/Local%20Sites/astro-e3es/node_modules/vite/dist/node/module-runner.js:913:9), <anonymous>:46:18)
    at async AstroHandler.render (eval at runInlinedModule (file:///Users/bryanpaul/Local%20Sites/astro-e3es/node_modules/vite/dist/node/module-runner.js:913:9), <anonymous>:127:20)
    at async AstroServerApp.render (eval at runInlinedModule (file:///Users/bryanpaul/Local%20Sites/astro-e3es/node_modules/vite/dist/node/module-runner.js:913:9), <anonymous>:288:20) {
  loc: undefined,
  title: 'Could not find Sharp.',
  hint: "See Sharp's installation instructions for more information: https://sharp.pixelplumbing.com/install. If you are not relying on `astro:assets` to optimize, transform, or process any images, you can configure a passthrough image service instead of installing Sharp. See https://docs.astro.build/en/reference/errors/missing-sharp for more information.\n" +
    '\n' +
    'See https://docs.astro.build/en/guides/images/#default-image-service for more information on how to migrate to another image service.',
  frame: undefined,
  type: 'AstroError'
}
21:54:34 [500] /_image 19ms
21:54:44 [200] /services/water-plumbing/ 3ms
Could not process image request: MissingSharp: Could not find Sharp. Please install Sharp (`sharp`) manually into your project or migrate to another image service.
    at loadSharp (eval at runInlinedModule (file:///Users/bryanpaul/Local%20Sites/astro-e3es/node_modules/vite/dist/node/module-runner.js:913:9), <anonymous>:69:11)
    at async Object.transform (eval at runInlinedModule (file:///Users/bryanpaul/Local%20Sites/astro-e3es/node_modules/vite/dist/node/module-runner.js:913:9), <anonymous>:91:25)
    at async handleImageRequest (eval at runInlinedModule (file:///Users/bryanpaul/Local%20Sites/astro-e3es/node_modules/vite/dist/node/module-runner.js:913:9), <anonymous>:70:28)
    at async Module.GET (eval at runInlinedModule (file:///Users/bryanpaul/Local%20Sites/astro-e3es/node_modules/vite/dist/node/module-runner.js:913:9), <anonymous>:61:12)
    at async renderEndpoint (eval at runInlinedModule (file:///Users/bryanpaul/Local%20Sites/astro-e3es/node_modules/vite/dist/node/module-runner.js:913:9), <anonymous>:44:18)
    at async PagesHandler.handle (eval at runInlinedModule (file:///Users/bryanpaul/Local%20Sites/astro-e3es/node_modules/vite/dist/node/module-runner.js:913:9), <anonymous>:25:20)
    at async callMiddleware (eval at runInlinedModule (file:///Users/bryanpaul/Local%20Sites/astro-e3es/node_modules/vite/dist/node/module-runner.js:913:9), <anonymous>:15:10)
    at async AstroMiddleware.handle (eval at runInlinedModule (file:///Users/bryanpaul/Local%20Sites/astro-e3es/node_modules/vite/dist/node/module-runner.js:913:9), <anonymous>:46:18)
    at async AstroHandler.render (eval at runInlinedModule (file:///Users/bryanpaul/Local%20Sites/astro-e3es/node_modules/vite/dist/node/module-runner.js:913:9), <anonymous>:127:20)
    at async AstroServerApp.render (eval at runInlinedModule (file:///Users/bryanpaul/Local%20Sites/astro-e3es/node_modules/vite/dist/node/module-runner.js:913:9), <anonymous>:288:20) {
  loc: undefined,
  title: 'Could not find Sharp.',
  hint: "See Sharp's installation instructions for more information: https://sharp.pixelplumbing.com/install. If you are not relying on `astro:assets` to optimize, transform, or process any images, you can configure a passthrough image service instead of installing Sharp. See https://docs.astro.build/en/reference/errors/missing-sharp for more information.\n" +
    '\n' +
    'See https://docs.astro.build/en/guides/images/#default-image-service for more information on how to migrate to another image service.',
  frame: undefined,
  type: 'AstroError'
}
21:54:44 [500] /_image 6ms
21:55:08 [200] /services/led-lighting-2/ 6ms
Could not process image request: MissingSharp: Could not find Sharp. Please install Sharp (`sharp`) manually into your project or migrate to another image service.
    at loadSharp (eval at runInlinedModule (file:///Users/bryanpaul/Local%20Sites/astro-e3es/node_modules/vite/dist/node/module-runner.js:913:9), <anonymous>:69:11)
    at async Object.transform (eval at runInlinedModule (file:///Users/bryanpaul/Local%20Sites/astro-e3es/node_modules/vite/dist/node/module-runner.js:913:9), <anonymous>:91:25)
    at async handleImageRequest (eval at runInlinedModule (file:///Users/bryanpaul/Local%20Sites/astro-e3es/node_modules/vite/dist/node/module-runner.js:913:9), <anonymous>:70:28)
    at async Module.GET (eval at runInlinedModule (file:///Users/bryanpaul/Local%20Sites/astro-e3es/node_modules/vite/dist/node/module-runner.js:913:9), <anonymous>:61:12)
    at async renderEndpoint (eval at runInlinedModule (file:///Users/bryanpaul/Local%20Sites/astro-e3es/node_modules/vite/dist/node/module-runner.js:913:9), <anonymous>:44:18)
    at async PagesHandler.handle (eval at runInlinedModule (file:///Users/bryanpaul/Local%20Sites/astro-e3es/node_modules/vite/dist/node/module-runner.js:913:9), <anonymous>:25:20)
    at async callMiddleware (eval at runInlinedModule (file:///Users/bryanpaul/Local%20Sites/astro-e3es/node_modules/vite/dist/node/module-runner.js:913:9), <anonymous>:15:10)
    at async AstroMiddleware.handle (eval at runInlinedModule (file:///Users/bryanpaul/Local%20Sites/astro-e3es/node_modules/vite/dist/node/module-runner.js:913:9), <anonymous>:46:18)
    at async AstroHandler.render (eval at runInlinedModule (file:///Users/bryanpaul/Local%20Sites/astro-e3es/node_modules/vite/dist/node/module-runner.js:913:9), <anonymous>:127:20)
    at async AstroServerApp.render (eval at runInlinedModule (file:///Users/bryanpaul/Local%20Sites/astro-e3es/node_modules/vite/dist/node/module-runner.js:913:9), <anonymous>:288:20) {
  loc: undefined,
  title: 'Could not find Sharp.',
  hint: "See Sharp's installation instructions for more information: https://sharp.pixelplumbing.com/install. If you are not relying on `astro:assets` to optimize, transform, or process any images, you can configure a passthrough image service instead of installing Sharp. See https://docs.astro.build/en/reference/errors/missing-sharp for more information.\n" +
    '\n' +
    'See https://docs.astro.build/en/guides/images/#default-image-service for more information on how to migrate to another image service.',
  frame: undefined,
  type: 'AstroError'
}
21:55:08 [500] /_image 4ms
21:55:13 [200] /services/energy-savings-performance-contracting/ 4ms
Could not process image request: MissingSharp: Could not find Sharp. Please install Sharp (`sharp`) manually into your project or migrate to another image service.
    at loadSharp (eval at runInlinedModule (file:///Users/bryanpaul/Local%20Sites/astro-e3es/node_modules/vite/dist/node/module-runner.js:913:9), <anonymous>:69:11)
    at async Object.transform (eval at runInlinedModule (file:///Users/bryanpaul/Local%20Sites/astro-e3es/node_modules/vite/dist/node/module-runner.js:913:9), <anonymous>:91:25)
    at async handleImageRequest (eval at runInlinedModule (file:///Users/bryanpaul/Local%20Sites/astro-e3es/node_modules/vite/dist/node/module-runner.js:913:9), <anonymous>:70:28)
    at async Module.GET (eval at runInlinedModule (file:///Users/bryanpaul/Local%20Sites/astro-e3es/node_modules/vite/dist/node/module-runner.js:913:9), <anonymous>:61:12)
    at async renderEndpoint (eval at runInlinedModule (file:///Users/bryanpaul/Local%20Sites/astro-e3es/node_modules/vite/dist/node/module-runner.js:913:9), <anonymous>:44:18)
    at async PagesHandler.handle (eval at runInlinedModule (file:///Users/bryanpaul/Local%20Sites/astro-e3es/node_modules/vite/dist/node/module-runner.js:913:9), <anonymous>:25:20)
    at async callMiddleware (eval at runInlinedModule (file:///Users/bryanpaul/Local%20Sites/astro-e3es/node_modules/vite/dist/node/module-runner.js:913:9), <anonymous>:15:10)
    at async AstroMiddleware.handle (eval at runInlinedModule (file:///Users/bryanpaul/Local%20Sites/astro-e3es/node_modules/vite/dist/node/module-runner.js:913:9), <anonymous>:46:18)
    at async AstroHandler.render (eval at runInlinedModule (file:///Users/bryanpaul/Local%20Sites/astro-e3es/node_modules/vite/dist/node/module-runner.js:913:9), <anonymous>:127:20)
    at async AstroServerApp.render (eval at runInlinedModule (file:///Users/bryanpaul/Local%20Sites/astro-e3es/node_modules/vite/dist/node/module-runner.js:913:9), <anonymous>:288:20) {
  loc: undefined,
  title: 'Could not find Sharp.',
  hint: "See Sharp's installation instructions for more information: https://sharp.pixelplumbing.com/install. If you are not relying on `astro:assets` to optimize, transform, or process any images, you can configure a passthrough image service instead of installing Sharp. See https://docs.astro.build/en/reference/errors/missing-sharp for more information.\n" +
    '\n' +
    'See https://docs.astro.build/en/guides/images/#default-image-service for more information on how to migrate to another image service.',
  frame: undefined,
  type: 'AstroError'
}
21:55:13 [500] /_image 8ms
21:55:19 [200] /services/roofing/ 2ms
Could not process image request: MissingSharp: Could not find Sharp. Please install Sharp (`sharp`) manually into your project or migrate to another image service.
    at loadSharp (eval at runInlinedModule (file:///Users/bryanpaul/Local%20Sites/astro-e3es/node_modules/vite/dist/node/module-runner.js:913:9), <anonymous>:69:11)
    at async Object.transform (eval at runInlinedModule (file:///Users/bryanpaul/Local%20Sites/astro-e3es/node_modules/vite/dist/node/module-runner.js:913:9), <anonymous>:91:25)
    at async handleImageRequest (eval at runInlinedModule (file:///Users/bryanpaul/Local%20Sites/astro-e3es/node_modules/vite/dist/node/module-runner.js:913:9), <anonymous>:70:28)
    at async Module.GET (eval at runInlinedModule (file:///Users/bryanpaul/Local%20Sites/astro-e3es/node_modules/vite/dist/node/module-runner.js:913:9), <anonymous>:61:12)
    at async renderEndpoint (eval at runInlinedModule (file:///Users/bryanpaul/Local%20Sites/astro-e3es/node_modules/vite/dist/node/module-runner.js:913:9), <anonymous>:44:18)
    at async PagesHandler.handle (eval at runInlinedModule (file:///Users/bryanpaul/Local%20Sites/astro-e3es/node_modules/vite/dist/node/module-runner.js:913:9), <anonymous>:25:20)
    at async callMiddleware (eval at runInlinedModule (file:///Users/bryanpaul/Local%20Sites/astro-e3es/node_modules/vite/dist/node/module-runner.js:913:9), <anonymous>:15:10)
    at async AstroMiddleware.handle (eval at runInlinedModule (file:///Users/bryanpaul/Local%20Sites/astro-e3es/node_modules/vite/dist/node/module-runner.js:913:9), <anonymous>:46:18)
    at async AstroHandler.render (eval at runInlinedModule (file:///Users/bryanpaul/Local%20Sites/astro-e3es/node_modules/vite/dist/node/module-runner.js:913:9), <anonymous>:127:20)
    at async AstroServerApp.render (eval at runInlinedModule (file:///Users/bryanpaul/Local%20Sites/astro-e3es/node_modules/vite/dist/node/module-runner.js:913:9), <anonymous>:288:20) {
  loc: undefined,
  title: 'Could not find Sharp.',
  hint: "See Sharp's installation instructions for more information: https://sharp.pixelplumbing.com/install. If you are not relying on `astro:assets` to optimize, transform, or process any images, you can configure a passthrough image service instead of installing Sharp. See https://docs.astro.build/en/reference/errors/missing-sharp for more information.\n" +
    '\n' +
    'See https://docs.astro.build/en/guides/images/#default-image-service for more information on how to migrate to another image service.',
  frame: undefined,
  type: 'AstroError'
}
21:55:19 [500] /_image 1ms
21:55:28 [200] /services 222ms
21:55:34 [200] /services 218ms
Could not process image request: MissingSharp: Could not find Sharp. Please install Sharp (`sharp`) manually into your project or migrate to another image service.
    at loadSharp (eval at runInlinedModule (file:///Users/bryanpaul/Local%20Sites/astro-e3es/node_modules/vite/dist/node/module-runner.js:913:9), <anonymous>:69:11)
    at process.processTicksAndRejections (node:internal/process/task_queues:104:5)
    at async Object.transform (eval at runInlinedModule (file:///Users/bryanpaul/Local%20Sites/astro-e3es/node_modules/vite/dist/node/module-runner.js:913:9), <anonymous>:91:25)
    at async handleImageRequest (eval at runInlinedModule (file:///Users/bryanpaul/Local%20Sites/astro-e3es/node_modules/vite/dist/node/module-runner.js:913:9), <anonymous>:70:28)
    at async Module.GET (eval at runInlinedModule (file:///Users/bryanpaul/Local%20Sites/astro-e3es/node_modules/vite/dist/node/module-runner.js:913:9), <anonymous>:61:12)
    at async renderEndpoint (eval at runInlinedModule (file:///Users/bryanpaul/Local%20Sites/astro-e3es/node_modules/vite/dist/node/module-runner.js:913:9), <anonymous>:44:18)
    at async PagesHandler.handle (eval at runInlinedModule (file:///Users/bryanpaul/Local%20Sites/astro-e3es/node_modules/vite/dist/node/module-runner.js:913:9), <anonymous>:25:20)
    at async callMiddleware (eval at runInlinedModule (file:///Users/bryanpaul/Local%20Sites/astro-e3es/node_modules/vite/dist/node/module-runner.js:913:9), <anonymous>:15:10)
    at async AstroMiddleware.handle (eval at runInlinedModule (file:///Users/bryanpaul/Local%20Sites/astro-e3es/node_modules/vite/dist/node/module-runner.js:913:9), <anonymous>:46:18)
    at async AstroHandler.render (eval at runInlinedModule (file:///Users/bryanpaul/Local%20Sites/astro-e3es/node_modules/vite/dist/node/module-runner.js:913:9), <anonymous>:127:20) {
  loc: undefined,
  title: 'Could not find Sharp.',
  hint: "See Sharp's installation instructions for more information: https://sharp.pixelplumbing.com/install. If you are not relying on `astro:assets` to optimize, transform, or process any images, you can configure a passthrough image service instead of installing Sharp. See https://docs.astro.build/en/reference/errors/missing-sharp for more information.\n" +
    '\n' +
    'See https://docs.astro.build/en/guides/images/#default-image-service for more information on how to migrate to another image service.',
  frame: undefined,
  type: 'AstroError'
}
21:55:54 [500] HEAD /_image 9ms
21:56:00 Configuration file updated. Restarting...
[vite] connected.
21:56:00 [vite] server restarted.
21:56:06 [200] HEAD /_image 168ms
21:56:09 [200] /services/controls-automation/indoor-air-quality-4/ 29ms
21:56:26 [200] /services 247ms
21:56:35 [WARN] [router] Blocked cross-origin request to /services/hvac/?wp_edit_token=FwDvZigYcW79zKIXctqVuCjGc6zr7hJu (Sec-Fetch-Site: cross-site, Sec-Fetch-Mode: no-cors). Cross-origin subresource requests are not allowed on the dev server for security reasons.
21:56:36 [200] /services/hvac/ 4ms
21:56:59 [200] /services/hvac/ventilation-upgrades-2/ 2ms
21:57:16 [watch] /src/styles/global.scss
21:57:16 [watch] /src/styles/global.scss
21:57:16 [watch] /src/styles/global.scss
21:57:16 [watch] /src/styles/global.scss
21:57:16 Configuration file updated. Restarting...
21:57:16 [watch] /src/styles/global.scss
21:57:16 [watch] /src/styles/global.scss
[vite] connected.
21:57:17 [200] /services/controls-automation/indoor-air-quality-4/ 28ms
21:57:17 [vite] server restarted.
21:58:42 [WARN] [router] A `getStaticPaths()` route pattern was matched, but no matching static path was found for requested path `/our-approach/design-build`.

Possible dynamic routes being matched: src/pages/[...slug].astro.
21:58:42 [404] /our-approach/design-build 4ms
21:59:10 [200] /services/water-wastewater-solutions 38ms
21:59:10 [WARN] [router] A `getStaticPaths()` route pattern was matched, but no matching static path was found for requested path `/our-approach/design-build`.

Possible dynamic routes being matched: src/pages/[...slug].astro.
21:59:10 [404] HEAD /our-approach/design-build 0ms
21:59:15 [WARN] [router] A `getStaticPaths()` route pattern was matched, but no matching static path was found for requested path `/our-approach/design-build`.

Possible dynamic routes being matched: src/pages/[...slug].astro.
21:59:15 [404] /our-approach/design-build 0ms
21:59:35 [200] HEAD /home/our-approach/design-build 2ms
21:59:41 [200] /services/water-wastewater-solutions 26ms
21:59:46 [200] HEAD /our-approach/design-build 2ms
22:00:28 [200] /services/water-wastewater-solutions 2ms
22:00:35 [WARN] [router] Blocked cross-origin request to /home/about-us/contact/?wp_edit_token=6tA0A6MGHxhFyAdUOvJXO5bB5RAehT0u (Sec-Fetch-Site: cross-site, Sec-Fetch-Mode: no-cors). Cross-origin subresource requests are not allowed on the dev server for security reasons.
22:00:36 [WARN] [router] A `getStaticPaths()` route pattern was matched, but no matching static path was found for requested path `/home/about-us/contact/`.

Possible dynamic routes being matched: src/pages/[...slug].astro.
22:00:36 [404] /home/about-us/contact/ 0ms
22:00:42 [WARN] [router] A `getStaticPaths()` route pattern was matched, but no matching static path was found for requested path `/home/about-us/contact/`.

Possible dynamic routes being matched: src/pages/[...slug].astro.
22:00:42 [404] /home/about-us/contact/ 0ms
22:00:46 [200] /about-us/contact/ 2ms
22:02:23 [200] /about-us/contact/ 41ms
22:02:23 [200] /services/water-wastewater-solutions 2ms
22:02:43 [200] /services/water-wastewater-solutions 44ms
22:02:43 [200] /about-us/contact/ 2ms
22:02:47 [200] /about-us/contact/ 34ms
22:02:47 [200] /services/water-wastewater-solutions 2ms
22:02:48 [200] /services/water-wastewater-solutions 2ms
22:03:15 [200] /about-us/contact/ 29ms
22:03:15 [200] /services/water-wastewater-solutions 2ms
22:03:53 [200] /services/water-wastewater-solutions 28ms
22:03:53 [WARN] [router] A `getStaticPaths()` route pattern was matched, but no matching static path was found for requested path `/about-us/contact/`.

Possible dynamic routes being matched: src/pages/[...slug].astro.
22:03:53 [404] /about-us/contact/ 0ms
22:03:57 [200] /services/water-wastewater-solutions 24ms
22:04:02 [200] /services/water-wastewater-solutions 24ms
22:04:04 [200] /services/water-wastewater-solutions 27ms
22:04:26 [200] /services/water-wastewater-solutions 27ms
22:06:30 [watch] /src/styles/global.scss
22:06:30 [watch] /src/styles/global.scss
22:06:57 [200] /services 301ms
22:06:57 [200] /_image 71ms
22:06:57 [200] /_image 179ms
22:06:57 [200] /_image 182ms
22:06:57 [200] /_image 187ms
22:06:57 [200] /_image 282ms
22:06:57 [200] /_image 324ms
22:06:58 [200] /_image 39ms
22:06:58 [200] /_image 47ms
22:07:17 [200] /services/hvac/ 3ms
22:08:02 [watch] /src/styles/global.scss
22:08:02 [watch] /src/styles/global.scss
22:08:02 [200] /services/hvac/ 23ms
22:08:03 [200] /services/water-wastewater-solutions 3ms
22:08:03 [200] /services 597ms
22:08:07 Configuration file updated. Restarting...
[vite] connected.
22:08:08 [vite] server restarted.
22:08:08 [ERROR] Error: Vite module runner has been closed.
    at ModuleRunner.getModuleInformation (file:///Users/bryanpaul/Local%20Sites/astro-e3es/node_modules/vite/dist/node/module-runner.js:1081:26)
    at ModuleRunner.cachedModule (file:///Users/bryanpaul/Local%20Sites/astro-e3es/node_modules/vite/dist/node/module-runner.js:1063:18)
    at ModuleRunner.import (file:///Users/bryanpaul/Local%20Sites/astro-e3es/node_modules/vite/dist/node/module-runner.js:1013:34)
    at Object.import (file:///Users/bryanpaul/Local%20Sites/astro-e3es/node_modules/astro/dist/core/module-loader/vite.js:58:42)
    at RunnablePipeline.preload (eval at runInlinedModule (file:///Users/bryanpaul/Local%20Sites/astro-e3es/node_modules/vite/dist/node/module-runner.js:913:9), <anonymous>:176:33)
    at process.processTicksAndRejections (node:internal/process/task_queues:104:5)
    at async RunnablePipeline.getComponentByRoute (eval at runInlinedModule (file:///Users/bryanpaul/Local%20Sites/astro-e3es/node_modules/vite/dist/node/module-runner.js:913:9), <anonymous>:189:12)
22:08:08 [ERROR] Vite module runner has been closed.
  Stack trace:
    at /Users/bryanpaul/Local Sites/astro-e3es/Users/bryanpaul/Local Sites/astro-e3es/node_modules/vite/dist/node/module-runner.js:1081:26
    [...] See full stack trace in the browser, or rerun with --verbose.
22:08:09 [200] /services/water-wastewater-solutions 20ms
22:08:09 [200] /services/water-wastewater-solutions 3ms
22:08:09 [200] /services 614ms
22:08:09 [200] /services/hvac/ 4ms
22:08:09 [200] /services 772ms
22:08:15 Configuration file updated. Restarting...
[vite] connected.
22:08:15 [200] /services/hvac/ 49ms
22:08:15 [200] /services/water-wastewater-solutions 39ms
22:08:16 [vite] server restarted.
22:08:16 Configuration file updated. Restarting...
[vite] connected.
22:08:16 [200] /services 572ms
22:08:16 [ERROR] [InvalidImageService] There was an error loading the configured image service. Please see the stack trace for more information.
  Error reference:
    https://docs.astro.build/en/reference/errors/invalid-image-service/
  Stack trace:
    at /Users/bryanpaul/Local Sites/astro-e3es/eval at runInlinedModule (file:/Users/bryanpaul/Local%20Sites/astro-e3es/node_modules/vite/dist/node/module-runner.js:913:9
    [...] See full stack trace in the browser, or rerun with --verbose.
  Caused by:
  Vite module runner has been closed.
    at ModuleRunner.getModuleInformation (file:///Users/bryanpaul/Local%20Sites/astro-e3es/node_modules/vite/dist/node/module-runner.js:1081:26)
    [...] See full stack trace in the browser, or rerun with --verbose.
22:08:17 [vite] server restarted.
22:08:17 [ERROR] Error: Vite module runner has been closed.
    at ModuleRunner.getModuleInformation (file:///Users/bryanpaul/Local%20Sites/astro-e3es/node_modules/vite/dist/node/module-runner.js:1081:26)
    at ModuleRunner.cachedModule (file:///Users/bryanpaul/Local%20Sites/astro-e3es/node_modules/vite/dist/node/module-runner.js:1063:18)
    at ModuleRunner.import (file:///Users/bryanpaul/Local%20Sites/astro-e3es/node_modules/vite/dist/node/module-runner.js:1013:34)
    at Object.import (file:///Users/bryanpaul/Local%20Sites/astro-e3es/node_modules/astro/dist/core/module-loader/vite.js:58:42)
    at RunnablePipeline.preload (eval at runInlinedModule (file:///Users/bryanpaul/Local%20Sites/astro-e3es/node_modules/vite/dist/node/module-runner.js:913:9), <anonymous>:176:33)
    at process.processTicksAndRejections (node:internal/process/task_queues:104:5)
    at async RunnablePipeline.getComponentByRoute (eval at runInlinedModule (file:///Users/bryanpaul/Local%20Sites/astro-e3es/node_modules/vite/dist/node/module-runner.js:913:9), <anonymous>:189:12)
22:08:17 [ERROR] Vite module runner has been closed.
  Stack trace:
    at /Users/bryanpaul/Local Sites/astro-e3es/Users/bryanpaul/Local Sites/astro-e3es/node_modules/vite/dist/node/module-runner.js:1081:26
    [...] See full stack trace in the browser, or rerun with --verbose.
22:08:17 [ERROR] Error: Vite module runner has been closed.
    at ModuleRunner.getModuleInformation (file:///Users/bryanpaul/Local%20Sites/astro-e3es/node_modules/vite/dist/node/module-runner.js:1081:26)
    at ModuleRunner.cachedModule (file:///Users/bryanpaul/Local%20Sites/astro-e3es/node_modules/vite/dist/node/module-runner.js:1063:18)
    at request (file:///Users/bryanpaul/Local%20Sites/astro-e3es/node_modules/vite/dist/node/module-runner.js:1103:94)
    at dynamicRequest (file:///Users/bryanpaul/Local%20Sites/astro-e3es/node_modules/vite/dist/node/module-runner.js:1105:122)
    at RunnablePipeline.middleware ( virtual:astro:manifest:25:26)
    at RunnablePipeline.getMiddleware (eval at runInlinedModule (file:///Users/bryanpaul/Local%20Sites/astro-e3es/node_modules/vite/dist/node/module-runner.js:913:9), <anonymous>:176:45)
    at AstroMiddleware.handle (eval at runInlinedModule (file:///Users/bryanpaul/Local%20Sites/astro-e3es/node_modules/vite/dist/node/module-runner.js:913:9), <anonymous>:44:49)
    at process.processTicksAndRejections (node:internal/process/task_queues:104:5)
    at async AstroHandler.render (eval at runInlinedModule (file:///Users/bryanpaul/Local%20Sites/astro-e3es/node_modules/vite/dist/node/module-runner.js:913:9), <anonymous>:127:20)
    at async AstroServerApp.render (eval at runInlinedModule (file:///Users/bryanpaul/Local%20Sites/astro-e3es/node_modules/vite/dist/node/module-runner.js:913:9), <anonymous>:288:20)
22:08:17 [ERROR] Vite module runner has been closed.
  Stack trace:
    at ModuleRunner.getModuleInformation (file:///Users/bryanpaul/Local%20Sites/astro-e3es/node_modules/vite/dist/node/module-runner.js:1081:26)
    [...] See full stack trace in the browser, or rerun with --verbose.
22:08:18 [200] /services/hvac/ 26ms
22:08:46 Configuration file updated. Restarting...
[vite] connected.
22:08:46 [vite] server restarted.
22:08:47 [200] /services/hvac/ 32ms
22:08:52 [200] /services/hvac/ 5ms
22:09:22 [200] /our-approach/design-build 2ms
22:09:28 [200] /our-approach/design-build 2ms
22:09:46 [200] /our-approach/design-build 2ms
22:10:13 [watch] /src/styles/global.scss
22:10:13 [watch] /src/styles/global.scss
22:10:14 [200] /services/water-wastewater-solutions 4ms
22:10:42 [watch] /src/styles/global.scss
22:10:42 [watch] /src/styles/global.scss
22:10:44 [200] /services/water-wastewater-solutions 4ms
22:10:54 [watch] /src/styles/global.scss
22:10:54 [watch] /src/styles/global.scss
22:11:13 [watch] /src/styles/global.scss
22:11:13 [watch] /src/styles/global.scss
22:11:18 [200] /our-approach/design-build 4ms
22:11:19 [200] /about-us/contact/ 7ms
22:11:33 [watch] /src/styles/global.scss
22:11:33 [watch] /src/styles/global.scss
22:11:40 [200] /our-approach/design-build 5ms
22:12:01 [200] /our-approach/design-build 2ms
22:12:07 [200] /our-approach/design-build 2ms
22:12:23 [200] /clients/boyd-isd/ 29ms
22:12:27 [200] /clients/boyd-isd/ 2ms
22:12:27 [200] /_image 105ms
22:12:33 [200] /clients/boyd-isd/ 29ms
22:12:34 [200] /services/hvac/ 27ms
22:12:34 [200] /services/hvac/ 6ms
22:12:34 [200] /our-approach/design-build 2ms
22:12:34 [200] /services/water-wastewater-solutions 2ms
22:12:35 [200] /about-us/contact/ 3ms
22:13:32 [200] /clients/boyd-isd/ 38ms
22:13:32 [200] /services/water-wastewater-solutions 31ms
22:13:32 [200] /about-us/contact/ 2ms
22:13:33 [200] /our-approach/design-build 3ms
22:13:33 [200] /services/hvac/ 2ms
22:13:33 [200] /services/hvac/ 7ms
22:13:52 [watch] /src/styles/global.scss
22:13:52 [watch] /src/styles/global.scss
22:14:00 [watch] /src/pages/clients/[slug].astro?astro&type=style&index=0&lang.css
22:14:01 [200] /clients/boyd-isd/ 29ms
22:14:02 [200] /services/hvac/ 3ms
22:14:02 [200] /services/hvac/ 8ms
22:14:02 [200] /about-us/contact/ 3ms
22:14:02 [200] /services/water-wastewater-solutions 2ms
22:14:03 [200] /our-approach/design-build 2ms
22:14:11 [watch] /src/styles/global.scss
22:14:11 [watch] /src/styles/global.scss
22:14:11 [ERROR] [vite] Internal server error: [sass] Undefined mixin.
     ╷
2854 │ ┌     @include responsive-up($breakpoint-md) {
2855 │ │       flex-direction: row;
2856 │ └     }
     ╵
  src/styles/mobile.scss 2854:5  @use
  src/styles/global.scss 1:1     root stylesheet
  Plugin: vite:css
  File: /Users/bryanpaul/Local Sites/astro-e3es/src/styles/global.scss:2854:5
  [sass] Undefined mixin.
       ╷
  2854 │ ┌     @include responsive-up($breakpoint-md) {
  2855 │ │       flex-direction: row;
  2856 │ └     }
       ╵
    src/styles/mobile.scss 2854:5  @use
    src/styles/global.scss 1:1     root stylesheet
      at Object.wrapException (/Users/bryanpaul/Local Sites/astro-e3es/node_modules/sass/sass.dart.js:2337:47)
      at /Users/bryanpaul/Local Sites/astro-e3es/node_modules/sass/sass.dart.js:90514:25
      at _wrapJsFunctionForAsync_closure.$protected (/Users/bryanpaul/Local Sites/astro-e3es/node_modules/sass/sass.dart.js:5005:15)
      at _wrapJsFunctionForAsync_closure.call$2 (/Users/bryanpaul/Local Sites/astro-e3es/node_modules/sass/sass.dart.js:38746:12)
      at Object._asyncStartSync (/Users/bryanpaul/Local Sites/astro-e3es/node_modules/sass/sass.dart.js:4969:20)
      at _EvaluateVisitor2._applyMixin$body$_EvaluateVisitor0 (/Users/bryanpaul/Local Sites/astro-e3es/node_modules/sass/sass.dart.js:90572:16)
      at _EvaluateVisitor2._async_evaluate0$_applyMixin$5 (/Users/bryanpaul/Local Sites/astro-e3es/node_modules/sass/sass.dart.js:90500:19)
      at /Users/bryanpaul/Local Sites/astro-e3es/node_modules/sass/sass.dart.js:90592:48
      at _wrapJsFunctionForAsync_closure.$protected (/Users/bryanpaul/Local Sites/astro-e3es/node_modules/sass/sass.dart.js:5005:15)
      at _wrapJsFunctionForAsync_closure.call$2 (/Users/bryanpaul/Local Sites/astro-e3es/node_modules/sass/sass.dart.js:38746:12)
22:14:11 [ERROR] [vite] Internal server error: [sass] Undefined mixin.
     ╷
2854 │ ┌     @include responsive-up($breakpoint-md) {
2855 │ │       flex-direction: row;
2856 │ └     }
     ╵
  src/styles/mobile.scss 2854:5  @use
  src/styles/global.scss 1:1     root stylesheet
  Plugin: vite:css
  File: /Users/bryanpaul/Local Sites/astro-e3es/src/styles/global.scss:2854:5
  [sass] Undefined mixin.
       ╷
  2854 │ ┌     @include responsive-up($breakpoint-md) {
  2855 │ │       flex-direction: row;
  2856 │ └     }
       ╵
    src/styles/mobile.scss 2854:5  @use
    src/styles/global.scss 1:1     root stylesheet
      at Object.wrapException (/Users/bryanpaul/Local Sites/astro-e3es/node_modules/sass/sass.dart.js:2337:47)
      at /Users/bryanpaul/Local Sites/astro-e3es/node_modules/sass/sass.dart.js:90514:25
      at _wrapJsFunctionForAsync_closure.$protected (/Users/bryanpaul/Local Sites/astro-e3es/node_modules/sass/sass.dart.js:5005:15)
      at _wrapJsFunctionForAsync_closure.call$2 (/Users/bryanpaul/Local Sites/astro-e3es/node_modules/sass/sass.dart.js:38746:12)
      at Object._asyncStartSync (/Users/bryanpaul/Local Sites/astro-e3es/node_modules/sass/sass.dart.js:4969:20)
      at _EvaluateVisitor2._applyMixin$body$_EvaluateVisitor0 (/Users/bryanpaul/Local Sites/astro-e3es/node_modules/sass/sass.dart.js:90572:16)
      at _EvaluateVisitor2._async_evaluate0$_applyMixin$5 (/Users/bryanpaul/Local Sites/astro-e3es/node_modules/sass/sass.dart.js:90500:19)
      at /Users/bryanpaul/Local Sites/astro-e3es/node_modules/sass/sass.dart.js:90592:48
      at _wrapJsFunctionForAsync_closure.$protected (/Users/bryanpaul/Local Sites/astro-e3es/node_modules/sass/sass.dart.js:5005:15)
      at _wrapJsFunctionForAsync_closure.call$2 (/Users/bryanpaul/Local Sites/astro-e3es/node_modules/sass/sass.dart.js:38746:12)
22:14:11 [ERROR] [vite] Internal server error: [sass] Undefined mixin.
     ╷
2854 │ ┌     @include responsive-up($breakpoint-md) {
2855 │ │       flex-direction: row;
2856 │ └     }
     ╵
  src/styles/mobile.scss 2854:5  @use
  src/styles/global.scss 1:1     root stylesheet
  Plugin: vite:css
  File: /Users/bryanpaul/Local Sites/astro-e3es/src/styles/global.scss:2854:5
  [sass] Undefined mixin.
       ╷
  2854 │ ┌     @include responsive-up($breakpoint-md) {
  2855 │ │       flex-direction: row;
  2856 │ └     }
       ╵
    src/styles/mobile.scss 2854:5  @use
    src/styles/global.scss 1:1     root stylesheet
      at Object.wrapException (/Users/bryanpaul/Local Sites/astro-e3es/node_modules/sass/sass.dart.js:2337:47)
      at /Users/bryanpaul/Local Sites/astro-e3es/node_modules/sass/sass.dart.js:90514:25
      at _wrapJsFunctionForAsync_closure.$protected (/Users/bryanpaul/Local Sites/astro-e3es/node_modules/sass/sass.dart.js:5005:15)
      at _wrapJsFunctionForAsync_closure.call$2 (/Users/bryanpaul/Local Sites/astro-e3es/node_modules/sass/sass.dart.js:38746:12)
      at Object._asyncStartSync (/Users/bryanpaul/Local Sites/astro-e3es/node_modules/sass/sass.dart.js:4969:20)
      at _EvaluateVisitor2._applyMixin$body$_EvaluateVisitor0 (/Users/bryanpaul/Local Sites/astro-e3es/node_modules/sass/sass.dart.js:90572:16)
      at _EvaluateVisitor2._async_evaluate0$_applyMixin$5 (/Users/bryanpaul/Local Sites/astro-e3es/node_modules/sass/sass.dart.js:90500:19)
      at /Users/bryanpaul/Local Sites/astro-e3es/node_modules/sass/sass.dart.js:90592:48
      at _wrapJsFunctionForAsync_closure.$protected (/Users/bryanpaul/Local Sites/astro-e3es/node_modules/sass/sass.dart.js:5005:15)
      at _wrapJsFunctionForAsync_closure.call$2 (/Users/bryanpaul/Local Sites/astro-e3es/node_modules/sass/sass.dart.js:38746:12)
22:14:11 [ERROR] [vite] Internal server error: [sass] Undefined mixin.
     ╷
2854 │ ┌     @include responsive-up($breakpoint-md) {
2855 │ │       flex-direction: row;
2856 │ └     }
     ╵
  src/styles/mobile.scss 2854:5  @use
  src/styles/global.scss 1:1     root stylesheet
  Plugin: vite:css
  File: /Users/bryanpaul/Local Sites/astro-e3es/src/styles/global.scss:2854:5
  [sass] Undefined mixin.
       ╷
  2854 │ ┌     @include responsive-up($breakpoint-md) {
  2855 │ │       flex-direction: row;
  2856 │ └     }
       ╵
    src/styles/mobile.scss 2854:5  @use
    src/styles/global.scss 1:1     root stylesheet
      at Object.wrapException (/Users/bryanpaul/Local Sites/astro-e3es/node_modules/sass/sass.dart.js:2337:47)
      at /Users/bryanpaul/Local Sites/astro-e3es/node_modules/sass/sass.dart.js:90514:25
      at _wrapJsFunctionForAsync_closure.$protected (/Users/bryanpaul/Local Sites/astro-e3es/node_modules/sass/sass.dart.js:5005:15)
      at _wrapJsFunctionForAsync_closure.call$2 (/Users/bryanpaul/Local Sites/astro-e3es/node_modules/sass/sass.dart.js:38746:12)
      at Object._asyncStartSync (/Users/bryanpaul/Local Sites/astro-e3es/node_modules/sass/sass.dart.js:4969:20)
      at _EvaluateVisitor2._applyMixin$body$_EvaluateVisitor0 (/Users/bryanpaul/Local Sites/astro-e3es/node_modules/sass/sass.dart.js:90572:16)
      at _EvaluateVisitor2._async_evaluate0$_applyMixin$5 (/Users/bryanpaul/Local Sites/astro-e3es/node_modules/sass/sass.dart.js:90500:19)
      at /Users/bryanpaul/Local Sites/astro-e3es/node_modules/sass/sass.dart.js:90592:48
      at _wrapJsFunctionForAsync_closure.$protected (/Users/bryanpaul/Local Sites/astro-e3es/node_modules/sass/sass.dart.js:5005:15)
      at _wrapJsFunctionForAsync_closure.call$2 (/Users/bryanpaul/Local Sites/astro-e3es/node_modules/sass/sass.dart.js:38746:12)
22:14:11 [ERROR] [vite] Internal server error: [sass] Undefined mixin.
     ╷
2854 │ ┌     @include responsive-up($breakpoint-md) {
2855 │ │       flex-direction: row;
2856 │ └     }
     ╵
  src/styles/mobile.scss 2854:5  @use
  src/styles/global.scss 1:1     root stylesheet
  Plugin: vite:css
  File: /Users/bryanpaul/Local Sites/astro-e3es/src/styles/global.scss:2854:5
  [sass] Undefined mixin.
       ╷
  2854 │ ┌     @include responsive-up($breakpoint-md) {
  2855 │ │       flex-direction: row;
  2856 │ └     }
       ╵
    src/styles/mobile.scss 2854:5  @use
    src/styles/global.scss 1:1     root stylesheet
      at Object.wrapException (/Users/bryanpaul/Local Sites/astro-e3es/node_modules/sass/sass.dart.js:2337:47)
      at /Users/bryanpaul/Local Sites/astro-e3es/node_modules/sass/sass.dart.js:90514:25
      at _wrapJsFunctionForAsync_closure.$protected (/Users/bryanpaul/Local Sites/astro-e3es/node_modules/sass/sass.dart.js:5005:15)
      at _wrapJsFunctionForAsync_closure.call$2 (/Users/bryanpaul/Local Sites/astro-e3es/node_modules/sass/sass.dart.js:38746:12)
      at Object._asyncStartSync (/Users/bryanpaul/Local Sites/astro-e3es/node_modules/sass/sass.dart.js:4969:20)
      at _EvaluateVisitor2._applyMixin$body$_EvaluateVisitor0 (/Users/bryanpaul/Local Sites/astro-e3es/node_modules/sass/sass.dart.js:90572:16)
      at _EvaluateVisitor2._async_evaluate0$_applyMixin$5 (/Users/bryanpaul/Local Sites/astro-e3es/node_modules/sass/sass.dart.js:90500:19)
      at /Users/bryanpaul/Local Sites/astro-e3es/node_modules/sass/sass.dart.js:90592:48
      at _wrapJsFunctionForAsync_closure.$protected (/Users/bryanpaul/Local Sites/astro-e3es/node_modules/sass/sass.dart.js:5005:15)
      at _wrapJsFunctionForAsync_closure.call$2 (/Users/bryanpaul/Local Sites/astro-e3es/node_modules/sass/sass.dart.js:38746:12)
22:14:11 [ERROR] [vite] Internal server error: [sass] Undefined mixin.
     ╷
2854 │ ┌     @include responsive-up($breakpoint-md) {
2855 │ │       flex-direction: row;
2856 │ └     }
     ╵
  src/styles/mobile.scss 2854:5  @use
  src/styles/global.scss 1:1     root stylesheet
  Plugin: vite:css
  File: /Users/bryanpaul/Local Sites/astro-e3es/src/styles/global.scss:2854:5
  [sass] Undefined mixin.
       ╷
  2854 │ ┌     @include responsive-up($breakpoint-md) {
  2855 │ │       flex-direction: row;
  2856 │ └     }
       ╵
    src/styles/mobile.scss 2854:5  @use
    src/styles/global.scss 1:1     root stylesheet
      at Object.wrapException (/Users/bryanpaul/Local Sites/astro-e3es/node_modules/sass/sass.dart.js:2337:47)
      at /Users/bryanpaul/Local Sites/astro-e3es/node_modules/sass/sass.dart.js:90514:25
      at _wrapJsFunctionForAsync_closure.$protected (/Users/bryanpaul/Local Sites/astro-e3es/node_modules/sass/sass.dart.js:5005:15)
      at _wrapJsFunctionForAsync_closure.call$2 (/Users/bryanpaul/Local Sites/astro-e3es/node_modules/sass/sass.dart.js:38746:12)
      at Object._asyncStartSync (/Users/bryanpaul/Local Sites/astro-e3es/node_modules/sass/sass.dart.js:4969:20)
      at _EvaluateVisitor2._applyMixin$body$_EvaluateVisitor0 (/Users/bryanpaul/Local Sites/astro-e3es/node_modules/sass/sass.dart.js:90572:16)
      at _EvaluateVisitor2._async_evaluate0$_applyMixin$5 (/Users/bryanpaul/Local Sites/astro-e3es/node_modules/sass/sass.dart.js:90500:19)
      at /Users/bryanpaul/Local Sites/astro-e3es/node_modules/sass/sass.dart.js:90592:48
      at _wrapJsFunctionForAsync_closure.$protected (/Users/bryanpaul/Local Sites/astro-e3es/node_modules/sass/sass.dart.js:5005:15)
      at _wrapJsFunctionForAsync_closure.call$2 (/Users/bryanpaul/Local Sites/astro-e3es/node_modules/sass/sass.dart.js:38746:12)
22:14:20 [watch] /src/styles/global.scss
22:14:20 [watch] /src/styles/global.scss
22:14:20 [ERROR] [vite] Internal server error: [sass] Undefined mixin.
     ╷
2854 │ ┌     @include responsive-up($breakpoint-md) {
2855 │ │       flex-direction: row;
2856 │ └     }
     ╵
  src/styles/mobile.scss 2854:5  @use
  src/styles/global.scss 1:1     root stylesheet
  Plugin: vite:css
  File: /Users/bryanpaul/Local Sites/astro-e3es/src/styles/global.scss:2854:5
  [sass] Undefined mixin.
       ╷
  2854 │ ┌     @include responsive-up($breakpoint-md) {
  2855 │ │       flex-direction: row;
  2856 │ └     }
       ╵
    src/styles/mobile.scss 2854:5  @use
    src/styles/global.scss 1:1     root stylesheet
      at Object.wrapException (/Users/bryanpaul/Local Sites/astro-e3es/node_modules/sass/sass.dart.js:2337:47)
      at /Users/bryanpaul/Local Sites/astro-e3es/node_modules/sass/sass.dart.js:90514:25
      at _wrapJsFunctionForAsync_closure.$protected (/Users/bryanpaul/Local Sites/astro-e3es/node_modules/sass/sass.dart.js:5005:15)
      at _wrapJsFunctionForAsync_closure.call$2 (/Users/bryanpaul/Local Sites/astro-e3es/node_modules/sass/sass.dart.js:38746:12)
      at Object._asyncStartSync (/Users/bryanpaul/Local Sites/astro-e3es/node_modules/sass/sass.dart.js:4969:20)
      at _EvaluateVisitor2._applyMixin$body$_EvaluateVisitor0 (/Users/bryanpaul/Local Sites/astro-e3es/node_modules/sass/sass.dart.js:90572:16)
      at _EvaluateVisitor2._async_evaluate0$_applyMixin$5 (/Users/bryanpaul/Local Sites/astro-e3es/node_modules/sass/sass.dart.js:90500:19)
      at /Users/bryanpaul/Local Sites/astro-e3es/node_modules/sass/sass.dart.js:90592:48
      at _wrapJsFunctionForAsync_closure.$protected (/Users/bryanpaul/Local Sites/astro-e3es/node_modules/sass/sass.dart.js:5005:15)
      at _wrapJsFunctionForAsync_closure.call$2 (/Users/bryanpaul/Local Sites/astro-e3es/node_modules/sass/sass.dart.js:38746:12)
22:14:20 [ERROR] [vite] Internal server error: [sass] Undefined mixin.
     ╷
2854 │ ┌     @include responsive-up($breakpoint-md) {
2855 │ │       flex-direction: row;
2856 │ └     }
     ╵
  src/styles/mobile.scss 2854:5  @use
  src/styles/global.scss 1:1     root stylesheet
  Plugin: vite:css
  File: /Users/bryanpaul/Local Sites/astro-e3es/src/styles/global.scss:2854:5
  [sass] Undefined mixin.
       ╷
  2854 │ ┌     @include responsive-up($breakpoint-md) {
  2855 │ │       flex-direction: row;
  2856 │ └     }
       ╵
    src/styles/mobile.scss 2854:5  @use
    src/styles/global.scss 1:1     root stylesheet
      at Object.wrapException (/Users/bryanpaul/Local Sites/astro-e3es/node_modules/sass/sass.dart.js:2337:47)
      at /Users/bryanpaul/Local Sites/astro-e3es/node_modules/sass/sass.dart.js:90514:25
      at _wrapJsFunctionForAsync_closure.$protected (/Users/bryanpaul/Local Sites/astro-e3es/node_modules/sass/sass.dart.js:5005:15)
      at _wrapJsFunctionForAsync_closure.call$2 (/Users/bryanpaul/Local Sites/astro-e3es/node_modules/sass/sass.dart.js:38746:12)
      at Object._asyncStartSync (/Users/bryanpaul/Local Sites/astro-e3es/node_modules/sass/sass.dart.js:4969:20)
      at _EvaluateVisitor2._applyMixin$body$_EvaluateVisitor0 (/Users/bryanpaul/Local Sites/astro-e3es/node_modules/sass/sass.dart.js:90572:16)
      at _EvaluateVisitor2._async_evaluate0$_applyMixin$5 (/Users/bryanpaul/Local Sites/astro-e3es/node_modules/sass/sass.dart.js:90500:19)
      at /Users/bryanpaul/Local Sites/astro-e3es/node_modules/sass/sass.dart.js:90592:48
      at _wrapJsFunctionForAsync_closure.$protected (/Users/bryanpaul/Local Sites/astro-e3es/node_modules/sass/sass.dart.js:5005:15)
      at _wrapJsFunctionForAsync_closure.call$2 (/Users/bryanpaul/Local Sites/astro-e3es/node_modules/sass/sass.dart.js:38746:12)
22:14:20 [ERROR] [sass] Undefined mixin.
     ╷
2854 │ ┌     @include responsive-up($breakpoint-md) {
2855 │ │       flex-direction: row;
2856 │ └     }
     ╵
  src/styles/mobile.scss 2854:5  @use
  src/styles/global.scss 1:1     root stylesheet
  Stack trace:
    at /Users/bryanpaul/Local Sites/astro-e3es/src/styles/global.scss:2854:5
    [...] See full stack trace in the browser, or rerun with --verbose.
22:14:20 [ERROR] [vite] Internal server error: [sass] Undefined mixin.
     ╷
2854 │ ┌     @include responsive-up($breakpoint-md) {
2855 │ │       flex-direction: row;
2856 │ └     }
     ╵
  src/styles/mobile.scss 2854:5  @use
  src/styles/global.scss 1:1     root stylesheet
  Plugin: vite:css
  File: /Users/bryanpaul/Local Sites/astro-e3es/src/styles/global.scss:2854:5
  [sass] Undefined mixin.
       ╷
  2854 │ ┌     @include responsive-up($breakpoint-md) {
  2855 │ │       flex-direction: row;
  2856 │ └     }
       ╵
    src/styles/mobile.scss 2854:5  @use
    src/styles/global.scss 1:1     root stylesheet
      at Object.wrapException (/Users/bryanpaul/Local Sites/astro-e3es/node_modules/sass/sass.dart.js:2337:47)
      at /Users/bryanpaul/Local Sites/astro-e3es/node_modules/sass/sass.dart.js:90514:25
      at _wrapJsFunctionForAsync_closure.$protected (/Users/bryanpaul/Local Sites/astro-e3es/node_modules/sass/sass.dart.js:5005:15)
      at _wrapJsFunctionForAsync_closure.call$2 (/Users/bryanpaul/Local Sites/astro-e3es/node_modules/sass/sass.dart.js:38746:12)
      at Object._asyncStartSync (/Users/bryanpaul/Local Sites/astro-e3es/node_modules/sass/sass.dart.js:4969:20)
      at _EvaluateVisitor2._applyMixin$body$_EvaluateVisitor0 (/Users/bryanpaul/Local Sites/astro-e3es/node_modules/sass/sass.dart.js:90572:16)
      at _EvaluateVisitor2._async_evaluate0$_applyMixin$5 (/Users/bryanpaul/Local Sites/astro-e3es/node_modules/sass/sass.dart.js:90500:19)
      at /Users/bryanpaul/Local Sites/astro-e3es/node_modules/sass/sass.dart.js:90592:48
      at _wrapJsFunctionForAsync_closure.$protected (/Users/bryanpaul/Local Sites/astro-e3es/node_modules/sass/sass.dart.js:5005:15)
      at _wrapJsFunctionForAsync_closure.call$2 (/Users/bryanpaul/Local Sites/astro-e3es/node_modules/sass/sass.dart.js:38746:12)
22:14:20 [ERROR] [vite] Internal server error: [sass] Undefined mixin.
     ╷
2854 │ ┌     @include responsive-up($breakpoint-md) {
2855 │ │       flex-direction: row;
2856 │ └     }
     ╵
  src/styles/mobile.scss 2854:5  @use
  src/styles/global.scss 1:1     root stylesheet
  Plugin: vite:css
  File: /Users/bryanpaul/Local Sites/astro-e3es/src/styles/global.scss:2854:5
  [sass] Undefined mixin.
       ╷
  2854 │ ┌     @include responsive-up($breakpoint-md) {
  2855 │ │       flex-direction: row;
  2856 │ └     }
       ╵
    src/styles/mobile.scss 2854:5  @use
    src/styles/global.scss 1:1     root stylesheet
      at Object.wrapException (/Users/bryanpaul/Local Sites/astro-e3es/node_modules/sass/sass.dart.js:2337:47)
      at /Users/bryanpaul/Local Sites/astro-e3es/node_modules/sass/sass.dart.js:90514:25
      at _wrapJsFunctionForAsync_closure.$protected (/Users/bryanpaul/Local Sites/astro-e3es/node_modules/sass/sass.dart.js:5005:15)
      at _wrapJsFunctionForAsync_closure.call$2 (/Users/bryanpaul/Local Sites/astro-e3es/node_modules/sass/sass.dart.js:38746:12)
      at Object._asyncStartSync (/Users/bryanpaul/Local Sites/astro-e3es/node_modules/sass/sass.dart.js:4969:20)
      at _EvaluateVisitor2._applyMixin$body$_EvaluateVisitor0 (/Users/bryanpaul/Local Sites/astro-e3es/node_modules/sass/sass.dart.js:90572:16)
      at _EvaluateVisitor2._async_evaluate0$_applyMixin$5 (/Users/bryanpaul/Local Sites/astro-e3es/node_modules/sass/sass.dart.js:90500:19)
      at /Users/bryanpaul/Local Sites/astro-e3es/node_modules/sass/sass.dart.js:90592:48
      at _wrapJsFunctionForAsync_closure.$protected (/Users/bryanpaul/Local Sites/astro-e3es/node_modules/sass/sass.dart.js:5005:15)
      at _wrapJsFunctionForAsync_closure.call$2 (/Users/bryanpaul/Local Sites/astro-e3es/node_modules/sass/sass.dart.js:38746:12)
22:14:20 [ERROR] [vite] Internal server error: [sass] Undefined mixin.
     ╷
2854 │ ┌     @include responsive-up($breakpoint-md) {
2855 │ │       flex-direction: row;
2856 │ └     }
     ╵
  src/styles/mobile.scss 2854:5  @use
  src/styles/global.scss 1:1     root stylesheet
  Plugin: vite:css
  File: /Users/bryanpaul/Local Sites/astro-e3es/src/styles/global.scss:2854:5
  [sass] Undefined mixin.
       ╷
  2854 │ ┌     @include responsive-up($breakpoint-md) {
  2855 │ │       flex-direction: row;
  2856 │ └     }
       ╵
    src/styles/mobile.scss 2854:5  @use
    src/styles/global.scss 1:1     root stylesheet
      at Object.wrapException (/Users/bryanpaul/Local Sites/astro-e3es/node_modules/sass/sass.dart.js:2337:47)
      at /Users/bryanpaul/Local Sites/astro-e3es/node_modules/sass/sass.dart.js:90514:25
      at _wrapJsFunctionForAsync_closure.$protected (/Users/bryanpaul/Local Sites/astro-e3es/node_modules/sass/sass.dart.js:5005:15)
      at _wrapJsFunctionForAsync_closure.call$2 (/Users/bryanpaul/Local Sites/astro-e3es/node_modules/sass/sass.dart.js:38746:12)
      at Object._asyncStartSync (/Users/bryanpaul/Local Sites/astro-e3es/node_modules/sass/sass.dart.js:4969:20)
      at _EvaluateVisitor2._applyMixin$body$_EvaluateVisitor0 (/Users/bryanpaul/Local Sites/astro-e3es/node_modules/sass/sass.dart.js:90572:16)
      at _EvaluateVisitor2._async_evaluate0$_applyMixin$5 (/Users/bryanpaul/Local Sites/astro-e3es/node_modules/sass/sass.dart.js:90500:19)
      at /Users/bryanpaul/Local Sites/astro-e3es/node_modules/sass/sass.dart.js:90592:48
      at _wrapJsFunctionForAsync_closure.$protected (/Users/bryanpaul/Local Sites/astro-e3es/node_modules/sass/sass.dart.js:5005:15)
      at _wrapJsFunctionForAsync_closure.call$2 (/Users/bryanpaul/Local Sites/astro-e3es/node_modules/sass/sass.dart.js:38746:12)
22:14:20 [ERROR] [vite] Internal server error: [sass] Undefined mixin.
     ╷
2854 │ ┌     @include responsive-up($breakpoint-md) {
2855 │ │       flex-direction: row;
2856 │ └     }
     ╵
  src/styles/mobile.scss 2854:5  @use
  src/styles/global.scss 1:1     root stylesheet
  Plugin: vite:css
  File: /Users/bryanpaul/Local Sites/astro-e3es/src/styles/global.scss:2854:5
  [sass] Undefined mixin.
       ╷
  2854 │ ┌     @include responsive-up($breakpoint-md) {
  2855 │ │       flex-direction: row;
  2856 │ └     }
       ╵
    src/styles/mobile.scss 2854:5  @use
    src/styles/global.scss 1:1     root stylesheet
      at Object.wrapException (/Users/bryanpaul/Local Sites/astro-e3es/node_modules/sass/sass.dart.js:2337:47)
      at /Users/bryanpaul/Local Sites/astro-e3es/node_modules/sass/sass.dart.js:90514:25
      at _wrapJsFunctionForAsync_closure.$protected (/Users/bryanpaul/Local Sites/astro-e3es/node_modules/sass/sass.dart.js:5005:15)
      at _wrapJsFunctionForAsync_closure.call$2 (/Users/bryanpaul/Local Sites/astro-e3es/node_modules/sass/sass.dart.js:38746:12)
      at Object._asyncStartSync (/Users/bryanpaul/Local Sites/astro-e3es/node_modules/sass/sass.dart.js:4969:20)
      at _EvaluateVisitor2._applyMixin$body$_EvaluateVisitor0 (/Users/bryanpaul/Local Sites/astro-e3es/node_modules/sass/sass.dart.js:90572:16)
      at _EvaluateVisitor2._async_evaluate0$_applyMixin$5 (/Users/bryanpaul/Local Sites/astro-e3es/node_modules/sass/sass.dart.js:90500:19)
      at /Users/bryanpaul/Local Sites/astro-e3es/node_modules/sass/sass.dart.js:90592:48
      at _wrapJsFunctionForAsync_closure.$protected (/Users/bryanpaul/Local Sites/astro-e3es/node_modules/sass/sass.dart.js:5005:15)
      at _wrapJsFunctionForAsync_closure.call$2 (/Users/bryanpaul/Local Sites/astro-e3es/node_modules/sass/sass.dart.js:38746:12)
22:14:20 [ERROR] [sass] Undefined mixin.
     ╷
2854 │ ┌     @include responsive-up($breakpoint-md) {
2855 │ │       flex-direction: row;
2856 │ └     }
     ╵
  src/styles/mobile.scss 2854:5  @use
  src/styles/global.scss 1:1     root stylesheet
  Stack trace:
    at Object.wrapException (/Users/bryanpaul/Local Sites/astro-e3es/node_modules/sass/sass.dart.js:2337:47)
    [...] See full stack trace in the browser, or rerun with --verbose.
22:14:20 [ERROR] [sass] Undefined mixin.
     ╷
2854 │ ┌     @include responsive-up($breakpoint-md) {
2855 │ │       flex-direction: row;
2856 │ └     }
     ╵
  src/styles/mobile.scss 2854:5  @use
  src/styles/global.scss 1:1     root stylesheet
  Stack trace:
    at Object.wrapException (/Users/bryanpaul/Local Sites/astro-e3es/node_modules/sass/sass.dart.js:2337:47)
    [...] See full stack trace in the browser, or rerun with --verbose.
22:14:20 [ERROR] [sass] Undefined mixin.
     ╷
2854 │ ┌     @include responsive-up($breakpoint-md) {
2855 │ │       flex-direction: row;
2856 │ └     }
     ╵
  src/styles/mobile.scss 2854:5  @use
  src/styles/global.scss 1:1     root stylesheet
  Stack trace:
    at Object.wrapException (/Users/bryanpaul/Local Sites/astro-e3es/node_modules/sass/sass.dart.js:2337:47)
    [...] See full stack trace in the browser, or rerun with --verbose.
22:14:20 [ERROR] [sass] Undefined mixin.
     ╷
2854 │ ┌     @include responsive-up($breakpoint-md) {
2855 │ │       flex-direction: row;
2856 │ └     }
     ╵
  src/styles/mobile.scss 2854:5  @use
  src/styles/global.scss 1:1     root stylesheet
  Stack trace:
    at Object.wrapException (/Users/bryanpaul/Local Sites/astro-e3es/node_modules/sass/sass.dart.js:2337:47)
    [...] See full stack trace in the browser, or rerun with --verbose.
22:14:20 [ERROR] [sass] Undefined mixin.
     ╷
2854 │ ┌     @include responsive-up($breakpoint-md) {
2855 │ │       flex-direction: row;
2856 │ └     }
     ╵
  src/styles/mobile.scss 2854:5  @use
  src/styles/global.scss 1:1     root stylesheet
  Stack trace:
    at Object.wrapException (/Users/bryanpaul/Local Sites/astro-e3es/node_modules/sass/sass.dart.js:2337:47)
    [...] See full stack trace in the browser, or rerun with --verbose.
22:14:22 [watch] /src/styles/global.scss
22:14:22 [watch] /src/styles/global.scss
22:14:22 [ERROR] [sass] Undefined mixin.
     ╷
2854 │ ┌     @include responsive-up($breakpoint-md) {
2855 │ │       flex-direction: row;
2856 │ └     }
     ╵
  src/styles/mobile.scss 2854:5  @use
  src/styles/global.scss 1:1     root stylesheet
  Stack trace:
    at Object.wrapException (/Users/bryanpaul/Local Sites/astro-e3es/node_modules/sass/sass.dart.js:2337:47)
    [...] See full stack trace in the browser, or rerun with --verbose.
22:14:22 [ERROR] [sass] Undefined mixin.
     ╷
2854 │ ┌     @include responsive-up($breakpoint-md) {
2855 │ │       flex-direction: row;
2856 │ └     }
     ╵
  src/styles/mobile.scss 2854:5  @use
  src/styles/global.scss 1:1     root stylesheet
  Stack trace:
    at Object.wrapException (/Users/bryanpaul/Local Sites/astro-e3es/node_modules/sass/sass.dart.js:2337:47)
    [...] See full stack trace in the browser, or rerun with --verbose.
22:14:22 [ERROR] [sass] Undefined mixin.
     ╷
2854 │ ┌     @include responsive-up($breakpoint-md) {
2855 │ │       flex-direction: row;
2856 │ └     }
     ╵
  src/styles/mobile.scss 2854:5  @use
  src/styles/global.scss 1:1     root stylesheet
  Stack trace:
    at Object.wrapException (/Users/bryanpaul/Local Sites/astro-e3es/node_modules/sass/sass.dart.js:2337:47)
    [...] See full stack trace in the browser, or rerun with --verbose.
22:14:22 [ERROR] [sass] Undefined mixin.
     ╷
2854 │ ┌     @include responsive-up($breakpoint-md) {
2855 │ │       flex-direction: row;
2856 │ └     }
     ╵
  src/styles/mobile.scss 2854:5  @use
  src/styles/global.scss 1:1     root stylesheet
  Stack trace:
    at Object.wrapException (/Users/bryanpaul/Local Sites/astro-e3es/node_modules/sass/sass.dart.js:2337:47)
    [...] See full stack trace in the browser, or rerun with --verbose.
22:14:22 [ERROR] [sass] Undefined mixin.
     ╷
2854 │ ┌     @include responsive-up($breakpoint-md) {
2855 │ │       flex-direction: row;
2856 │ └     }
     ╵
  src/styles/mobile.scss 2854:5  @use
  src/styles/global.scss 1:1     root stylesheet
  Stack trace:
    at Object.wrapException (/Users/bryanpaul/Local Sites/astro-e3es/node_modules/sass/sass.dart.js:2337:47)
    [...] See full stack trace in the browser, or rerun with --verbose.
22:14:22 [ERROR] [sass] Undefined mixin.
     ╷
2854 │ ┌     @include responsive-up($breakpoint-md) {
2855 │ │       flex-direction: row;
2856 │ └     }
     ╵
  src/styles/mobile.scss 2854:5  @use
  src/styles/global.scss 1:1     root stylesheet
  Stack trace:
    at Object.wrapException (/Users/bryanpaul/Local Sites/astro-e3es/node_modules/sass/sass.dart.js:2337:47)
    [...] See full stack trace in the browser, or rerun with --verbose.
22:14:22 [ERROR] [sass] Undefined mixin.
     ╷
2854 │ ┌     @include responsive-up($breakpoint-md) {
2855 │ │       flex-direction: row;
2856 │ └     }
     ╵
  src/styles/mobile.scss 2854:5  @use
  src/styles/global.scss 1:1     root stylesheet
  Stack trace:
    at Object.wrapException (/Users/bryanpaul/Local Sites/astro-e3es/node_modules/sass/sass.dart.js:2337:47)
    [...] See full stack trace in the browser, or rerun with --verbose.
22:14:42 [watch] /src/styles/global.scss
22:14:42 [watch] /src/styles/global.scss
22:14:42 [ERROR] [sass] Undefined mixin.
     ╷
2854 │ ┌     @include responsive-up($breakpoint-md) {
2855 │ │       flex-direction: row;
2856 │ └     }
     ╵
  src/styles/mobile.scss 2854:5  @use
  src/styles/global.scss 1:1     root stylesheet
  Stack trace:
    at Object.wrapException (/Users/bryanpaul/Local Sites/astro-e3es/node_modules/sass/sass.dart.js:2337:47)
    [...] See full stack trace in the browser, or rerun with --verbose.
22:14:42 [ERROR] [sass] Undefined mixin.
     ╷
2854 │ ┌     @include responsive-up($breakpoint-md) {
2855 │ │       flex-direction: row;
2856 │ └     }
     ╵
  src/styles/mobile.scss 2854:5  @use
  src/styles/global.scss 1:1     root stylesheet
  Stack trace:
    at Object.wrapException (/Users/bryanpaul/Local Sites/astro-e3es/node_modules/sass/sass.dart.js:2337:47)
    [...] See full stack trace in the browser, or rerun with --verbose.
22:14:42 [ERROR] [sass] Undefined mixin.
     ╷
2854 │ ┌     @include responsive-up($breakpoint-md) {
2855 │ │       flex-direction: row;
2856 │ └     }
     ╵
  src/styles/mobile.scss 2854:5  @use
  src/styles/global.scss 1:1     root stylesheet
  Stack trace:
    at Object.wrapException (/Users/bryanpaul/Local Sites/astro-e3es/node_modules/sass/sass.dart.js:2337:47)
    [...] See full stack trace in the browser, or rerun with --verbose.
22:14:42 [ERROR] [sass] Undefined mixin.
     ╷
2854 │ ┌     @include responsive-up($breakpoint-md) {
2855 │ │       flex-direction: row;
2856 │ └     }
     ╵
  src/styles/mobile.scss 2854:5  @use
  src/styles/global.scss 1:1     root stylesheet
  Stack trace:
    at Object.wrapException (/Users/bryanpaul/Local Sites/astro-e3es/node_modules/sass/sass.dart.js:2337:47)
    [...] See full stack trace in the browser, or rerun with --verbose.
22:14:42 [ERROR] [sass] Undefined mixin.
     ╷
2854 │ ┌     @include responsive-up($breakpoint-md) {
2855 │ │       flex-direction: row;
2856 │ └     }
     ╵
  src/styles/mobile.scss 2854:5  @use
  src/styles/global.scss 1:1     root stylesheet
  Stack trace:
    at Object.wrapException (/Users/bryanpaul/Local Sites/astro-e3es/node_modules/sass/sass.dart.js:2337:47)
    [...] See full stack trace in the browser, or rerun with --verbose.
22:14:42 [ERROR] [sass] Undefined mixin.
     ╷
2854 │ ┌     @include responsive-up($breakpoint-md) {
2855 │ │       flex-direction: row;
2856 │ └     }
     ╵
  src/styles/mobile.scss 2854:5  @use
  src/styles/global.scss 1:1     root stylesheet
  Stack trace:
    at Object.wrapException (/Users/bryanpaul/Local Sites/astro-e3es/node_modules/sass/sass.dart.js:2337:47)
    [...] See full stack trace in the browser, or rerun with --verbose.
22:14:42 [ERROR] [sass] Undefined mixin.
     ╷
2854 │ ┌     @include responsive-up($breakpoint-md) {
2855 │ │       flex-direction: row;
2856 │ └     }
     ╵
  src/styles/mobile.scss 2854:5  @use
  src/styles/global.scss 1:1     root stylesheet
  Stack trace:
    at Object.wrapException (/Users/bryanpaul/Local Sites/astro-e3es/node_modules/sass/sass.dart.js:2337:47)
    [...] See full stack trace in the browser, or rerun with --verbose.
22:14:45 [ERROR] [sass] Undefined mixin.
     ╷
2854 │ ┌     @include responsive-up($breakpoint-md) {
2855 │ │       flex-direction: row;
2856 │ └     }
     ╵
  src/styles/mobile.scss 2854:5  @use
  src/styles/global.scss 1:1     root stylesheet
  Stack trace:
    at Object.wrapException (/Users/bryanpaul/Local Sites/astro-e3es/node_modules/sass/sass.dart.js:2337:47)
    [...] See full stack trace in the browser, or rerun with --verbose.
22:14:46 [ERROR] [sass] Undefined mixin.
     ╷
2854 │ ┌     @include responsive-up($breakpoint-md) {
2855 │ │       flex-direction: row;
2856 │ └     }
     ╵
  src/styles/mobile.scss 2854:5  @use
  src/styles/global.scss 1:1     root stylesheet
  Stack trace:
    at Object.wrapException (/Users/bryanpaul/Local Sites/astro-e3es/node_modules/sass/sass.dart.js:2337:47)
    [...] See full stack trace in the browser, or rerun with --verbose.
22:14:46 [ERROR] [sass] Undefined mixin.
     ╷
2854 │ ┌     @include responsive-up($breakpoint-md) {
2855 │ │       flex-direction: row;
2856 │ └     }
     ╵
  src/styles/mobile.scss 2854:5  @use
  src/styles/global.scss 1:1     root stylesheet
  Stack trace:
    at Object.wrapException (/Users/bryanpaul/Local Sites/astro-e3es/node_modules/sass/sass.dart.js:2337:47)
    [...] See full stack trace in the browser, or rerun with --verbose.
22:14:46 [ERROR] [sass] Undefined mixin.
     ╷
2854 │ ┌     @include responsive-up($breakpoint-md) {
2855 │ │       flex-direction: row;
2856 │ └     }
     ╵
  src/styles/mobile.scss 2854:5  @use
  src/styles/global.scss 1:1     root stylesheet
  Stack trace:
    at Object.wrapException (/Users/bryanpaul/Local Sites/astro-e3es/node_modules/sass/sass.dart.js:2337:47)
    [...] See full stack trace in the browser, or rerun with --verbose.
22:14:46 [ERROR] [sass] Undefined mixin.
     ╷
2854 │ ┌     @include responsive-up($breakpoint-md) {
2855 │ │       flex-direction: row;
2856 │ └     }
     ╵
  src/styles/mobile.scss 2854:5  @use
  src/styles/global.scss 1:1     root stylesheet
  Stack trace:
    at Object.wrapException (/Users/bryanpaul/Local Sites/astro-e3es/node_modules/sass/sass.dart.js:2337:47)
    [...] See full stack trace in the browser, or rerun with --verbose.
22:14:46 [ERROR] [sass] Undefined mixin.
     ╷
2854 │ ┌     @include responsive-up($breakpoint-md) {
2855 │ │       flex-direction: row;
2856 │ └     }
     ╵
  src/styles/mobile.scss 2854:5  @use
  src/styles/global.scss 1:1     root stylesheet
  Stack trace:
    at Object.wrapException (/Users/bryanpaul/Local Sites/astro-e3es/node_modules/sass/sass.dart.js:2337:47)
    [...] See full stack trace in the browser, or rerun with --verbose.
22:14:55 [ERROR] [sass] Undefined mixin.
     ╷
2854 │ ┌     @include responsive-up($breakpoint-md) {
2855 │ │       flex-direction: row;
2856 │ └     }
     ╵
  src/styles/mobile.scss 2854:5  @use
  src/styles/global.scss 1:1     root stylesheet
  Stack trace:
    at Object.wrapException (/Users/bryanpaul/Local Sites/astro-e3es/node_modules/sass/sass.dart.js:2337:47)
    [...] See full stack trace in the browser, or rerun with --verbose.
22:14:55 [ERROR] [sass] Undefined mixin.
     ╷
2854 │ ┌     @include responsive-up($breakpoint-md) {
2855 │ │       flex-direction: row;
2856 │ └     }
     ╵
  src/styles/mobile.scss 2854:5  @use
  src/styles/global.scss 1:1     root stylesheet
  Stack trace:
    at Object.wrapException (/Users/bryanpaul/Local Sites/astro-e3es/node_modules/sass/sass.dart.js:2337:47)
    [...] See full stack trace in the browser, or rerun with --verbose.
22:14:55 [ERROR] [sass] Undefined mixin.
     ╷
2854 │ ┌     @include responsive-up($breakpoint-md) {
2855 │ │       flex-direction: row;
2856 │ └     }
     ╵
  src/styles/mobile.scss 2854:5  @use
  src/styles/global.scss 1:1     root stylesheet
  Stack trace:
    at Object.wrapException (/Users/bryanpaul/Local Sites/astro-e3es/node_modules/sass/sass.dart.js:2337:47)
    [...] See full stack trace in the browser, or rerun with --verbose.
22:14:55 [ERROR] [sass] Undefined mixin.
     ╷
2854 │ ┌     @include responsive-up($breakpoint-md) {
2855 │ │       flex-direction: row;
2856 │ └     }
     ╵
  src/styles/mobile.scss 2854:5  @use
  src/styles/global.scss 1:1     root stylesheet
  Stack trace:
    at Object.wrapException (/Users/bryanpaul/Local Sites/astro-e3es/node_modules/sass/sass.dart.js:2337:47)
    [...] See full stack trace in the browser, or rerun with --verbose.
22:14:55 [ERROR] [sass] Undefined mixin.
     ╷
2854 │ ┌     @include responsive-up($breakpoint-md) {
2855 │ │       flex-direction: row;
2856 │ └     }
     ╵
  src/styles/mobile.scss 2854:5  @use
  src/styles/global.scss 1:1     root stylesheet
  Stack trace:
    at Object.wrapException (/Users/bryanpaul/Local Sites/astro-e3es/node_modules/sass/sass.dart.js:2337:47)
    [...] See full stack trace in the browser, or rerun with --verbose.
22:14:55 [ERROR] [sass] Undefined mixin.
     ╷
2854 │ ┌     @include responsive-up($breakpoint-md) {
2855 │ │       flex-direction: row;
2856 │ └     }
     ╵
  src/styles/mobile.scss 2854:5  @use
  src/styles/global.scss 1:1     root stylesheet
  Stack trace:
    at Object.wrapException (/Users/bryanpaul/Local Sites/astro-e3es/node_modules/sass/sass.dart.js:2337:47)
    [...] See full stack trace in the browser, or rerun with --verbose.
22:15:09 [watch] /src/styles/global.scss
22:15:09 [watch] /src/styles/global.scss
22:15:09 [ERROR] [sass] Undefined mixin.
     ╷
2866 │ ┌     @include responsive-up($breakpoint-md) {
2867 │ │       flex: 1;
2868 │ └     }
     ╵
  src/styles/mobile.scss 2866:5  @use
  src/styles/global.scss 1:1     root stylesheet
  Stack trace:
    at Object.wrapException (/Users/bryanpaul/Local Sites/astro-e3es/node_modules/sass/sass.dart.js:2337:47)
    [...] See full stack trace in the browser, or rerun with --verbose.
22:15:09 [ERROR] [sass] Undefined mixin.
     ╷
2866 │ ┌     @include responsive-up($breakpoint-md) {
2867 │ │       flex: 1;
2868 │ └     }
     ╵
  src/styles/mobile.scss 2866:5  @use
  src/styles/global.scss 1:1     root stylesheet
  Stack trace:
    at Object.wrapException (/Users/bryanpaul/Local Sites/astro-e3es/node_modules/sass/sass.dart.js:2337:47)
    [...] See full stack trace in the browser, or rerun with --verbose.
22:15:09 [ERROR] [sass] Undefined mixin.
     ╷
2866 │ ┌     @include responsive-up($breakpoint-md) {
2867 │ │       flex: 1;
2868 │ └     }
     ╵
  src/styles/mobile.scss 2866:5  @use
  src/styles/global.scss 1:1     root stylesheet
  Stack trace:
    at Object.wrapException (/Users/bryanpaul/Local Sites/astro-e3es/node_modules/sass/sass.dart.js:2337:47)
    [...] See full stack trace in the browser, or rerun with --verbose.
22:15:09 [ERROR] [sass] Undefined mixin.
     ╷
2866 │ ┌     @include responsive-up($breakpoint-md) {
2867 │ │       flex: 1;
2868 │ └     }
     ╵
  src/styles/mobile.scss 2866:5  @use
  src/styles/global.scss 1:1     root stylesheet
  Stack trace:
    at Object.wrapException (/Users/bryanpaul/Local Sites/astro-e3es/node_modules/sass/sass.dart.js:2337:47)
    [...] See full stack trace in the browser, or rerun with --verbose.
22:15:09 [ERROR] [sass] Undefined mixin.
     ╷
2866 │ ┌     @include responsive-up($breakpoint-md) {
2867 │ │       flex: 1;
2868 │ └     }
     ╵
  src/styles/mobile.scss 2866:5  @use
  src/styles/global.scss 1:1     root stylesheet
  Stack trace:
    at Object.wrapException (/Users/bryanpaul/Local Sites/astro-e3es/node_modules/sass/sass.dart.js:2337:47)
    [...] See full stack trace in the browser, or rerun with --verbose.
22:15:09 [ERROR] [sass] Undefined mixin.
     ╷
2866 │ ┌     @include responsive-up($breakpoint-md) {
2867 │ │       flex: 1;
2868 │ └     }
     ╵
  src/styles/mobile.scss 2866:5  @use
  src/styles/global.scss 1:1     root stylesheet
  Stack trace:
    at Object.wrapException (/Users/bryanpaul/Local Sites/astro-e3es/node_modules/sass/sass.dart.js:2337:47)
    [...] See full stack trace in the browser, or rerun with --verbose.
22:15:09 [ERROR] [sass] Undefined mixin.
     ╷
2866 │ ┌     @include responsive-up($breakpoint-md) {
2867 │ │       flex: 1;
2868 │ └     }
     ╵
  src/styles/mobile.scss 2866:5  @use
  src/styles/global.scss 1:1     root stylesheet
  Stack trace:
    at Object.wrapException (/Users/bryanpaul/Local Sites/astro-e3es/node_modules/sass/sass.dart.js:2337:47)
    [...] See full stack trace in the browser, or rerun with --verbose.
22:15:18 [ERROR] [sass] Undefined mixin.
     ╷
2866 │ ┌     @include responsive-up($breakpoint-md) {
2867 │ │       flex: 1;
2868 │ └     }
     ╵
  src/styles/mobile.scss 2866:5  @use
  src/styles/global.scss 1:1     root stylesheet
  Stack trace:
    at Object.wrapException (/Users/bryanpaul/Local Sites/astro-e3es/node_modules/sass/sass.dart.js:2337:47)
    [...] See full stack trace in the browser, or rerun with --verbose.
22:15:18 [ERROR] [sass] Undefined mixin.
     ╷
2866 │ ┌     @include responsive-up($breakpoint-md) {
2867 │ │       flex: 1;
2868 │ └     }
     ╵
  src/styles/mobile.scss 2866:5  @use
  src/styles/global.scss 1:1     root stylesheet
  Stack trace:
    at Object.wrapException (/Users/bryanpaul/Local Sites/astro-e3es/node_modules/sass/sass.dart.js:2337:47)
    [...] See full stack trace in the browser, or rerun with --verbose.
22:15:18 [ERROR] [sass] Undefined mixin.
     ╷
2866 │ ┌     @include responsive-up($breakpoint-md) {
2867 │ │       flex: 1;
2868 │ └     }
     ╵
  src/styles/mobile.scss 2866:5  @use
  src/styles/global.scss 1:1     root stylesheet
  Stack trace:
    at Object.wrapException (/Users/bryanpaul/Local Sites/astro-e3es/node_modules/sass/sass.dart.js:2337:47)
    [...] See full stack trace in the browser, or rerun with --verbose.
22:15:18 [ERROR] [sass] Undefined mixin.
     ╷
2866 │ ┌     @include responsive-up($breakpoint-md) {
2867 │ │       flex: 1;
2868 │ └     }
     ╵
  src/styles/mobile.scss 2866:5  @use
  src/styles/global.scss 1:1     root stylesheet
  Stack trace:
    at Object.wrapException (/Users/bryanpaul/Local Sites/astro-e3es/node_modules/sass/sass.dart.js:2337:47)
    [...] See full stack trace in the browser, or rerun with --verbose.
22:15:18 [ERROR] [sass] Undefined mixin.
     ╷
2866 │ ┌     @include responsive-up($breakpoint-md) {
2867 │ │       flex: 1;
2868 │ └     }
     ╵
  src/styles/mobile.scss 2866:5  @use
  src/styles/global.scss 1:1     root stylesheet
  Stack trace:
    at Object.wrapException (/Users/bryanpaul/Local Sites/astro-e3es/node_modules/sass/sass.dart.js:2337:47)
    [...] See full stack trace in the browser, or rerun with --verbose.
22:15:18 [ERROR] [sass] Undefined mixin.
     ╷
2866 │ ┌     @include responsive-up($breakpoint-md) {
2867 │ │       flex: 1;
2868 │ └     }
     ╵
  src/styles/mobile.scss 2866:5  @use
  src/styles/global.scss 1:1     root stylesheet
  Stack trace:
    at Object.wrapException (/Users/bryanpaul/Local Sites/astro-e3es/node_modules/sass/sass.dart.js:2337:47)
    [...] See full stack trace in the browser, or rerun with --verbose.
22:15:39 [ERROR] [sass] Undefined mixin.
     ╷
2866 │ ┌     @include responsive-up($breakpoint-md) {
2867 │ │       flex: 1;
2868 │ └     }
     ╵
  src/styles/mobile.scss 2866:5  @use
  src/styles/global.scss 1:1     root stylesheet
  Stack trace:
    at Object.wrapException (/Users/bryanpaul/Local Sites/astro-e3es/node_modules/sass/sass.dart.js:2337:47)
    [...] See full stack trace in the browser, or rerun with --verbose.
22:15:39 [ERROR] [sass] Undefined mixin.
     ╷
2866 │ ┌     @include responsive-up($breakpoint-md) {
2867 │ │       flex: 1;
2868 │ └     }
     ╵
  src/styles/mobile.scss 2866:5  @use
  src/styles/global.scss 1:1     root stylesheet
  Stack trace:
    at Object.wrapException (/Users/bryanpaul/Local Sites/astro-e3es/node_modules/sass/sass.dart.js:2337:47)
    [...] See full stack trace in the browser, or rerun with --verbose.
22:15:39 [ERROR] [sass] Undefined mixin.
     ╷
2866 │ ┌     @include responsive-up($breakpoint-md) {
2867 │ │       flex: 1;
2868 │ └     }
     ╵
  src/styles/mobile.scss 2866:5  @use
  src/styles/global.scss 1:1     root stylesheet
  Stack trace:
    at Object.wrapException (/Users/bryanpaul/Local Sites/astro-e3es/node_modules/sass/sass.dart.js:2337:47)
    [...] See full stack trace in the browser, or rerun with --verbose.
22:15:39 [ERROR] [sass] Undefined mixin.
     ╷
2866 │ ┌     @include responsive-up($breakpoint-md) {
2867 │ │       flex: 1;
2868 │ └     }
     ╵
  src/styles/mobile.scss 2866:5  @use
  src/styles/global.scss 1:1     root stylesheet
  Stack trace:
    at Object.wrapException (/Users/bryanpaul/Local Sites/astro-e3es/node_modules/sass/sass.dart.js:2337:47)
    [...] See full stack trace in the browser, or rerun with --verbose.
22:15:39 [ERROR] [sass] Undefined mixin.
     ╷
2866 │ ┌     @include responsive-up($breakpoint-md) {
2867 │ │       flex: 1;
2868 │ └     }
     ╵
  src/styles/mobile.scss 2866:5  @use
  src/styles/global.scss 1:1     root stylesheet
  Stack trace:
    at Object.wrapException (/Users/bryanpaul/Local Sites/astro-e3es/node_modules/sass/sass.dart.js:2337:47)
    [...] See full stack trace in the browser, or rerun with --verbose.
22:15:39 [ERROR] [sass] Undefined mixin.
     ╷
2866 │ ┌     @include responsive-up($breakpoint-md) {
2867 │ │       flex: 1;
2868 │ └     }
     ╵
  src/styles/mobile.scss 2866:5  @use
  src/styles/global.scss 1:1     root stylesheet
  Stack trace:
    at Object.wrapException (/Users/bryanpaul/Local Sites/astro-e3es/node_modules/sass/sass.dart.js:2337:47)
    [...] See full stack trace in the browser, or rerun with --verbose.
22:15:46 [watch] /src/styles/global.scss
22:15:46 [watch] /src/styles/global.scss
22:15:46 [200] /our-approach/design-build 39ms
22:15:46 [200] /services/water-wastewater-solutions 2ms
22:15:46 [200] /about-us/contact/ 4ms
22:15:46 [200] /services/hvac/ 7ms
22:15:46 [200] /services/hvac/ 3ms
22:15:47 [200] /services/hvac/ 5ms
22:15:47 [200] /about-us/contact/ 3ms
22:15:47 [200] /clients/boyd-isd/ 33ms
22:15:48 [200] /clients/boyd-isd/ 2ms
22:15:52 [WARN] [router] A `getStaticPaths()` route pattern was matched, but no matching static path was found for requested path `/home/our-approach/`.

Possible dynamic routes being matched: src/pages/[...slug].astro.
22:15:52 [404] /home/our-approach/ 1ms
22:15:58 [200] /our-approach/design-build 26ms
22:15:58 [200] /services/water-wastewater-solutions 2ms
22:15:58 [200] /services/hvac/ 2ms
22:15:58 [200] /services/hvac/ 2ms
22:15:59 [200] /about-us/contact/ 2ms
22:15:59 [200] /clients/boyd-isd/ 25ms
22:16:00 [WARN] [router] Blocked cross-origin request to /home/our-approach/?wp_edit_token=PwWeqmhbuozBKbdyYvz6KepKJyWL99Yj (Sec-Fetch-Site: cross-site, Sec-Fetch-Mode: no-cors). Cross-origin subresource requests are not allowed on the dev server for security reasons.
22:16:01 [WARN] [router] A `getStaticPaths()` route pattern was matched, but no matching static path was found for requested path `/home/our-approach/`.

Possible dynamic routes being matched: src/pages/[...slug].astro.
22:16:01 [404] /home/our-approach/ 0ms
22:16:07 [200] /our-approach/ 2ms
22:16:19 [watch] /src/styles/global.scss
22:16:19 [watch] /src/styles/global.scss
22:18:13 [ERROR] TypeError: (0 , __vite_ssr_import_3__.optimizeHtmlImages) is not a function
    at eval (eval at runInlinedModule (file:///Users/bryanpaul/Local%20Sites/astro-e3es/node_modules/vite/dist/node/module-runner.js:913:9), <anonymous>:71:72)
    at [...slug] (eval at runInlinedModule (file:///Users/bryanpaul/Local%20Sites/astro-e3es/node_modules/vite/dist/node/module-runner.js:913:9), <anonymous>:20:12)
    at callComponentAsTemplateResultOrResponse (eval at runInlinedModule (file:///Users/bryanpaul/Local%20Sites/astro-e3es/node_modules/vite/dist/node/module-runner.js:913:9), <anonymous>:105:31)
    at renderToAsyncIterable (eval at runInlinedModule (file:///Users/bryanpaul/Local%20Sites/astro-e3es/node_modules/vite/dist/node/module-runner.js:913:9), <anonymous>:137:32)
    at renderPage (eval at runInlinedModule (file:///Users/bryanpaul/Local%20Sites/astro-e3es/node_modules/vite/dist/node/module-runner.js:913:9), <anonymous>:85:77)
    at PagesHandler.handle (eval at runInlinedModule (file:///Users/bryanpaul/Local%20Sites/astro-e3es/node_modules/vite/dist/node/module-runner.js:913:9), <anonymous>:38:64)
    at async callMiddleware (eval at runInlinedModule (file:///Users/bryanpaul/Local%20Sites/astro-e3es/node_modules/vite/dist/node/module-runner.js:913:9), <anonymous>:15:10)
    at async AstroMiddleware.handle (eval at runInlinedModule (file:///Users/bryanpaul/Local%20Sites/astro-e3es/node_modules/vite/dist/node/module-runner.js:913:9), <anonymous>:46:18)
    at async AstroHandler.render (eval at runInlinedModule (file:///Users/bryanpaul/Local%20Sites/astro-e3es/node_modules/vite/dist/node/module-runner.js:913:9), <anonymous>:127:20)
    at async AstroServerApp.render (eval at runInlinedModule (file:///Users/bryanpaul/Local%20Sites/astro-e3es/node_modules/vite/dist/node/module-runner.js:913:9), <anonymous>:288:20)
22:18:13 [ERROR] (0 , __vite_ssr_import_3__.optimizeHtmlImages) is not a function
  Stack trace:
    at eval (eval at runInlinedModule (file:///Users/bryanpaul/Local%20Sites/astro-e3es/node_modules/vite/dist/node/module-runner.js:913:9), <anonymous>:71:72)
    [...] See full stack trace in the browser, or rerun with --verbose.
22:18:13 [ERROR] TypeError: (0 , __vite_ssr_import_3__.optimizeHtmlImages) is not a function
    at eval (eval at runInlinedModule (file:///Users/bryanpaul/Local%20Sites/astro-e3es/node_modules/vite/dist/node/module-runner.js:913:9), <anonymous>:71:72)
    at [...slug] (eval at runInlinedModule (file:///Users/bryanpaul/Local%20Sites/astro-e3es/node_modules/vite/dist/node/module-runner.js:913:9), <anonymous>:20:12)
    at callComponentAsTemplateResultOrResponse (eval at runInlinedModule (file:///Users/bryanpaul/Local%20Sites/astro-e3es/node_modules/vite/dist/node/module-runner.js:913:9), <anonymous>:105:31)
    at renderToAsyncIterable (eval at runInlinedModule (file:///Users/bryanpaul/Local%20Sites/astro-e3es/node_modules/vite/dist/node/module-runner.js:913:9), <anonymous>:137:32)
    at renderPage (eval at runInlinedModule (file:///Users/bryanpaul/Local%20Sites/astro-e3es/node_modules/vite/dist/node/module-runner.js:913:9), <anonymous>:85:77)
    at PagesHandler.handle (eval at runInlinedModule (file:///Users/bryanpaul/Local%20Sites/astro-e3es/node_modules/vite/dist/node/module-runner.js:913:9), <anonymous>:38:64)
    at process.processTicksAndRejections (node:internal/process/task_queues:104:5)
    at async callMiddleware (eval at runInlinedModule (file:///Users/bryanpaul/Local%20Sites/astro-e3es/node_modules/vite/dist/node/module-runner.js:913:9), <anonymous>:15:10)
    at async AstroMiddleware.handle (eval at runInlinedModule (file:///Users/bryanpaul/Local%20Sites/astro-e3es/node_modules/vite/dist/node/module-runner.js:913:9), <anonymous>:46:18)
    at async AstroHandler.render (eval at runInlinedModule (file:///Users/bryanpaul/Local%20Sites/astro-e3es/node_modules/vite/dist/node/module-runner.js:913:9), <anonymous>:127:20)
22:18:13 [ERROR] (0 , __vite_ssr_import_3__.optimizeHtmlImages) is not a function
  Stack trace:
    at eval (eval at runInlinedModule (file:///Users/bryanpaul/Local%20Sites/astro-e3es/node_modules/vite/dist/node/module-runner.js:913:9), <anonymous>:71:72)
    [...] See full stack trace in the browser, or rerun with --verbose.
22:18:13 [ERROR] TypeError: (0 , __vite_ssr_import_3__.optimizeHtmlImages) is not a function
    at eval (eval at runInlinedModule (file:///Users/bryanpaul/Local%20Sites/astro-e3es/node_modules/vite/dist/node/module-runner.js:913:9), <anonymous>:71:72)
    at [...slug] (eval at runInlinedModule (file:///Users/bryanpaul/Local%20Sites/astro-e3es/node_modules/vite/dist/node/module-runner.js:913:9), <anonymous>:20:12)
    at callComponentAsTemplateResultOrResponse (eval at runInlinedModule (file:///Users/bryanpaul/Local%20Sites/astro-e3es/node_modules/vite/dist/node/module-runner.js:913:9), <anonymous>:105:31)
    at renderToAsyncIterable (eval at runInlinedModule (file:///Users/bryanpaul/Local%20Sites/astro-e3es/node_modules/vite/dist/node/module-runner.js:913:9), <anonymous>:137:32)
    at renderPage (eval at runInlinedModule (file:///Users/bryanpaul/Local%20Sites/astro-e3es/node_modules/vite/dist/node/module-runner.js:913:9), <anonymous>:85:77)
    at PagesHandler.handle (eval at runInlinedModule (file:///Users/bryanpaul/Local%20Sites/astro-e3es/node_modules/vite/dist/node/module-runner.js:913:9), <anonymous>:38:64)
    at process.processTicksAndRejections (node:internal/process/task_queues:104:5)
    at async callMiddleware (eval at runInlinedModule (file:///Users/bryanpaul/Local%20Sites/astro-e3es/node_modules/vite/dist/node/module-runner.js:913:9), <anonymous>:15:10)
    at async AstroMiddleware.handle (eval at runInlinedModule (file:///Users/bryanpaul/Local%20Sites/astro-e3es/node_modules/vite/dist/node/module-runner.js:913:9), <anonymous>:46:18)
    at async AstroHandler.render (eval at runInlinedModule (file:///Users/bryanpaul/Local%20Sites/astro-e3es/node_modules/vite/dist/node/module-runner.js:913:9), <anonymous>:127:20)
22:18:13 [ERROR] (0 , __vite_ssr_import_3__.optimizeHtmlImages) is not a function
  Stack trace:
    at eval (eval at runInlinedModule (file:///Users/bryanpaul/Local%20Sites/astro-e3es/node_modules/vite/dist/node/module-runner.js:913:9), <anonymous>:71:72)
    [...] See full stack trace in the browser, or rerun with --verbose.
22:18:13 [ERROR] TypeError: (0 , __vite_ssr_import_3__.optimizeHtmlImages) is not a function
    at eval (eval at runInlinedModule (file:///Users/bryanpaul/Local%20Sites/astro-e3es/node_modules/vite/dist/node/module-runner.js:913:9), <anonymous>:71:72)
    at [...slug] (eval at runInlinedModule (file:///Users/bryanpaul/Local%20Sites/astro-e3es/node_modules/vite/dist/node/module-runner.js:913:9), <anonymous>:20:12)
    at callComponentAsTemplateResultOrResponse (eval at runInlinedModule (file:///Users/bryanpaul/Local%20Sites/astro-e3es/node_modules/vite/dist/node/module-runner.js:913:9), <anonymous>:105:31)
    at renderToAsyncIterable (eval at runInlinedModule (file:///Users/bryanpaul/Local%20Sites/astro-e3es/node_modules/vite/dist/node/module-runner.js:913:9), <anonymous>:137:32)
    at renderPage (eval at runInlinedModule (file:///Users/bryanpaul/Local%20Sites/astro-e3es/node_modules/vite/dist/node/module-runner.js:913:9), <anonymous>:85:77)
    at PagesHandler.handle (eval at runInlinedModule (file:///Users/bryanpaul/Local%20Sites/astro-e3es/node_modules/vite/dist/node/module-runner.js:913:9), <anonymous>:38:64)
    at process.processTicksAndRejections (node:internal/process/task_queues:104:5)
    at async callMiddleware (eval at runInlinedModule (file:///Users/bryanpaul/Local%20Sites/astro-e3es/node_modules/vite/dist/node/module-runner.js:913:9), <anonymous>:15:10)
    at async AstroMiddleware.handle (eval at runInlinedModule (file:///Users/bryanpaul/Local%20Sites/astro-e3es/node_modules/vite/dist/node/module-runner.js:913:9), <anonymous>:46:18)
    at async AstroHandler.render (eval at runInlinedModule (file:///Users/bryanpaul/Local%20Sites/astro-e3es/node_modules/vite/dist/node/module-runner.js:913:9), <anonymous>:127:20)
22:18:13 [ERROR] (0 , __vite_ssr_import_3__.optimizeHtmlImages) is not a function
  Stack trace:
    at eval (eval at runInlinedModule (file:///Users/bryanpaul/Local%20Sites/astro-e3es/node_modules/vite/dist/node/module-runner.js:913:9), <anonymous>:71:72)
    [...] See full stack trace in the browser, or rerun with --verbose.
22:18:13 [ERROR] TypeError: (0 , __vite_ssr_import_3__.optimizeHtmlImages) is not a function
    at eval (eval at runInlinedModule (file:///Users/bryanpaul/Local%20Sites/astro-e3es/node_modules/vite/dist/node/module-runner.js:913:9), <anonymous>:71:72)
    at [...slug] (eval at runInlinedModule (file:///Users/bryanpaul/Local%20Sites/astro-e3es/node_modules/vite/dist/node/module-runner.js:913:9), <anonymous>:20:12)
    at callComponentAsTemplateResultOrResponse (eval at runInlinedModule (file:///Users/bryanpaul/Local%20Sites/astro-e3es/node_modules/vite/dist/node/module-runner.js:913:9), <anonymous>:105:31)
    at renderToAsyncIterable (eval at runInlinedModule (file:///Users/bryanpaul/Local%20Sites/astro-e3es/node_modules/vite/dist/node/module-runner.js:913:9), <anonymous>:137:32)
    at renderPage (eval at runInlinedModule (file:///Users/bryanpaul/Local%20Sites/astro-e3es/node_modules/vite/dist/node/module-runner.js:913:9), <anonymous>:85:77)
    at PagesHandler.handle (eval at runInlinedModule (file:///Users/bryanpaul/Local%20Sites/astro-e3es/node_modules/vite/dist/node/module-runner.js:913:9), <anonymous>:38:64)
    at process.processTicksAndRejections (node:internal/process/task_queues:104:5)
    at async callMiddleware (eval at runInlinedModule (file:///Users/bryanpaul/Local%20Sites/astro-e3es/node_modules/vite/dist/node/module-runner.js:913:9), <anonymous>:15:10)
    at async AstroMiddleware.handle (eval at runInlinedModule (file:///Users/bryanpaul/Local%20Sites/astro-e3es/node_modules/vite/dist/node/module-runner.js:913:9), <anonymous>:46:18)
    at async AstroHandler.render (eval at runInlinedModule (file:///Users/bryanpaul/Local%20Sites/astro-e3es/node_modules/vite/dist/node/module-runner.js:913:9), <anonymous>:127:20)
22:18:13 [ERROR] (0 , __vite_ssr_import_3__.optimizeHtmlImages) is not a function
  Stack trace:
    at eval (eval at runInlinedModule (file:///Users/bryanpaul/Local%20Sites/astro-e3es/node_modules/vite/dist/node/module-runner.js:913:9), <anonymous>:71:72)
    [...] See full stack trace in the browser, or rerun with --verbose.
22:18:13 [ERROR] TypeError: (0 , __vite_ssr_import_3__.optimizeHtmlImages) is not a function
    at eval (eval at runInlinedModule (file:///Users/bryanpaul/Local%20Sites/astro-e3es/node_modules/vite/dist/node/module-runner.js:913:9), <anonymous>:71:72)
    at [...slug] (eval at runInlinedModule (file:///Users/bryanpaul/Local%20Sites/astro-e3es/node_modules/vite/dist/node/module-runner.js:913:9), <anonymous>:20:12)
    at callComponentAsTemplateResultOrResponse (eval at runInlinedModule (file:///Users/bryanpaul/Local%20Sites/astro-e3es/node_modules/vite/dist/node/module-runner.js:913:9), <anonymous>:105:31)
    at renderToAsyncIterable (eval at runInlinedModule (file:///Users/bryanpaul/Local%20Sites/astro-e3es/node_modules/vite/dist/node/module-runner.js:913:9), <anonymous>:137:32)
    at renderPage (eval at runInlinedModule (file:///Users/bryanpaul/Local%20Sites/astro-e3es/node_modules/vite/dist/node/module-runner.js:913:9), <anonymous>:85:77)
    at PagesHandler.handle (eval at runInlinedModule (file:///Users/bryanpaul/Local%20Sites/astro-e3es/node_modules/vite/dist/node/module-runner.js:913:9), <anonymous>:38:64)
    at process.processTicksAndRejections (node:internal/process/task_queues:104:5)
    at async callMiddleware (eval at runInlinedModule (file:///Users/bryanpaul/Local%20Sites/astro-e3es/node_modules/vite/dist/node/module-runner.js:913:9), <anonymous>:15:10)
    at async AstroMiddleware.handle (eval at runInlinedModule (file:///Users/bryanpaul/Local%20Sites/astro-e3es/node_modules/vite/dist/node/module-runner.js:913:9), <anonymous>:46:18)
    at async AstroHandler.render (eval at runInlinedModule (file:///Users/bryanpaul/Local%20Sites/astro-e3es/node_modules/vite/dist/node/module-runner.js:913:9), <anonymous>:127:20)
22:18:13 [ERROR] (0 , __vite_ssr_import_3__.optimizeHtmlImages) is not a function
  Stack trace:
    at eval (eval at runInlinedModule (file:///Users/bryanpaul/Local%20Sites/astro-e3es/node_modules/vite/dist/node/module-runner.js:913:9), <anonymous>:71:72)
    [...] See full stack trace in the browser, or rerun with --verbose.
22:18:14 [ERROR] TypeError: (0 , __vite_ssr_import_3__.optimizeHtmlImages) is not a function
    at eval (eval at runInlinedModule (file:///Users/bryanpaul/Local%20Sites/astro-e3es/node_modules/vite/dist/node/module-runner.js:913:9), <anonymous>:55:72)
    at [slug] (eval at runInlinedModule (file:///Users/bryanpaul/Local%20Sites/astro-e3es/node_modules/vite/dist/node/module-runner.js:913:9), <anonymous>:20:12)
    at callComponentAsTemplateResultOrResponse (eval at runInlinedModule (file:///Users/bryanpaul/Local%20Sites/astro-e3es/node_modules/vite/dist/node/module-runner.js:913:9), <anonymous>:105:31)
    at renderToAsyncIterable (eval at runInlinedModule (file:///Users/bryanpaul/Local%20Sites/astro-e3es/node_modules/vite/dist/node/module-runner.js:913:9), <anonymous>:137:32)
    at renderPage (eval at runInlinedModule (file:///Users/bryanpaul/Local%20Sites/astro-e3es/node_modules/vite/dist/node/module-runner.js:913:9), <anonymous>:85:77)
    at PagesHandler.handle (eval at runInlinedModule (file:///Users/bryanpaul/Local%20Sites/astro-e3es/node_modules/vite/dist/node/module-runner.js:913:9), <anonymous>:38:64)
    at async callMiddleware (eval at runInlinedModule (file:///Users/bryanpaul/Local%20Sites/astro-e3es/node_modules/vite/dist/node/module-runner.js:913:9), <anonymous>:15:10)
    at async AstroMiddleware.handle (eval at runInlinedModule (file:///Users/bryanpaul/Local%20Sites/astro-e3es/node_modules/vite/dist/node/module-runner.js:913:9), <anonymous>:46:18)
    at async AstroHandler.render (eval at runInlinedModule (file:///Users/bryanpaul/Local%20Sites/astro-e3es/node_modules/vite/dist/node/module-runner.js:913:9), <anonymous>:127:20)
    at async AstroServerApp.render (eval at runInlinedModule (file:///Users/bryanpaul/Local%20Sites/astro-e3es/node_modules/vite/dist/node/module-runner.js:913:9), <anonymous>:288:20)
22:18:14 [ERROR] (0 , __vite_ssr_import_3__.optimizeHtmlImages) is not a function
  Stack trace:
    at eval (eval at runInlinedModule (file:///Users/bryanpaul/Local%20Sites/astro-e3es/node_modules/vite/dist/node/module-runner.js:913:9), <anonymous>:55:72)
    [...] See full stack trace in the browser, or rerun with --verbose.
22:18:18 [watch] /src/pages/clients/[slug].astro?astro&type=style&index=0&lang.css
22:18:18 [ERROR] TypeError: (0 , __vite_ssr_import_3__.optimizeHtmlImages) is not a function
    at eval (eval at runInlinedModule (file:///Users/bryanpaul/Local%20Sites/astro-e3es/node_modules/vite/dist/node/module-runner.js:913:9), <anonymous>:71:72)
    at [...slug] (eval at runInlinedModule (file:///Users/bryanpaul/Local%20Sites/astro-e3es/node_modules/vite/dist/node/module-runner.js:913:9), <anonymous>:20:12)
    at callComponentAsTemplateResultOrResponse (eval at runInlinedModule (file:///Users/bryanpaul/Local%20Sites/astro-e3es/node_modules/vite/dist/node/module-runner.js:913:9), <anonymous>:105:31)
    at renderToAsyncIterable (eval at runInlinedModule (file:///Users/bryanpaul/Local%20Sites/astro-e3es/node_modules/vite/dist/node/module-runner.js:913:9), <anonymous>:137:32)
    at renderPage (eval at runInlinedModule (file:///Users/bryanpaul/Local%20Sites/astro-e3es/node_modules/vite/dist/node/module-runner.js:913:9), <anonymous>:85:77)
    at PagesHandler.handle (eval at runInlinedModule (file:///Users/bryanpaul/Local%20Sites/astro-e3es/node_modules/vite/dist/node/module-runner.js:913:9), <anonymous>:38:64)
    at async callMiddleware (eval at runInlinedModule (file:///Users/bryanpaul/Local%20Sites/astro-e3es/node_modules/vite/dist/node/module-runner.js:913:9), <anonymous>:15:10)
    at async AstroMiddleware.handle (eval at runInlinedModule (file:///Users/bryanpaul/Local%20Sites/astro-e3es/node_modules/vite/dist/node/module-runner.js:913:9), <anonymous>:46:18)
    at async AstroHandler.render (eval at runInlinedModule (file:///Users/bryanpaul/Local%20Sites/astro-e3es/node_modules/vite/dist/node/module-runner.js:913:9), <anonymous>:127:20)
    at async AstroServerApp.render (eval at runInlinedModule (file:///Users/bryanpaul/Local%20Sites/astro-e3es/node_modules/vite/dist/node/module-runner.js:913:9), <anonymous>:288:20)
22:18:18 [ERROR] TypeError: (0 , __vite_ssr_import_3__.optimizeHtmlImages) is not a function
    at eval (eval at runInlinedModule (file:///Users/bryanpaul/Local%20Sites/astro-e3es/node_modules/vite/dist/node/module-runner.js:913:9), <anonymous>:71:72)
    at [...slug] (eval at runInlinedModule (file:///Users/bryanpaul/Local%20Sites/astro-e3es/node_modules/vite/dist/node/module-runner.js:913:9), <anonymous>:20:12)
    at callComponentAsTemplateResultOrResponse (eval at runInlinedModule (file:///Users/bryanpaul/Local%20Sites/astro-e3es/node_modules/vite/dist/node/module-runner.js:913:9), <anonymous>:105:31)
    at renderToAsyncIterable (eval at runInlinedModule (file:///Users/bryanpaul/Local%20Sites/astro-e3es/node_modules/vite/dist/node/module-runner.js:913:9), <anonymous>:137:32)
    at renderPage (eval at runInlinedModule (file:///Users/bryanpaul/Local%20Sites/astro-e3es/node_modules/vite/dist/node/module-runner.js:913:9), <anonymous>:85:77)
    at PagesHandler.handle (eval at runInlinedModule (file:///Users/bryanpaul/Local%20Sites/astro-e3es/node_modules/vite/dist/node/module-runner.js:913:9), <anonymous>:38:64)
    at async callMiddleware (eval at runInlinedModule (file:///Users/bryanpaul/Local%20Sites/astro-e3es/node_modules/vite/dist/node/module-runner.js:913:9), <anonymous>:15:10)
    at async AstroMiddleware.handle (eval at runInlinedModule (file:///Users/bryanpaul/Local%20Sites/astro-e3es/node_modules/vite/dist/node/module-runner.js:913:9), <anonymous>:46:18)
    at async AstroHandler.render (eval at runInlinedModule (file:///Users/bryanpaul/Local%20Sites/astro-e3es/node_modules/vite/dist/node/module-runner.js:913:9), <anonymous>:127:20)
    at async AstroServerApp.render (eval at runInlinedModule (file:///Users/bryanpaul/Local%20Sites/astro-e3es/node_modules/vite/dist/node/module-runner.js:913:9), <anonymous>:288:20)
22:18:18 [ERROR] TypeError: (0 , __vite_ssr_import_3__.optimizeHtmlImages) is not a function
    at eval (eval at runInlinedModule (file:///Users/bryanpaul/Local%20Sites/astro-e3es/node_modules/vite/dist/node/module-runner.js:913:9), <anonymous>:71:72)
    at [...slug] (eval at runInlinedModule (file:///Users/bryanpaul/Local%20Sites/astro-e3es/node_modules/vite/dist/node/module-runner.js:913:9), <anonymous>:20:12)
    at callComponentAsTemplateResultOrResponse (eval at runInlinedModule (file:///Users/bryanpaul/Local%20Sites/astro-e3es/node_modules/vite/dist/node/module-runner.js:913:9), <anonymous>:105:31)
    at renderToAsyncIterable (eval at runInlinedModule (file:///Users/bryanpaul/Local%20Sites/astro-e3es/node_modules/vite/dist/node/module-runner.js:913:9), <anonymous>:137:32)
    at renderPage (eval at runInlinedModule (file:///Users/bryanpaul/Local%20Sites/astro-e3es/node_modules/vite/dist/node/module-runner.js:913:9), <anonymous>:85:77)
    at PagesHandler.handle (eval at runInlinedModule (file:///Users/bryanpaul/Local%20Sites/astro-e3es/node_modules/vite/dist/node/module-runner.js:913:9), <anonymous>:38:64)
    at async callMiddleware (eval at runInlinedModule (file:///Users/bryanpaul/Local%20Sites/astro-e3es/node_modules/vite/dist/node/module-runner.js:913:9), <anonymous>:15:10)
    at async AstroMiddleware.handle (eval at runInlinedModule (file:///Users/bryanpaul/Local%20Sites/astro-e3es/node_modules/vite/dist/node/module-runner.js:913:9), <anonymous>:46:18)
    at async AstroHandler.render (eval at runInlinedModule (file:///Users/bryanpaul/Local%20Sites/astro-e3es/node_modules/vite/dist/node/module-runner.js:913:9), <anonymous>:127:20)
    at async AstroServerApp.render (eval at runInlinedModule (file:///Users/bryanpaul/Local%20Sites/astro-e3es/node_modules/vite/dist/node/module-runner.js:913:9), <anonymous>:288:20)
22:18:18 [ERROR] TypeError: (0 , __vite_ssr_import_3__.optimizeHtmlImages) is not a function
    at eval (eval at runInlinedModule (file:///Users/bryanpaul/Local%20Sites/astro-e3es/node_modules/vite/dist/node/module-runner.js:913:9), <anonymous>:71:72)
    at [...slug] (eval at runInlinedModule (file:///Users/bryanpaul/Local%20Sites/astro-e3es/node_modules/vite/dist/node/module-runner.js:913:9), <anonymous>:20:12)
    at callComponentAsTemplateResultOrResponse (eval at runInlinedModule (file:///Users/bryanpaul/Local%20Sites/astro-e3es/node_modules/vite/dist/node/module-runner.js:913:9), <anonymous>:105:31)
    at renderToAsyncIterable (eval at runInlinedModule (file:///Users/bryanpaul/Local%20Sites/astro-e3es/node_modules/vite/dist/node/module-runner.js:913:9), <anonymous>:137:32)
    at renderPage (eval at runInlinedModule (file:///Users/bryanpaul/Local%20Sites/astro-e3es/node_modules/vite/dist/node/module-runner.js:913:9), <anonymous>:85:77)
    at PagesHandler.handle (eval at runInlinedModule (file:///Users/bryanpaul/Local%20Sites/astro-e3es/node_modules/vite/dist/node/module-runner.js:913:9), <anonymous>:38:64)
    at async callMiddleware (eval at runInlinedModule (file:///Users/bryanpaul/Local%20Sites/astro-e3es/node_modules/vite/dist/node/module-runner.js:913:9), <anonymous>:15:10)
    at async AstroMiddleware.handle (eval at runInlinedModule (file:///Users/bryanpaul/Local%20Sites/astro-e3es/node_modules/vite/dist/node/module-runner.js:913:9), <anonymous>:46:18)
    at async AstroHandler.render (eval at runInlinedModule (file:///Users/bryanpaul/Local%20Sites/astro-e3es/node_modules/vite/dist/node/module-runner.js:913:9), <anonymous>:127:20)
    at async AstroServerApp.render (eval at runInlinedModule (file:///Users/bryanpaul/Local%20Sites/astro-e3es/node_modules/vite/dist/node/module-runner.js:913:9), <anonymous>:288:20)
22:18:18 [ERROR] TypeError: (0 , __vite_ssr_import_3__.optimizeHtmlImages) is not a function
    at eval (eval at runInlinedModule (file:///Users/bryanpaul/Local%20Sites/astro-e3es/node_modules/vite/dist/node/module-runner.js:913:9), <anonymous>:71:72)
    at [...slug] (eval at runInlinedModule (file:///Users/bryanpaul/Local%20Sites/astro-e3es/node_modules/vite/dist/node/module-runner.js:913:9), <anonymous>:20:12)
    at callComponentAsTemplateResultOrResponse (eval at runInlinedModule (file:///Users/bryanpaul/Local%20Sites/astro-e3es/node_modules/vite/dist/node/module-runner.js:913:9), <anonymous>:105:31)
    at renderToAsyncIterable (eval at runInlinedModule (file:///Users/bryanpaul/Local%20Sites/astro-e3es/node_modules/vite/dist/node/module-runner.js:913:9), <anonymous>:137:32)
    at renderPage (eval at runInlinedModule (file:///Users/bryanpaul/Local%20Sites/astro-e3es/node_modules/vite/dist/node/module-runner.js:913:9), <anonymous>:85:77)
    at PagesHandler.handle (eval at runInlinedModule (file:///Users/bryanpaul/Local%20Sites/astro-e3es/node_modules/vite/dist/node/module-runner.js:913:9), <anonymous>:38:64)
    at async callMiddleware (eval at runInlinedModule (file:///Users/bryanpaul/Local%20Sites/astro-e3es/node_modules/vite/dist/node/module-runner.js:913:9), <anonymous>:15:10)
    at async AstroMiddleware.handle (eval at runInlinedModule (file:///Users/bryanpaul/Local%20Sites/astro-e3es/node_modules/vite/dist/node/module-runner.js:913:9), <anonymous>:46:18)
    at async AstroHandler.render (eval at runInlinedModule (file:///Users/bryanpaul/Local%20Sites/astro-e3es/node_modules/vite/dist/node/module-runner.js:913:9), <anonymous>:127:20)
    at async AstroServerApp.render (eval at runInlinedModule (file:///Users/bryanpaul/Local%20Sites/astro-e3es/node_modules/vite/dist/node/module-runner.js:913:9), <anonymous>:288:20)
22:18:18 [ERROR] (0 , __vite_ssr_import_3__.optimizeHtmlImages) is not a function
  Stack trace:
    at eval (eval at runInlinedModule (file:///Users/bryanpaul/Local%20Sites/astro-e3es/node_modules/vite/dist/node/module-runner.js:913:9), <anonymous>:71:72)
    [...] See full stack trace in the browser, or rerun with --verbose.
22:18:18 [ERROR] (0 , __vite_ssr_import_3__.optimizeHtmlImages) is not a function
  Stack trace:
    at eval (eval at runInlinedModule (file:///Users/bryanpaul/Local%20Sites/astro-e3es/node_modules/vite/dist/node/module-runner.js:913:9), <anonymous>:71:72)
    [...] See full stack trace in the browser, or rerun with --verbose.
22:18:18 [ERROR] (0 , __vite_ssr_import_3__.optimizeHtmlImages) is not a function
  Stack trace:
    at eval (eval at runInlinedModule (file:///Users/bryanpaul/Local%20Sites/astro-e3es/node_modules/vite/dist/node/module-runner.js:913:9), <anonymous>:71:72)
    [...] See full stack trace in the browser, or rerun with --verbose.
22:18:18 [ERROR] (0 , __vite_ssr_import_3__.optimizeHtmlImages) is not a function
  Stack trace:
    at eval (eval at runInlinedModule (file:///Users/bryanpaul/Local%20Sites/astro-e3es/node_modules/vite/dist/node/module-runner.js:913:9), <anonymous>:71:72)
    [...] See full stack trace in the browser, or rerun with --verbose.
22:18:18 [ERROR] (0 , __vite_ssr_import_3__.optimizeHtmlImages) is not a function
  Stack trace:
    at eval (eval at runInlinedModule (file:///Users/bryanpaul/Local%20Sites/astro-e3es/node_modules/vite/dist/node/module-runner.js:913:9), <anonymous>:71:72)
    [...] See full stack trace in the browser, or rerun with --verbose.
22:18:18 [ERROR] TypeError: (0 , __vite_ssr_import_3__.optimizeHtmlImages) is not a function
    at eval (eval at runInlinedModule (file:///Users/bryanpaul/Local%20Sites/astro-e3es/node_modules/vite/dist/node/module-runner.js:913:9), <anonymous>:71:72)
    at [...slug] (eval at runInlinedModule (file:///Users/bryanpaul/Local%20Sites/astro-e3es/node_modules/vite/dist/node/module-runner.js:913:9), <anonymous>:20:12)
    at callComponentAsTemplateResultOrResponse (eval at runInlinedModule (file:///Users/bryanpaul/Local%20Sites/astro-e3es/node_modules/vite/dist/node/module-runner.js:913:9), <anonymous>:105:31)
    at renderToAsyncIterable (eval at runInlinedModule (file:///Users/bryanpaul/Local%20Sites/astro-e3es/node_modules/vite/dist/node/module-runner.js:913:9), <anonymous>:137:32)
    at renderPage (eval at runInlinedModule (file:///Users/bryanpaul/Local%20Sites/astro-e3es/node_modules/vite/dist/node/module-runner.js:913:9), <anonymous>:85:77)
    at PagesHandler.handle (eval at runInlinedModule (file:///Users/bryanpaul/Local%20Sites/astro-e3es/node_modules/vite/dist/node/module-runner.js:913:9), <anonymous>:38:64)
    at process.processTicksAndRejections (node:internal/process/task_queues:104:5)
    at async callMiddleware (eval at runInlinedModule (file:///Users/bryanpaul/Local%20Sites/astro-e3es/node_modules/vite/dist/node/module-runner.js:913:9), <anonymous>:15:10)
    at async AstroMiddleware.handle (eval at runInlinedModule (file:///Users/bryanpaul/Local%20Sites/astro-e3es/node_modules/vite/dist/node/module-runner.js:913:9), <anonymous>:46:18)
    at async AstroHandler.render (eval at runInlinedModule (file:///Users/bryanpaul/Local%20Sites/astro-e3es/node_modules/vite/dist/node/module-runner.js:913:9), <anonymous>:127:20)
22:18:18 [ERROR] (0 , __vite_ssr_import_3__.optimizeHtmlImages) is not a function
  Stack trace:
    at eval (eval at runInlinedModule (file:///Users/bryanpaul/Local%20Sites/astro-e3es/node_modules/vite/dist/node/module-runner.js:913:9), <anonymous>:71:72)
    [...] See full stack trace in the browser, or rerun with --verbose.
22:18:18 [ERROR] TypeError: (0 , __vite_ssr_import_3__.optimizeHtmlImages) is not a function
    at eval (eval at runInlinedModule (file:///Users/bryanpaul/Local%20Sites/astro-e3es/node_modules/vite/dist/node/module-runner.js:913:9), <anonymous>:71:72)
    at [...slug] (eval at runInlinedModule (file:///Users/bryanpaul/Local%20Sites/astro-e3es/node_modules/vite/dist/node/module-runner.js:913:9), <anonymous>:20:12)
    at callComponentAsTemplateResultOrResponse (eval at runInlinedModule (file:///Users/bryanpaul/Local%20Sites/astro-e3es/node_modules/vite/dist/node/module-runner.js:913:9), <anonymous>:105:31)
    at renderToAsyncIterable (eval at runInlinedModule (file:///Users/bryanpaul/Local%20Sites/astro-e3es/node_modules/vite/dist/node/module-runner.js:913:9), <anonymous>:137:32)
    at renderPage (eval at runInlinedModule (file:///Users/bryanpaul/Local%20Sites/astro-e3es/node_modules/vite/dist/node/module-runner.js:913:9), <anonymous>:85:77)
    at PagesHandler.handle (eval at runInlinedModule (file:///Users/bryanpaul/Local%20Sites/astro-e3es/node_modules/vite/dist/node/module-runner.js:913:9), <anonymous>:38:64)
    at process.processTicksAndRejections (node:internal/process/task_queues:104:5)
    at async callMiddleware (eval at runInlinedModule (file:///Users/bryanpaul/Local%20Sites/astro-e3es/node_modules/vite/dist/node/module-runner.js:913:9), <anonymous>:15:10)
    at async AstroMiddleware.handle (eval at runInlinedModule (file:///Users/bryanpaul/Local%20Sites/astro-e3es/node_modules/vite/dist/node/module-runner.js:913:9), <anonymous>:46:18)
    at async AstroHandler.render (eval at runInlinedModule (file:///Users/bryanpaul/Local%20Sites/astro-e3es/node_modules/vite/dist/node/module-runner.js:913:9), <anonymous>:127:20)
22:18:18 [ERROR] (0 , __vite_ssr_import_3__.optimizeHtmlImages) is not a function
  Stack trace:
    at eval (eval at runInlinedModule (file:///Users/bryanpaul/Local%20Sites/astro-e3es/node_modules/vite/dist/node/module-runner.js:913:9), <anonymous>:71:72)
    [...] See full stack trace in the browser, or rerun with --verbose.
22:18:19 [ERROR] ReferenceError: optimizeHtmlImages is not defined
    at eval (eval at runInlinedModule (file:///Users/bryanpaul/Local%20Sites/astro-e3es/node_modules/vite/dist/node/module-runner.js:913:9), <anonymous>:55:28)
    at [slug] (eval at runInlinedModule (file:///Users/bryanpaul/Local%20Sites/astro-e3es/node_modules/vite/dist/node/module-runner.js:913:9), <anonymous>:20:12)
    at callComponentAsTemplateResultOrResponse (eval at runInlinedModule (file:///Users/bryanpaul/Local%20Sites/astro-e3es/node_modules/vite/dist/node/module-runner.js:913:9), <anonymous>:105:31)
    at renderToAsyncIterable (eval at runInlinedModule (file:///Users/bryanpaul/Local%20Sites/astro-e3es/node_modules/vite/dist/node/module-runner.js:913:9), <anonymous>:137:32)
    at renderPage (eval at runInlinedModule (file:///Users/bryanpaul/Local%20Sites/astro-e3es/node_modules/vite/dist/node/module-runner.js:913:9), <anonymous>:85:77)
    at PagesHandler.handle (eval at runInlinedModule (file:///Users/bryanpaul/Local%20Sites/astro-e3es/node_modules/vite/dist/node/module-runner.js:913:9), <anonymous>:38:64)
    at async callMiddleware (eval at runInlinedModule (file:///Users/bryanpaul/Local%20Sites/astro-e3es/node_modules/vite/dist/node/module-runner.js:913:9), <anonymous>:15:10)
    at async AstroMiddleware.handle (eval at runInlinedModule (file:///Users/bryanpaul/Local%20Sites/astro-e3es/node_modules/vite/dist/node/module-runner.js:913:9), <anonymous>:46:18)
    at async AstroHandler.render (eval at runInlinedModule (file:///Users/bryanpaul/Local%20Sites/astro-e3es/node_modules/vite/dist/node/module-runner.js:913:9), <anonymous>:127:20)
    at async AstroServerApp.render (eval at runInlinedModule (file:///Users/bryanpaul/Local%20Sites/astro-e3es/node_modules/vite/dist/node/module-runner.js:913:9), <anonymous>:288:20)
22:18:19 [ERROR] optimizeHtmlImages is not defined
  Stack trace:
    at eval (eval at runInlinedModule (file:///Users/bryanpaul/Local%20Sites/astro-e3es/node_modules/vite/dist/node/module-runner.js:913:9), <anonymous>:55:28)
    [...] See full stack trace in the browser, or rerun with --verbose.
22:18:19 [ERROR] ReferenceError: optimizeHtmlImages is not defined
    at eval (eval at runInlinedModule (file:///Users/bryanpaul/Local%20Sites/astro-e3es/node_modules/vite/dist/node/module-runner.js:913:9), <anonymous>:55:28)
    at [slug] (eval at runInlinedModule (file:///Users/bryanpaul/Local%20Sites/astro-e3es/node_modules/vite/dist/node/module-runner.js:913:9), <anonymous>:20:12)
    at callComponentAsTemplateResultOrResponse (eval at runInlinedModule (file:///Users/bryanpaul/Local%20Sites/astro-e3es/node_modules/vite/dist/node/module-runner.js:913:9), <anonymous>:105:31)
    at renderToAsyncIterable (eval at runInlinedModule (file:///Users/bryanpaul/Local%20Sites/astro-e3es/node_modules/vite/dist/node/module-runner.js:913:9), <anonymous>:137:32)
    at renderPage (eval at runInlinedModule (file:///Users/bryanpaul/Local%20Sites/astro-e3es/node_modules/vite/dist/node/module-runner.js:913:9), <anonymous>:85:77)
    at PagesHandler.handle (eval at runInlinedModule (file:///Users/bryanpaul/Local%20Sites/astro-e3es/node_modules/vite/dist/node/module-runner.js:913:9), <anonymous>:38:64)
    at process.processTicksAndRejections (node:internal/process/task_queues:104:5)
    at async callMiddleware (eval at runInlinedModule (file:///Users/bryanpaul/Local%20Sites/astro-e3es/node_modules/vite/dist/node/module-runner.js:913:9), <anonymous>:15:10)
    at async AstroMiddleware.handle (eval at runInlinedModule (file:///Users/bryanpaul/Local%20Sites/astro-e3es/node_modules/vite/dist/node/module-runner.js:913:9), <anonymous>:46:18)
    at async AstroHandler.render (eval at runInlinedModule (file:///Users/bryanpaul/Local%20Sites/astro-e3es/node_modules/vite/dist/node/module-runner.js:913:9), <anonymous>:127:20)
22:18:19 [ERROR] optimizeHtmlImages is not defined
  Stack trace:
    at eval (eval at runInlinedModule (file:///Users/bryanpaul/Local%20Sites/astro-e3es/node_modules/vite/dist/node/module-runner.js:913:9), <anonymous>:55:28)
    [...] See full stack trace in the browser, or rerun with --verbose.
22:18:24 [watch] /src/pages/clients/[slug].astro?astro&type=style&index=0&lang.css
22:18:24 [ERROR] TypeError: (0 , __vite_ssr_import_3__.optimizeHtmlImages) is not a function
    at eval (eval at runInlinedModule (file:///Users/bryanpaul/Local%20Sites/astro-e3es/node_modules/vite/dist/node/module-runner.js:913:9), <anonymous>:71:72)
    at [...slug] (eval at runInlinedModule (file:///Users/bryanpaul/Local%20Sites/astro-e3es/node_modules/vite/dist/node/module-runner.js:913:9), <anonymous>:20:12)
    at callComponentAsTemplateResultOrResponse (eval at runInlinedModule (file:///Users/bryanpaul/Local%20Sites/astro-e3es/node_modules/vite/dist/node/module-runner.js:913:9), <anonymous>:105:31)
    at renderToAsyncIterable (eval at runInlinedModule (file:///Users/bryanpaul/Local%20Sites/astro-e3es/node_modules/vite/dist/node/module-runner.js:913:9), <anonymous>:137:32)
    at renderPage (eval at runInlinedModule (file:///Users/bryanpaul/Local%20Sites/astro-e3es/node_modules/vite/dist/node/module-runner.js:913:9), <anonymous>:85:77)
    at PagesHandler.handle (eval at runInlinedModule (file:///Users/bryanpaul/Local%20Sites/astro-e3es/node_modules/vite/dist/node/module-runner.js:913:9), <anonymous>:38:64)
    at async callMiddleware (eval at runInlinedModule (file:///Users/bryanpaul/Local%20Sites/astro-e3es/node_modules/vite/dist/node/module-runner.js:913:9), <anonymous>:15:10)
    at async AstroMiddleware.handle (eval at runInlinedModule (file:///Users/bryanpaul/Local%20Sites/astro-e3es/node_modules/vite/dist/node/module-runner.js:913:9), <anonymous>:46:18)
    at async AstroHandler.render (eval at runInlinedModule (file:///Users/bryanpaul/Local%20Sites/astro-e3es/node_modules/vite/dist/node/module-runner.js:913:9), <anonymous>:127:20)
    at async AstroServerApp.render (eval at runInlinedModule (file:///Users/bryanpaul/Local%20Sites/astro-e3es/node_modules/vite/dist/node/module-runner.js:913:9), <anonymous>:288:20)
22:18:24 [ERROR] (0 , __vite_ssr_import_3__.optimizeHtmlImages) is not a function
  Stack trace:
    at eval (eval at runInlinedModule (file:///Users/bryanpaul/Local%20Sites/astro-e3es/node_modules/vite/dist/node/module-runner.js:913:9), <anonymous>:71:72)
    [...] See full stack trace in the browser, or rerun with --verbose.
22:18:24 [ERROR] TypeError: (0 , __vite_ssr_import_3__.optimizeHtmlImages) is not a function
    at eval (eval at runInlinedModule (file:///Users/bryanpaul/Local%20Sites/astro-e3es/node_modules/vite/dist/node/module-runner.js:913:9), <anonymous>:71:72)
    at [...slug] (eval at runInlinedModule (file:///Users/bryanpaul/Local%20Sites/astro-e3es/node_modules/vite/dist/node/module-runner.js:913:9), <anonymous>:20:12)
    at callComponentAsTemplateResultOrResponse (eval at runInlinedModule (file:///Users/bryanpaul/Local%20Sites/astro-e3es/node_modules/vite/dist/node/module-runner.js:913:9), <anonymous>:105:31)
    at renderToAsyncIterable (eval at runInlinedModule (file:///Users/bryanpaul/Local%20Sites/astro-e3es/node_modules/vite/dist/node/module-runner.js:913:9), <anonymous>:137:32)
    at renderPage (eval at runInlinedModule (file:///Users/bryanpaul/Local%20Sites/astro-e3es/node_modules/vite/dist/node/module-runner.js:913:9), <anonymous>:85:77)
    at PagesHandler.handle (eval at runInlinedModule (file:///Users/bryanpaul/Local%20Sites/astro-e3es/node_modules/vite/dist/node/module-runner.js:913:9), <anonymous>:38:64)
    at process.processTicksAndRejections (node:internal/process/task_queues:104:5)
    at async callMiddleware (eval at runInlinedModule (file:///Users/bryanpaul/Local%20Sites/astro-e3es/node_modules/vite/dist/node/module-runner.js:913:9), <anonymous>:15:10)
    at async AstroMiddleware.handle (eval at runInlinedModule (file:///Users/bryanpaul/Local%20Sites/astro-e3es/node_modules/vite/dist/node/module-runner.js:913:9), <anonymous>:46:18)
    at async AstroHandler.render (eval at runInlinedModule (file:///Users/bryanpaul/Local%20Sites/astro-e3es/node_modules/vite/dist/node/module-runner.js:913:9), <anonymous>:127:20)
22:18:24 [ERROR] (0 , __vite_ssr_import_3__.optimizeHtmlImages) is not a function
  Stack trace:
    at eval (eval at runInlinedModule (file:///Users/bryanpaul/Local%20Sites/astro-e3es/node_modules/vite/dist/node/module-runner.js:913:9), <anonymous>:71:72)
    [...] See full stack trace in the browser, or rerun with --verbose.
22:18:24 [ERROR] TypeError: (0 , __vite_ssr_import_3__.optimizeHtmlImages) is not a function
    at eval (eval at runInlinedModule (file:///Users/bryanpaul/Local%20Sites/astro-e3es/node_modules/vite/dist/node/module-runner.js:913:9), <anonymous>:71:72)
    at [...slug] (eval at runInlinedModule (file:///Users/bryanpaul/Local%20Sites/astro-e3es/node_modules/vite/dist/node/module-runner.js:913:9), <anonymous>:20:12)
    at callComponentAsTemplateResultOrResponse (eval at runInlinedModule (file:///Users/bryanpaul/Local%20Sites/astro-e3es/node_modules/vite/dist/node/module-runner.js:913:9), <anonymous>:105:31)
    at renderToAsyncIterable (eval at runInlinedModule (file:///Users/bryanpaul/Local%20Sites/astro-e3es/node_modules/vite/dist/node/module-runner.js:913:9), <anonymous>:137:32)
    at renderPage (eval at runInlinedModule (file:///Users/bryanpaul/Local%20Sites/astro-e3es/node_modules/vite/dist/node/module-runner.js:913:9), <anonymous>:85:77)
    at PagesHandler.handle (eval at runInlinedModule (file:///Users/bryanpaul/Local%20Sites/astro-e3es/node_modules/vite/dist/node/module-runner.js:913:9), <anonymous>:38:64)
    at process.processTicksAndRejections (node:internal/process/task_queues:104:5)
    at async callMiddleware (eval at runInlinedModule (file:///Users/bryanpaul/Local%20Sites/astro-e3es/node_modules/vite/dist/node/module-runner.js:913:9), <anonymous>:15:10)
    at async AstroMiddleware.handle (eval at runInlinedModule (file:///Users/bryanpaul/Local%20Sites/astro-e3es/node_modules/vite/dist/node/module-runner.js:913:9), <anonymous>:46:18)
    at async AstroHandler.render (eval at runInlinedModule (file:///Users/bryanpaul/Local%20Sites/astro-e3es/node_modules/vite/dist/node/module-runner.js:913:9), <anonymous>:127:20)
22:18:24 [ERROR] (0 , __vite_ssr_import_3__.optimizeHtmlImages) is not a function
  Stack trace:
    at eval (eval at runInlinedModule (file:///Users/bryanpaul/Local%20Sites/astro-e3es/node_modules/vite/dist/node/module-runner.js:913:9), <anonymous>:71:72)
    [...] See full stack trace in the browser, or rerun with --verbose.
22:18:24 [ERROR] TypeError: (0 , __vite_ssr_import_3__.optimizeHtmlImages) is not a function
    at eval (eval at runInlinedModule (file:///Users/bryanpaul/Local%20Sites/astro-e3es/node_modules/vite/dist/node/module-runner.js:913:9), <anonymous>:71:72)
    at [...slug] (eval at runInlinedModule (file:///Users/bryanpaul/Local%20Sites/astro-e3es/node_modules/vite/dist/node/module-runner.js:913:9), <anonymous>:20:12)
    at callComponentAsTemplateResultOrResponse (eval at runInlinedModule (file:///Users/bryanpaul/Local%20Sites/astro-e3es/node_modules/vite/dist/node/module-runner.js:913:9), <anonymous>:105:31)
    at renderToAsyncIterable (eval at runInlinedModule (file:///Users/bryanpaul/Local%20Sites/astro-e3es/node_modules/vite/dist/node/module-runner.js:913:9), <anonymous>:137:32)
    at renderPage (eval at runInlinedModule (file:///Users/bryanpaul/Local%20Sites/astro-e3es/node_modules/vite/dist/node/module-runner.js:913:9), <anonymous>:85:77)
    at PagesHandler.handle (eval at runInlinedModule (file:///Users/bryanpaul/Local%20Sites/astro-e3es/node_modules/vite/dist/node/module-runner.js:913:9), <anonymous>:38:64)
    at process.processTicksAndRejections (node:internal/process/task_queues:104:5)
    at async callMiddleware (eval at runInlinedModule (file:///Users/bryanpaul/Local%20Sites/astro-e3es/node_modules/vite/dist/node/module-runner.js:913:9), <anonymous>:15:10)
    at async AstroMiddleware.handle (eval at runInlinedModule (file:///Users/bryanpaul/Local%20Sites/astro-e3es/node_modules/vite/dist/node/module-runner.js:913:9), <anonymous>:46:18)
    at async AstroHandler.render (eval at runInlinedModule (file:///Users/bryanpaul/Local%20Sites/astro-e3es/node_modules/vite/dist/node/module-runner.js:913:9), <anonymous>:127:20)
22:18:24 [ERROR] (0 , __vite_ssr_import_3__.optimizeHtmlImages) is not a function
  Stack trace:
    at eval (eval at runInlinedModule (file:///Users/bryanpaul/Local%20Sites/astro-e3es/node_modules/vite/dist/node/module-runner.js:913:9), <anonymous>:71:72)
    [...] See full stack trace in the browser, or rerun with --verbose.
22:18:24 [ERROR] TypeError: (0 , __vite_ssr_import_3__.optimizeHtmlImages) is not a function
    at eval (eval at runInlinedModule (file:///Users/bryanpaul/Local%20Sites/astro-e3es/node_modules/vite/dist/node/module-runner.js:913:9), <anonymous>:71:72)
    at [...slug] (eval at runInlinedModule (file:///Users/bryanpaul/Local%20Sites/astro-e3es/node_modules/vite/dist/node/module-runner.js:913:9), <anonymous>:20:12)
    at callComponentAsTemplateResultOrResponse (eval at runInlinedModule (file:///Users/bryanpaul/Local%20Sites/astro-e3es/node_modules/vite/dist/node/module-runner.js:913:9), <anonymous>:105:31)
    at renderToAsyncIterable (eval at runInlinedModule (file:///Users/bryanpaul/Local%20Sites/astro-e3es/node_modules/vite/dist/node/module-runner.js:913:9), <anonymous>:137:32)
    at renderPage (eval at runInlinedModule (file:///Users/bryanpaul/Local%20Sites/astro-e3es/node_modules/vite/dist/node/module-runner.js:913:9), <anonymous>:85:77)
    at PagesHandler.handle (eval at runInlinedModule (file:///Users/bryanpaul/Local%20Sites/astro-e3es/node_modules/vite/dist/node/module-runner.js:913:9), <anonymous>:38:64)
    at process.processTicksAndRejections (node:internal/process/task_queues:104:5)
    at async callMiddleware (eval at runInlinedModule (file:///Users/bryanpaul/Local%20Sites/astro-e3es/node_modules/vite/dist/node/module-runner.js:913:9), <anonymous>:15:10)
    at async AstroMiddleware.handle (eval at runInlinedModule (file:///Users/bryanpaul/Local%20Sites/astro-e3es/node_modules/vite/dist/node/module-runner.js:913:9), <anonymous>:46:18)
    at async AstroHandler.render (eval at runInlinedModule (file:///Users/bryanpaul/Local%20Sites/astro-e3es/node_modules/vite/dist/node/module-runner.js:913:9), <anonymous>:127:20)
22:18:24 [ERROR] (0 , __vite_ssr_import_3__.optimizeHtmlImages) is not a function
  Stack trace:
    at eval (eval at runInlinedModule (file:///Users/bryanpaul/Local%20Sites/astro-e3es/node_modules/vite/dist/node/module-runner.js:913:9), <anonymous>:71:72)
    [...] See full stack trace in the browser, or rerun with --verbose.
22:18:24 [ERROR] TypeError: (0 , __vite_ssr_import_3__.optimizeHtmlImages) is not a function
    at eval (eval at runInlinedModule (file:///Users/bryanpaul/Local%20Sites/astro-e3es/node_modules/vite/dist/node/module-runner.js:913:9), <anonymous>:71:72)
    at [...slug] (eval at runInlinedModule (file:///Users/bryanpaul/Local%20Sites/astro-e3es/node_modules/vite/dist/node/module-runner.js:913:9), <anonymous>:20:12)
    at callComponentAsTemplateResultOrResponse (eval at runInlinedModule (file:///Users/bryanpaul/Local%20Sites/astro-e3es/node_modules/vite/dist/node/module-runner.js:913:9), <anonymous>:105:31)
    at renderToAsyncIterable (eval at runInlinedModule (file:///Users/bryanpaul/Local%20Sites/astro-e3es/node_modules/vite/dist/node/module-runner.js:913:9), <anonymous>:137:32)
    at renderPage (eval at runInlinedModule (file:///Users/bryanpaul/Local%20Sites/astro-e3es/node_modules/vite/dist/node/module-runner.js:913:9), <anonymous>:85:77)
    at PagesHandler.handle (eval at runInlinedModule (file:///Users/bryanpaul/Local%20Sites/astro-e3es/node_modules/vite/dist/node/module-runner.js:913:9), <anonymous>:38:64)
    at process.processTicksAndRejections (node:internal/process/task_queues:104:5)
    at async callMiddleware (eval at runInlinedModule (file:///Users/bryanpaul/Local%20Sites/astro-e3es/node_modules/vite/dist/node/module-runner.js:913:9), <anonymous>:15:10)
    at async AstroMiddleware.handle (eval at runInlinedModule (file:///Users/bryanpaul/Local%20Sites/astro-e3es/node_modules/vite/dist/node/module-runner.js:913:9), <anonymous>:46:18)
    at async AstroHandler.render (eval at runInlinedModule (file:///Users/bryanpaul/Local%20Sites/astro-e3es/node_modules/vite/dist/node/module-runner.js:913:9), <anonymous>:127:20)
22:18:24 [ERROR] (0 , __vite_ssr_import_3__.optimizeHtmlImages) is not a function
  Stack trace:
    at eval (eval at runInlinedModule (file:///Users/bryanpaul/Local%20Sites/astro-e3es/node_modules/vite/dist/node/module-runner.js:913:9), <anonymous>:71:72)
    [...] See full stack trace in the browser, or rerun with --verbose.
22:18:24 [ERROR] TypeError: (0 , __vite_ssr_import_3__.optimizeHtmlImages) is not a function
    at eval (eval at runInlinedModule (file:///Users/bryanpaul/Local%20Sites/astro-e3es/node_modules/vite/dist/node/module-runner.js:913:9), <anonymous>:71:72)
    at [...slug] (eval at runInlinedModule (file:///Users/bryanpaul/Local%20Sites/astro-e3es/node_modules/vite/dist/node/module-runner.js:913:9), <anonymous>:20:12)
    at callComponentAsTemplateResultOrResponse (eval at runInlinedModule (file:///Users/bryanpaul/Local%20Sites/astro-e3es/node_modules/vite/dist/node/module-runner.js:913:9), <anonymous>:105:31)
    at renderToAsyncIterable (eval at runInlinedModule (file:///Users/bryanpaul/Local%20Sites/astro-e3es/node_modules/vite/dist/node/module-runner.js:913:9), <anonymous>:137:32)
    at renderPage (eval at runInlinedModule (file:///Users/bryanpaul/Local%20Sites/astro-e3es/node_modules/vite/dist/node/module-runner.js:913:9), <anonymous>:85:77)
    at PagesHandler.handle (eval at runInlinedModule (file:///Users/bryanpaul/Local%20Sites/astro-e3es/node_modules/vite/dist/node/module-runner.js:913:9), <anonymous>:38:64)
    at process.processTicksAndRejections (node:internal/process/task_queues:104:5)
    at async callMiddleware (eval at runInlinedModule (file:///Users/bryanpaul/Local%20Sites/astro-e3es/node_modules/vite/dist/node/module-runner.js:913:9), <anonymous>:15:10)
    at async AstroMiddleware.handle (eval at runInlinedModule (file:///Users/bryanpaul/Local%20Sites/astro-e3es/node_modules/vite/dist/node/module-runner.js:913:9), <anonymous>:46:18)
    at async AstroHandler.render (eval at runInlinedModule (file:///Users/bryanpaul/Local%20Sites/astro-e3es/node_modules/vite/dist/node/module-runner.js:913:9), <anonymous>:127:20)
22:18:24 [ERROR] (0 , __vite_ssr_import_3__.optimizeHtmlImages) is not a function
  Stack trace:
    at eval (eval at runInlinedModule (file:///Users/bryanpaul/Local%20Sites/astro-e3es/node_modules/vite/dist/node/module-runner.js:913:9), <anonymous>:71:72)
    [...] See full stack trace in the browser, or rerun with --verbose.
22:18:25 [ERROR] TypeError: (0 , __vite_ssr_import_3__.optimizeHtmlImages) is not a function
    at eval (eval at runInlinedModule (file:///Users/bryanpaul/Local%20Sites/astro-e3es/node_modules/vite/dist/node/module-runner.js:913:9), <anonymous>:71:72)
    at [...slug] (eval at runInlinedModule (file:///Users/bryanpaul/Local%20Sites/astro-e3es/node_modules/vite/dist/node/module-runner.js:913:9), <anonymous>:20:12)
    at callComponentAsTemplateResultOrResponse (eval at runInlinedModule (file:///Users/bryanpaul/Local%20Sites/astro-e3es/node_modules/vite/dist/node/module-runner.js:913:9), <anonymous>:105:31)
    at renderToAsyncIterable (eval at runInlinedModule (file:///Users/bryanpaul/Local%20Sites/astro-e3es/node_modules/vite/dist/node/module-runner.js:913:9), <anonymous>:137:32)
    at renderPage (eval at runInlinedModule (file:///Users/bryanpaul/Local%20Sites/astro-e3es/node_modules/vite/dist/node/module-runner.js:913:9), <anonymous>:85:77)
    at PagesHandler.handle (eval at runInlinedModule (file:///Users/bryanpaul/Local%20Sites/astro-e3es/node_modules/vite/dist/node/module-runner.js:913:9), <anonymous>:38:64)
    at process.processTicksAndRejections (node:internal/process/task_queues:104:5)
    at async callMiddleware (eval at runInlinedModule (file:///Users/bryanpaul/Local%20Sites/astro-e3es/node_modules/vite/dist/node/module-runner.js:913:9), <anonymous>:15:10)
    at async AstroMiddleware.handle (eval at runInlinedModule (file:///Users/bryanpaul/Local%20Sites/astro-e3es/node_modules/vite/dist/node/module-runner.js:913:9), <anonymous>:46:18)
    at async AstroHandler.render (eval at runInlinedModule (file:///Users/bryanpaul/Local%20Sites/astro-e3es/node_modules/vite/dist/node/module-runner.js:913:9), <anonymous>:127:20)
22:18:25 [ERROR] (0 , __vite_ssr_import_3__.optimizeHtmlImages) is not a function
  Stack trace:
    at eval (eval at runInlinedModule (file:///Users/bryanpaul/Local%20Sites/astro-e3es/node_modules/vite/dist/node/module-runner.js:913:9), <anonymous>:71:72)
    [...] See full stack trace in the browser, or rerun with --verbose.
22:18:25 [ERROR] TypeError: (0 , __vite_ssr_import_3__.optimizeHtmlImages) is not a function
    at eval (eval at runInlinedModule (file:///Users/bryanpaul/Local%20Sites/astro-e3es/node_modules/vite/dist/node/module-runner.js:913:9), <anonymous>:71:72)
    at [...slug] (eval at runInlinedModule (file:///Users/bryanpaul/Local%20Sites/astro-e3es/node_modules/vite/dist/node/module-runner.js:913:9), <anonymous>:20:12)
    at callComponentAsTemplateResultOrResponse (eval at runInlinedModule (file:///Users/bryanpaul/Local%20Sites/astro-e3es/node_modules/vite/dist/node/module-runner.js:913:9), <anonymous>:105:31)
    at renderToAsyncIterable (eval at runInlinedModule (file:///Users/bryanpaul/Local%20Sites/astro-e3es/node_modules/vite/dist/node/module-runner.js:913:9), <anonymous>:137:32)
    at renderPage (eval at runInlinedModule (file:///Users/bryanpaul/Local%20Sites/astro-e3es/node_modules/vite/dist/node/module-runner.js:913:9), <anonymous>:85:77)
    at PagesHandler.handle (eval at runInlinedModule (file:///Users/bryanpaul/Local%20Sites/astro-e3es/node_modules/vite/dist/node/module-runner.js:913:9), <anonymous>:38:64)
    at process.processTicksAndRejections (node:internal/process/task_queues:104:5)
    at async callMiddleware (eval at runInlinedModule (file:///Users/bryanpaul/Local%20Sites/astro-e3es/node_modules/vite/dist/node/module-runner.js:913:9), <anonymous>:15:10)
    at async AstroMiddleware.handle (eval at runInlinedModule (file:///Users/bryanpaul/Local%20Sites/astro-e3es/node_modules/vite/dist/node/module-runner.js:913:9), <anonymous>:46:18)
    at async AstroHandler.render (eval at runInlinedModule (file:///Users/bryanpaul/Local%20Sites/astro-e3es/node_modules/vite/dist/node/module-runner.js:913:9), <anonymous>:127:20)
22:18:25 [ERROR] (0 , __vite_ssr_import_3__.optimizeHtmlImages) is not a function
  Stack trace:
    at eval (eval at runInlinedModule (file:///Users/bryanpaul/Local%20Sites/astro-e3es/node_modules/vite/dist/node/module-runner.js:913:9), <anonymous>:71:72)
    [...] See full stack trace in the browser, or rerun with --verbose.
22:18:25 [ERROR] TypeError: (0 , __vite_ssr_import_3__.optimizeHtmlImages) is not a function
    at eval (eval at runInlinedModule (file:///Users/bryanpaul/Local%20Sites/astro-e3es/node_modules/vite/dist/node/module-runner.js:913:9), <anonymous>:71:72)
    at [...slug] (eval at runInlinedModule (file:///Users/bryanpaul/Local%20Sites/astro-e3es/node_modules/vite/dist/node/module-runner.js:913:9), <anonymous>:20:12)
    at callComponentAsTemplateResultOrResponse (eval at runInlinedModule (file:///Users/bryanpaul/Local%20Sites/astro-e3es/node_modules/vite/dist/node/module-runner.js:913:9), <anonymous>:105:31)
    at renderToAsyncIterable (eval at runInlinedModule (file:///Users/bryanpaul/Local%20Sites/astro-e3es/node_modules/vite/dist/node/module-runner.js:913:9), <anonymous>:137:32)
    at renderPage (eval at runInlinedModule (file:///Users/bryanpaul/Local%20Sites/astro-e3es/node_modules/vite/dist/node/module-runner.js:913:9), <anonymous>:85:77)
    at PagesHandler.handle (eval at runInlinedModule (file:///Users/bryanpaul/Local%20Sites/astro-e3es/node_modules/vite/dist/node/module-runner.js:913:9), <anonymous>:38:64)
    at process.processTicksAndRejections (node:internal/process/task_queues:104:5)
    at async callMiddleware (eval at runInlinedModule (file:///Users/bryanpaul/Local%20Sites/astro-e3es/node_modules/vite/dist/node/module-runner.js:913:9), <anonymous>:15:10)
    at async AstroMiddleware.handle (eval at runInlinedModule (file:///Users/bryanpaul/Local%20Sites/astro-e3es/node_modules/vite/dist/node/module-runner.js:913:9), <anonymous>:46:18)
    at async AstroHandler.render (eval at runInlinedModule (file:///Users/bryanpaul/Local%20Sites/astro-e3es/node_modules/vite/dist/node/module-runner.js:913:9), <anonymous>:127:20)
22:18:25 [ERROR] (0 , __vite_ssr_import_3__.optimizeHtmlImages) is not a function
  Stack trace:
    at eval (eval at runInlinedModule (file:///Users/bryanpaul/Local%20Sites/astro-e3es/node_modules/vite/dist/node/module-runner.js:913:9), <anonymous>:71:72)
    [...] See full stack trace in the browser, or rerun with --verbose.
22:18:25 [ERROR] TypeError: (0 , __vite_ssr_import_3__.optimizeHtmlImages) is not a function
    at eval (eval at runInlinedModule (file:///Users/bryanpaul/Local%20Sites/astro-e3es/node_modules/vite/dist/node/module-runner.js:913:9), <anonymous>:71:72)
    at [...slug] (eval at runInlinedModule (file:///Users/bryanpaul/Local%20Sites/astro-e3es/node_modules/vite/dist/node/module-runner.js:913:9), <anonymous>:20:12)
    at callComponentAsTemplateResultOrResponse (eval at runInlinedModule (file:///Users/bryanpaul/Local%20Sites/astro-e3es/node_modules/vite/dist/node/module-runner.js:913:9), <anonymous>:105:31)
    at renderToAsyncIterable (eval at runInlinedModule (file:///Users/bryanpaul/Local%20Sites/astro-e3es/node_modules/vite/dist/node/module-runner.js:913:9), <anonymous>:137:32)
    at renderPage (eval at runInlinedModule (file:///Users/bryanpaul/Local%20Sites/astro-e3es/node_modules/vite/dist/node/module-runner.js:913:9), <anonymous>:85:77)
    at PagesHandler.handle (eval at runInlinedModule (file:///Users/bryanpaul/Local%20Sites/astro-e3es/node_modules/vite/dist/node/module-runner.js:913:9), <anonymous>:38:64)
    at process.processTicksAndRejections (node:internal/process/task_queues:104:5)
    at async callMiddleware (eval at runInlinedModule (file:///Users/bryanpaul/Local%20Sites/astro-e3es/node_modules/vite/dist/node/module-runner.js:913:9), <anonymous>:15:10)
    at async AstroMiddleware.handle (eval at runInlinedModule (file:///Users/bryanpaul/Local%20Sites/astro-e3es/node_modules/vite/dist/node/module-runner.js:913:9), <anonymous>:46:18)
    at async AstroHandler.render (eval at runInlinedModule (file:///Users/bryanpaul/Local%20Sites/astro-e3es/node_modules/vite/dist/node/module-runner.js:913:9), <anonymous>:127:20)
22:18:25 [ERROR] (0 , __vite_ssr_import_3__.optimizeHtmlImages) is not a function
  Stack trace:
    at eval (eval at runInlinedModule (file:///Users/bryanpaul/Local%20Sites/astro-e3es/node_modules/vite/dist/node/module-runner.js:913:9), <anonymous>:71:72)
    [...] See full stack trace in the browser, or rerun with --verbose.
22:18:25 [200] /clients/boyd-isd/ 26ms
22:18:25 [200] /clients/boyd-isd/ 22ms
22:18:58 [200] /our-approach/ 31ms
22:18:58 [200] /our-approach/design-build 4ms
22:18:58 [200] /services/water-wastewater-solutions 9ms
22:18:58 [200] /services/hvac/ 8ms
22:18:58 [200] /about-us/contact/ 2ms
22:18:58 [200] /clients/boyd-isd/ 4ms
22:18:58 [200] /services/hvac/ 2ms
22:19:12 [200] /clients/boyd-isd/ 3ms
22:21:20 [watch] /src/pages/clients/[slug].astro?astro&type=style&index=0&lang.css
22:21:21 [200] /clients/boyd-isd/ 35ms
22:21:21 [200] /services/water-wastewater-solutions 3ms
22:21:21 [200] /about-us/contact/ 3ms
22:21:21 [200] /services/hvac/ 8ms
22:21:21 [200] /our-approach/design-build 3ms
22:21:21 [200] /our-approach/ 4ms
22:21:21 [200] /services/hvac/ 3ms
22:21:33 [watch] /src/styles/global.scss
22:21:33 [watch] /src/styles/global.scss
22:22:46 [200] /services/hvac/ 4ms
22:23:12 [200] /services/controls-automation 7ms
22:23:34 [watch] /src/styles/global.scss
22:23:34 [watch] /src/styles/global.scss
22:23:34 [watch] /src/styles/global.scss
22:23:34 [watch] /src/styles/global.scss
22:23:34 [watch] /src/styles/global.scss
22:23:34 [watch] /src/styles/global.scss
22:23:34 [watch] /src/styles/global.scss
22:23:34 [watch] /src/styles/global.scss
22:23:40 [watch] /src/styles/global.scss
22:23:40 [watch] /src/styles/global.scss
22:23:40 [watch] /src/styles/global.scss
22:23:40 [watch] /src/styles/global.scss
22:23:40 [watch] /src/styles/global.scss
22:23:40 [watch] /src/styles/global.scss
22:23:40 [watch] /src/styles/global.scss
22:23:40 [watch] /src/styles/global.scss
