Score,Name of the Person,Quote,Video Title,Link to Video,Timestamp
5,2020 SLI Presentation Teaser Speaker,we're about to give three different perspectives of problems the school district's face when it comes to facility renovation there's a famous quote from Thomas,2020 SLI Presentation Teaser,https://vimeo.com/430401401#t=0s,[00:00]
4,2020 SLI Presentation Teaser Speaker,Edison There's A Better Way find it there's a better way find it we are trying to find the better way constantly and we really,2020 SLI Presentation Teaser,https://vimeo.com/430401401#t=12s,[00:12]
5,2020 SLI Presentation Teaser Speaker,believe that all school districts want to find the better way as well if they're willing to search if they're willing to think about things,2020 SLI Presentation Teaser,https://vimeo.com/430401401#t=23s,[00:23]
4,2020 SLI Presentation Teaser Speaker,and maybe a little bit of a different way,2020 SLI Presentation Teaser,https://vimeo.com/430401401#t=34s,[00:34]
1,Banquete - before and after Speaker,what,Banquete - before and after,https://vimeo.com/1124993297#t=0s,[00:00]
4,BiCARBUS Video Project Speaker,distance to Shelbyville water department that their water that they're getting from their Wells and also from their surface water which is they consider is,BiCARBUS Video Project,https://vimeo.com/1172176967#t=0s,[00:00]
5,BiCARBUS Video Project Speaker,called brackish can it become useful and can it become non depositing so the water is exactly one and a half times less mineralized coming,BiCARBUS Video Project,https://vimeo.com/1172176967#t=25s,[00:25]
4,BiCARBUS Video Project Speaker,out of that well right there that white building is where the well comes out and then they pump it into the lake then from,BiCARBUS Video Project,https://vimeo.com/1172176967#t=48s,[00:48]
4,BiCARBUS Video Project Speaker,the pond it goes into that building and that's where all the pumps are and so from the Blackwell it's less mineralized the pond that,BiCARBUS Video Project,https://vimeo.com/1172176967#t=68s,[01:08]
4,BiCARBUS Video Project Speaker,gets more mineralized because the ponds evaporating all the time leaving behind the solids then from that well it goes to golf course ballparks and,BiCARBUS Video Project,https://vimeo.com/1172176967#t=89s,[01:29]
4,BiCARBUS Video Project Speaker,then the football field and so what we're going to do is run over and get the number at the football field and then a,BiCARBUS Video Project,https://vimeo.com/1172176967#t=114s,[01:54]
4,BiCARBUS Video Project Speaker,number at the far end of the football field where they're going to turn the sprinkler what does then what will happen is will come,BiCARBUS Video Project,https://vimeo.com/1172176967#t=133s,[02:13]
4,BiCARBUS Video Project Speaker,back here will put my car service in the well and just turn it on and let it let it flow it'll show how fast,BiCARBUS Video Project,https://vimeo.com/1172176967#t=154s,[02:34]
4,BiCARBUS Video Project Speaker,and how thorough it is in eliminating all the files film what are the microbes in the distribution system they can replicate that into their,BiCARBUS Video Project,https://vimeo.com/1172176967#t=172s,[02:52]
4,BiCARBUS Video Project Speaker,whole city distribution system Tiffany Is 1920 Beautiful cuz that's my car is 200 points is by Carver CVS is 722.85 and then 4:00 p.m.,BiCARBUS Video Project,https://vimeo.com/1172176967#t=195s,[03:15]
4,BiCARBUS Video Project Speaker,the the reduction oxidation potential is the higher that number is there is zero microbes they're not not even the little membranes or the body,BiCARBUS Video Project,https://vimeo.com/1172176967#t=217s,[03:37]
4,BiCARBUS Video Project Speaker,parts are not there if they're fully oxidized we got it we got a 2.225% purpose,BiCARBUS Video Project,https://vimeo.com/1172176967#t=241s,[04:01]
5,Tom Woody,current projections for us for the district is that will double in size over the next 8 years and classroom space is that a premium,"Boyd ISD, case study",https://vimeo.com/1179578579#t=0s,[00:00]
5,Tom Woody,what are needed one additional school to handle probably the next 8 to 10 years and 15 plus years we address those and got new,"Boyd ISD, case study",https://vimeo.com/1179578579#t=12s,[00:12]
7,Brandon Hopkins,units from E3 we didn't have enough to be able to get to the scope of a project without looking at a bond we were,"Boyd ISD, case study",https://vimeo.com/1179578579#t=25s,[00:25]
7,Brandon Hopkins,able to address Energy Management District on campus and 8335 new units very pleased with the energy management solution that they brought to us when,"Boyd ISD, case study",https://vimeo.com/1179578579#t=36s,[00:36]
4,Brandon Hopkins,he came out we we had some issues with some other units they didn't there was no change order type of expense put on that,"Boyd ISD, case study",https://vimeo.com/1179578579#t=51s,[00:51]
4,Brandon Hopkins,so they were real good about just taking care of it without the change order we use D3 as a resource for architecture reach out,"Boyd ISD, case study",https://vimeo.com/1179578579#t=63s,[01:03]
5,Brandon Hopkins,to on some of the specs and things that they were writing for the campus that we're looking at next Tuesday for the HVAC we,"Boyd ISD, case study",https://vimeo.com/1179578579#t=75s,[01:15]
4,Brandon Hopkins,use a different a different company the last time we did not have boots on the ground like it either Daniel did and it was,"Boyd ISD, case study",https://vimeo.com/1179578579#t=88s,[01:28]
4,Brandon Hopkins,just a lot tougher to get a hold of them to get them out here and this was a lot quicker a lot easier a,"Boyd ISD, case study",https://vimeo.com/1179578579#t=100s,[01:40]
9,Brandon Hopkins,lot just a lot better experience it was some about where we were going with this and and E3 you know we just did not,"Boyd ISD, case study",https://vimeo.com/1179578579#t=110s,[01:50]
6,Brandon Hopkins,see a single problem as we went through this process so it's been a great experience,"Boyd ISD, case study",https://vimeo.com/1179578579#t=121s,[02:01]
1,Boyd ISD Speaker,OK Google,Boyd ISD HVAC upgrades,https://vimeo.com/1065940484#t=0s,[00:00]
4,Paul Buckner,part of my role with Brian ISD is director of construction and energy management is to not only build safe and beautiful buildings for our,"Bryan ISD SECO LoanSTAR Project, case study",https://vimeo.com/622731248#t=0s,[00:00]
9,Paul Buckner,students to go to but to have that learning environment that they want to go to the number one Focus was probably LED lighting people,"Bryan ISD SECO LoanSTAR Project, case study",https://vimeo.com/622731248#t=10s,[00:10]
5,Paul Buckner,can come and look at a building and see that you made an impact with better quality lighting and also gaining a big energy reduction,"Bryan ISD SECO LoanSTAR Project, case study",https://vimeo.com/622731248#t=19s,[00:19]
5,Paul Buckner,by using LEDs going through the state energy conservation office gave us the ability to do these projects with without a huge Capital Outlet we,"Bryan ISD SECO LoanSTAR Project, case study",https://vimeo.com/622731248#t=29s,[00:29]
1,Paul Buckner,were able to settle on the loan and go from there with a almost seven million dollar Energy Efficiency project the benefits that we saw,"Bryan ISD SECO LoanSTAR Project, case study",https://vimeo.com/622731248#t=40s,[00:40]
8,Paul Buckner,when we went who was selected was their experience with Energy Efficiency projects through the mechanical side of things and the LED lighting and their,"Bryan ISD SECO LoanSTAR Project, case study",https://vimeo.com/622731248#t=49s,[00:49]
5,Paul Buckner,knowledge on that aspect but also the knowledge and experience they had with the state energy conservation office utilizing design build for this project made,"Bryan ISD SECO LoanSTAR Project, case study",https://vimeo.com/622731248#t=61s,[01:01]
4,Paul Buckner,the most sense for us design build process gave us that flexibility to design it as well as make alterations during it without having to,"Bryan ISD SECO LoanSTAR Project, case study",https://vimeo.com/622731248#t=72s,[01:12]
4,BAS Alarm,go through all of the paperwork that's involved and with changes and with contingency funds and everything that comes along with the other procurement methods,"Bryan ISD SECO LoanSTAR Project, case study",https://vimeo.com/622731248#t=82s,[01:22]
10,BAS Alarm,whether its construction manager at risk or competitive proposals through the construction process with E3 it was simple it was one of the least stressful,"Bryan ISD SECO LoanSTAR Project, case study",https://vimeo.com/622731248#t=94s,[01:34]
4,BAS Alarm,project are you monitoring the general contractor the subcontractors anything everything was after hours or weekends holidays there was really never an impact to anything,"Bryan ISD SECO LoanSTAR Project, case study",https://vimeo.com/622731248#t=105s,[01:45]
7,BAS Alarm,with the school day and instructional learning teachers would leave they would come back the next day and their classroom would be changed over to,"Bryan ISD SECO LoanSTAR Project, case study",https://vimeo.com/622731248#t=117s,[01:57]
6,BAS Alarm,LED lighting and they had no idea that it was even happening,"Bryan ISD SECO LoanSTAR Project, case study",https://vimeo.com/622731248#t=128s,[02:08]
8,Administr Atic,the Board of Trustees for Caldwell ISD voted unanimously to call for a bond election for November 6th 2018 with feedback from community members and,Caldwell ISD Bond Video,https://vimeo.com/290994173#t=0s,[00:00]
6,Administr Atic,assistance from CISD staff a comprehensive program addressing school safety academics campus remodels and essential equipment was developed the bond proposal includes additions and or,Caldwell ISD Bond Video,https://vimeo.com/290994173#t=11s,[00:11]
5,The Hornets,renovations to all CISD schools district white safety projects include fire alarms security cameras entries electrical improvements and Ada improvements the Intermediate School proposal includes,Caldwell ISD Bond Video,https://vimeo.com/290994173#t=25s,[00:25]
6,Safety Projects,a complete Remodel and conversion to 7th and 8th grade remodeled band hall science labs weight room and gym dressing rooms the high school plan,Caldwell ISD Bond Video,https://vimeo.com/290994173#t=41s,[00:41]
5,Safety Projects,includes new stem learning spaces elimination of Portables and Gem and AG facility upgrades the middle school projects include a complete Remodel and conversion to,Caldwell ISD Bond Video,https://vimeo.com/290994173#t=52s,[00:52]
5,Safety Projects,pre-k through 3rd in addition to connect the building and cafeteria and a new gym the elementary school plan includes converting the existing Elementary to,Caldwell ISD Bond Video,https://vimeo.com/290994173#t=65s,[01:05]
8,Safety Projects,a fourth through Sixth Grade Campus other considerations include High School air conditioning replacement and LED lighting upgrades there will be two propositions to consider,Caldwell ISD Bond Video,https://vimeo.com/290994173#t=77s,[01:17]
4,Safety Projects,early voting will run from October 22nd through November 2nd and election day is November 6th for more information including locations estimated tax impact and,Caldwell ISD Bond Video,https://vimeo.com/290994173#t=91s,[01:31]
1,Safety Projects,ballot language please visit,Caldwell ISD Bond Video,https://vimeo.com/290994173#t=103s,[01:43]
4,Andrew Peters,the system was over 30 years old was costing us a lot of money to have repairs and it wasn't providing a good temperature an,"Caldwell ISD, case study",https://vimeo.com/290317803#t=0s,[00:00]
5,Andrew Peters,even temperature throughout the building so sometimes students would be struggling in one room and be hot and sweaty and extremely be freezing cold the,"Caldwell ISD, case study",https://vimeo.com/290317803#t=9s,[00:09]
7,Andrew Peters,savings we would get would actually pay for itself over the course of a few years so let's improve the lighting as well just make,"Caldwell ISD, case study",https://vimeo.com/290317803#t=20s,[00:20]
4,Andrew Peters,good sense to do it all the same time from a maintenance standpoint with the limited number of employees we will probably not have to,"Caldwell ISD, case study",https://vimeo.com/290317803#t=29s,[00:29]
4,Brady Beavers,do any light work for the next 20 years more than maybe changing a bold there's no more ballast there's no more flickering bulbs we,"Caldwell ISD, case study",https://vimeo.com/290317803#t=39s,[00:39]
4,Weather Expert,went in not really have any predetermined idea of who we wanted to do the job we just needed it period they were designing it,"Caldwell ISD, case study",https://vimeo.com/290317803#t=49s,[00:49]
7,Weather Expert,and they were making sure it was installed right the war was comfortable with them and it was a very easy process the biggest challenge,"Caldwell ISD, case study",https://vimeo.com/290317803#t=58s,[00:58]
9,Weather Expert,E3 had was to have air conditioner by the start of school this year which they exceeded we had to have everything buttoned up within,"Caldwell ISD, case study",https://vimeo.com/290317803#t=68s,[01:08]
5,Weather Expert,about a week and they jump through hoops to make sure we were ready to start school I think the most important thing that we,"Caldwell ISD, case study",https://vimeo.com/290317803#t=77s,[01:17]
6,Weather Expert,liked about it was that they communicated regularly not just with me as the superintendent and director of operations but they communicated daily with the,"Caldwell ISD, case study",https://vimeo.com/290317803#t=86s,[01:26]
6,Weather Expert,principal who was responsible for the building very early on E3 brought in their Engineers met with us and we found the engineering us and,"Caldwell ISD, case study",https://vimeo.com/290317803#t=98s,[01:38]
1,Weather Expert,his design,"Caldwell ISD, case study",https://vimeo.com/290317803#t=108s,[01:48]
1,Carrizo Springs - community update 1-20-26 Speaker,go OK Google,Carrizo Springs - community update 1-20-26,https://vimeo.com/1161564113#t=0s,[00:00]
1,Carrizo Springs - community update June 2026 Speaker,go OK Google,"Carrizo Springs - community update, June 2026",https://vimeo.com/1161564113#t=0s,[00:00]
1,Carrizo Springs June 2026 update Speaker,go,"Carrizo Springs, June 2026 update",https://vimeo.com/1198512235#t=0s,[00:00]
1,Carrizo Springs June 2026 update Speaker,go OK Google,Carrizo Springs June 2026 update,https://vimeo.com/1199494787#t=0s,[00:00]
6,City of Natalia - before Speaker,hi my name is Nicole Berman I'm the city administrator for the city of Natalia we are looking forward to having E3 help us with,City of Natalia - before,https://vimeo.com/1006372135#t=0s,[00:00]
4,City of Natalia - before Speaker,our issues at the wastewater treatment plant and other areas in our city and hopefully help us to secure much-needed Grant funds for our project,City of Natalia - before,https://vimeo.com/1006372135#t=15s,[00:15]
8,Cleaner Water for Timpson Texas E3s BiCARBUS Technology in Action Speaker,in the heart of Timpson Texas a new chapter in water safety is beginning the city is partnered with design-build contractor E3 to reduce tth,"Cleaner Water for Timpson, Texas | E3's BiCARBUS Technology in Action",https://vimeo.com/1195770056#t=0s,[00:00]
8,Cleaner Water for Timpson Texas E3s BiCARBUS Technology in Action Speaker,Ms chemical byproducts that can form during water treatment and deliver cleaner safer water for its community at the core of this transformation is e3's,"Cleaner Water for Timpson, Texas | E3's BiCARBUS Technology in Action",https://vimeo.com/1195770056#t=11s,[00:11]
6,Cleaner Water for Timpson Texas E3s BiCARBUS Technology in Action Speaker,Leading Edge by carbis technology designed to establish microbial control in groundwater before they can form harmful byproducts paired with a high efficiency air stripper,"Cleaner Water for Timpson, Texas | E3's BiCARBUS Technology in Action",https://vimeo.com/1195770056#t=23s,[00:23]
4,Cleaner Water for Timpson Texas E3s BiCARBUS Technology in Action Speaker,the system will remove TT HMS and Elevate overall water quality this nearly 1 million dollar Investments Advance Auto metering technology giving the city water,"Cleaner Water for Timpson, Texas | E3's BiCARBUS Technology in Action",https://vimeo.com/1195770056#t=36s,[00:36]
8,Cleaner Water for Timpson Texas E3s BiCARBUS Technology in Action Speaker,consumption data and insight funded through a performance rebuilding program the project reflects a forward-thinking approach to infrastructure E3 continues to redefine Municipal Water Solutions,"Cleaner Water for Timpson, Texas | E3's BiCARBUS Technology in Action",https://vimeo.com/1195770056#t=49s,[00:49]
7,Cleaner Water for Timpson Texas E3s BiCARBUS Technology in Action Speaker,restoring systems extending lifespan and helping communities move forward with confidence cleaner water smarter systems stronger communities E3 built for what's next,"Cleaner Water for Timpson, Texas | E3's BiCARBUS Technology in Action",https://vimeo.com/1195770056#t=64s,[01:04]
6,Andrew Peters,they communicated regularly not just with me is the superintendent and the director of operations but they communicated daily with the principal who is responsible,Communicated daily,https://vimeo.com/671225924#t=0s,[00:00]
1,Andrew Peters,for the building,Communicated daily,https://vimeo.com/671225924#t=12s,[00:12]
1,Award Winner,I love the family atmosphere getting to see everybody and get together as a group and just love on each other it's one of the,DaVinci Award.mp4,https://vimeo.com/797590204#t=0s,[00:00]
8,Award Wander,wonderful things about E3 and something that just stands out from other companies that you just don't get this experience with anybody else,DaVinci Award.mp4,https://vimeo.com/797590204#t=37s,[00:37]
4,Paul Buckner,when you come across unforeseen actions is it something with a with a competitive still proposal or or something where I have contingencies involved once,Design build allowed Director of Construction to avoid asking for more funding,https://vimeo.com/670008583#t=0s,[00:00]
4,Paul Buckner,I hit that contingency amount then it's a you have to go back in front of the board and ask for more money and has,Design build allowed Director of Construction to avoid asking for more funding,https://vimeo.com/670008583#t=12s,[00:12]
5,Paul Buckner,managing projects for school district that is the last thing you want to do is have to go back and ask for more on a,Design build allowed Director of Construction to avoid asking for more funding,https://vimeo.com/670008583#t=21s,[00:21]
4,Paul Buckner,project so that's where I thought the benefit of a design build on that was was very positive for us and going that route,Design build allowed Director of Construction to avoid asking for more funding,https://vimeo.com/670008583#t=30s,[00:30]
4,Paul Buckner,so utilizing design build for this project made the most sense for us versus doing a competitive still proposal or going construction manager at risk,"Design build, flexibility.mp4",https://vimeo.com/670008066#t=0s,[00:00]
4,Paul Buckner,for design-build gave us the flexibility during the project to to design it and make changes easier as things came up whether it was a,"Design build, flexibility.mp4",https://vimeo.com/670008066#t=12s,[00:12]
5,Paul Buckner,different Connection in a lighting and what was originally thought of or one Jim has a different set of another one and having to dip,"Design build, flexibility.mp4",https://vimeo.com/670008066#t=23s,[00:23]
4,Paul Buckner,into contingency and do changes in projects like you would with a competitive silk proposal once it's been out it's been out but the design,"Design build, flexibility.mp4",https://vimeo.com/670008066#t=34s,[00:34]
4,Paul Buckner,build process gave us that flexibility to to design it as well as make alterations during it without having to go through all of the,"Design build, flexibility.mp4",https://vimeo.com/670008066#t=46s,[00:46]
4,Paul Buckner,the paperwork that's involved and everything with with changes and with contingency funds and and everything that comes along with the other procurement methods whether,"Design build, flexibility.mp4",https://vimeo.com/670008066#t=57s,[00:57]
4,Paul Buckner,its construction manager at risk or competitive silk proposals,"Design build, flexibility.mp4",https://vimeo.com/670008066#t=71s,[01:11]
4,Paul Buckner,an instance an example of of how the design build kind of benefited us was one of our gymnasiums in our one of our high,"Design build, gym light example.mp4",https://vimeo.com/670008100#t=0s,[00:00]
6,Paul Buckner,schools changing the gym Lighting in there within a week 2 weeks a month we had multiple different lights go out which is kind of,"Design build, gym light example.mp4",https://vimeo.com/670008100#t=9s,[00:09]
6,Paul Buckner,unusual with LED lighting for those to go out so quickly and what it was found through the subcontractor was how ours were wired in,"Design build, gym light example.mp4",https://vimeo.com/670008100#t=20s,[00:20]
6,Paul Buckner,there they're each plugged in so that the construction guys with E3 with Eric and Jeff and and through the subcontractor they were able to,"Design build, gym light example.mp4",https://vimeo.com/670008100#t=30s,[00:30]
4,Paul Buckner,come up with a plan that was not originally in the scope but to really change out all of those plugs in I am so,"Design build, gym light example.mp4",https://vimeo.com/670008100#t=41s,[00:41]
4,Paul Buckner,that we didn't have continue having this this problem of the various lights going out where it one week we may have one come and,"Design build, gym light example.mp4",https://vimeo.com/670008100#t=50s,[00:50]
4,Paul Buckner,fix it and then two weeks later have another one so after about the third one it was just decided to just go in and,"Design build, gym light example.mp4",https://vimeo.com/670008100#t=61s,[01:01]
4,Paul Buckner,just let's just basically almost rewire every one of these pictures so that that problem gets eliminated,"Design build, gym light example.mp4",https://vimeo.com/670008100#t=70s,[01:10]
8,Paul Buckner,once we were able to figure out the ins and outs of the design build it was a pretty smooth and easy process that we,"Design build, smooth process",https://vimeo.com/670008127#t=0s,[00:00]
4,Paul Buckner,will look at again for future projects,"Design build, smooth process",https://vimeo.com/670008127#t=13s,[00:13]
5,Andrew Peters,so one of the things when we were looking at each of the different firms and try to make what was the best decision for,Designer and installer understand each other,https://vimeo.com/671226549#t=0s,[00:00]
4,Andrew Peters,a Caldwell's we've had some problems with some other issues and other buildings and we wanted to avoid those and one of those things was,Designer and installer understand each other,https://vimeo.com/671226549#t=8s,[00:08]
5,Andrew Peters,we just need to make sure that whoever designed the system and the person installed the system understood each other and understood us so very,Designer and installer understand each other,https://vimeo.com/671226549#t=17s,[00:17]
2,Andrew Peters,early on E3 brought in their engineer met with us as this questions walked our facilities and we felt really good knowing the engineering new,Designer and installer understand each other,https://vimeo.com/671226549#t=27s,[00:27]
6,Andrew Peters,using him and his design obviously he's worked out great so we're really excited about that,Designer and installer understand each other,https://vimeo.com/671226549#t=36s,[00:36]
4,E3 Lead Incentive Program Speaker,hey man I wanted to thank you so much for hooking me up with Robert at the Pearl he got me with Michelle and it,E3 Lead Incentive Program,https://vimeo.com/1180575753#t=0s,[00:00]
4,E3 Lead Incentive Program Speaker,looks like it's going to end up being a really good project oh that's awesome Robert and I are good old friend so I know,E3 Lead Incentive Program,https://vimeo.com/1180575753#t=9s,[00:09]
4,E3 Lead Incentive Program Speaker,they needed a bunch of help I'm glad we're getting something done out there so what's next I mean nothing we've got it looks like,E3 Lead Incentive Program,https://vimeo.com/1180575753#t=20s,[00:20]
4,E3 Lead Incentive Program Speaker,"it's going to be about a 3 million dollar project so that's about $5,500 in commission for you at the end of the project oh",E3 Lead Incentive Program,https://vimeo.com/1180575753#t=31s,[00:31]
4,E3 Lead Incentive Program Speaker,that's sweet all right well I'll be at the next meeting out there for sure no no you don't need to be in another meeting,E3 Lead Incentive Program,https://vimeo.com/1180575753#t=41s,[00:41]
4,E3 Lead Incentive Program Speaker,I've got it no meeting nothing so well how about this then no meeting I've got extra tickets to the musical Cats coming up will,E3 Lead Incentive Program,https://vimeo.com/1180575753#t=52s,[00:52]
6,E3 Lead Incentive Program Speaker,go we'll talk at intermission business it'll be great no no you're right I don't know so maybe maybe how about this we take them,E3 Lead Incentive Program,https://vimeo.com/1180575753#t=63s,[01:03]
6,E3 Lead Incentive Program Speaker,out on the town we go clubbing dancing I've been working on my moves it'll be a great time look at this like hang on,E3 Lead Incentive Program,https://vimeo.com/1180575753#t=74s,[01:14]
4,E3 Lead Incentive Program Speaker,hang on I'll be right back absolutely no no I got it all right come on I'm ready to go where did you get that,E3 Lead Incentive Program,https://vimeo.com/1180575753#t=84s,[01:24]
8,E3 Lead Incentive Program Speaker,it doesn't matter if we were leaving now we can still make happy hour come on I'll be great man,E3 Lead Incentive Program,https://vimeo.com/1180575753#t=93s,[01:33]
8,Tim Evans,E3 is a design build engineering firm with specialized in LED lighting retrofits we can be a single point of contact for the customer so,E3 Lighting Video,https://vimeo.com/228390512#t=0s,[00:00]
4,Tim Evans,we have the engineers who can design we have project managers that will install and we have performance managers who can guarantee and verify that,E3 Lighting Video,https://vimeo.com/228390512#t=10s,[00:10]
9,Tim Evans,the savings are being met we knew that we had the potential to save some money through the lighting retrofit and provide a better environment,E3 Lighting Video,https://vimeo.com/228390512#t=21s,[00:21]
5,James Hartman,for our faculty and for our students instead of having a lump sum of money sitting in a bank account earning less than 1% a,E3 Lighting Video,https://vimeo.com/228390512#t=31s,[00:31]
5,Adam Quinn,year they can look at these types of projects and the LED technology as more of a way 10 or 15 or maybe even 20%,E3 Lighting Video,https://vimeo.com/228390512#t=41s,[00:41]
6,Adam Quinn,on their money hopefully on the annual basis going to be able to pay for a experienced teacher with the savings that we'll see in,E3 Lighting Video,https://vimeo.com/228390512#t=49s,[00:49]
4,Hawkins Iso,a lot being brand new troll allows us the ability to go Source Products from multiple manufacturers and present those in a way that's going,E3 Lighting Video,https://vimeo.com/228390512#t=59s,[00:59]
5,Were Haddens,to produce the best outcome for for the facility they were looking for something that actually fit fit our needs to sell any one particular,E3 Lighting Video,https://vimeo.com/228390512#t=69s,[01:09]
5,Cooke Coul,product it was how can we improve the other day that we had a middle school basketball game that was the first time I'd been,E3 Lighting Video,https://vimeo.com/228390512#t=80s,[01:20]
4,Mike Craft,in there to be able to see that and I spent the majority of my years in that particular Jim it was like a whole,E3 Lighting Video,https://vimeo.com/228390512#t=89s,[01:29]
6,Mike Craft,new Jim it was an incredible experience and then secondly I think the relationship that they have with them being a public school we access,E3 Lighting Video,https://vimeo.com/228390512#t=98s,[01:38]
5,Mike Craft,tasbeeh services for a variety of things saving some money and making things better for kids and staff was a no-brainer for us,E3 Lighting Video,https://vimeo.com/228390512#t=108s,[01:48]
4,Klip Weaver,we wanted to build a company that people wanted to come to work for we wanted to build a company that our clients wanted to,E3 Promotional Full,https://vimeo.com/221011985#t=0s,[00:00]
6,Klip Weaver,call us back what we do is replace HVAC in mechanical systems we upgrade Lighting systems we retro commission and install control systems to make,E3 Promotional Full,https://vimeo.com/221011985#t=9s,[00:09]
5,Klip Weaver,buildings work right but that's what we do those are the tools that we used to accomplish the bigger picture and that being making classrooms,E3 Promotional Full,https://vimeo.com/221011985#t=20s,[00:20]
6,Klip Weaver,and Facilities more comfortable making them more efficient improving indoor air quality reducing the first maintenance we had a mindset that we wanted to bring,E3 Promotional Full,https://vimeo.com/221011985#t=31s,[00:31]
4,Don Meek,to the to the business and a culture that we wanted to bring to the business that is different than what you find in most,E3 Promotional Full,https://vimeo.com/221011985#t=43s,[00:43]
4,Don Meek,construction organizations typically you've got the get in get out mindset we really wanted to change that and we really wanted to do the right,E3 Promotional Full,https://vimeo.com/221011985#t=52s,[00:52]
4,Don Meek,things for the right reasons for the client we have four distinct areas of our company that we used to serve our clients this is,E3 Promotional Full,https://vimeo.com/221011985#t=63s,[01:03]
6,Don Meek,the mailman or sales engineering construction and project management in the Performance Management Group each of these areas is critical to the success of e3,E3 Promotional Full,https://vimeo.com/221011985#t=73s,[01:13]
6,Don Meek,having the engineering and Construction in house allows E3 to provide comprehensive programs in the design Bill world and on the project from start to,E3 Promotional Full,https://vimeo.com/221011985#t=85s,[01:25]
4,Rick Foreman,finish we felt better going into it as a group that that was better for us in those particular projects contractors the function of the,E3 Promotional Full,https://vimeo.com/221011985#t=97s,[01:37]
6,Rick Foreman,project made it easy for me to put a complicated issue in the hands of people that I knew had the experience to see it,E3 Promotional Full,https://vimeo.com/221011985#t=107s,[01:47]
5,Rick Foreman,through I mean I had to put my Stevie Wonder glasses on the light I mean it made a difference in an impact teachers were,E3 Promotional Full,https://vimeo.com/221011985#t=116s,[01:56]
8,Rick Foreman,talking about it quite a bit I mean and it saved us quite a bit of money they've been able to demonstrate time after time,E3 Promotional Full,https://vimeo.com/221011985#t=125s,[02:05]
10,Stetson Roane,and energy savings an on-time delivery and satisfied Board of Trustees the energy project help us save some dollars and help us control the environment,E3 Promotional Full,https://vimeo.com/221011985#t=135s,[02:15]
5,Bob Atkins,and small amount of money but it also played a part in that 70000 increase do more comfortable looking at getting the new upgrade LED,E3 Promotional Full,https://vimeo.com/221011985#t=146s,[02:26]
5,Fernando Castillo,upgrade HVAC upgrade and turn around and instead of paying the bill now we're paying the the money to pay for the actual structure and,E3 Promotional Full,https://vimeo.com/221011985#t=156s,[02:36]
5,Fernando Castillo,to pay for the upgrade of the LED honestly that's a win-win when we approach a project we understand that we have a scope of,E3 Promotional Full,https://vimeo.com/221011985#t=167s,[02:47]
4,Fernando Castillo,work the customer typically won't remember you for that what they pay for what they will typically remember you for is the value-added services that,E3 Promotional Full,https://vimeo.com/221011985#t=176s,[02:56]
4,Fernando Castillo,you bring to the to the project will be getting ready to the project and we had an air conditioner go out early and there's,E3 Promotional Full,https://vimeo.com/221011985#t=188s,[03:08]
4,Fernando Castillo,one that we were going to replace in the summer time and so they come in and replace it and just put it into our,E3 Promotional Full,https://vimeo.com/221011985#t=197s,[03:17]
4,Fernando Castillo,into our project when they started it in June so that was play good for us there was some doors that that you know they,E3 Promotional Full,https://vimeo.com/221011985#t=206s,[03:26]
4,Fernando Castillo,were putting locks on and and basically said we needed to replace them we didn't have to do that but for my understanding that they,E3 Promotional Full,https://vimeo.com/221011985#t=215s,[03:35]
4,Fernando Castillo,replace the doors it wasn't an extra charge on our part they just did it because it needed to be done I mean they didn't,E3 Promotional Full,https://vimeo.com/221011985#t=225s,[03:45]
4,Velma Rangel,scream the dollars which you'll never hear us say is it's not my problem you won't ever hear a say it's not my problem we,E3 Promotional Full,https://vimeo.com/221011985#t=234s,[03:54]
1,Velma Rangel,will find a solution no matter whether we have questions or we've got any kind of issues they're always here to assist us 24/7 has,E3 Promotional Full,https://vimeo.com/221011985#t=243s,[04:03]
4,Velma Rangel,been around for years even as a principal you heard of the committee recognizes is the song is the superintendent my goal is to try,E3 Promotional Full,https://vimeo.com/221011985#t=253s,[04:13]
7,Velma Rangel,to improve student performance so I take the savings that I get from the energy and I try to put those savings into our kids,E3 Promotional Full,https://vimeo.com/221011985#t=263s,[04:23]
6,Velma Rangel,or any other Avenue definitely goes back to our students mostly in resources that are needed for the teachers to help with instructions are we,E3 Promotional Full,https://vimeo.com/221011985#t=273s,[04:33]
2,Velma Rangel,done everything from provide MacBooks to our high school students to mini iPads in the hands of our middle school students my question was always,E3 Promotional Full,https://vimeo.com/221011985#t=284s,[04:44]
6,Rudy Rodriguez,are we going to disrupt any classes we never disrupted any classes at night on the weekends and they were always on time I never,E3 Promotional Full,https://vimeo.com/221011985#t=295s,[04:55]
4,Rudy Rodriguez,had a problem with them and as far as I know we do it again I use them again cuz it is a good play,E3 Promotional Full,https://vimeo.com/221011985#t=305s,[05:05]
5,Rudy Rodriguez,we never had problems with all those things heating cooling all those little intangibles helped the whole organization in the student outcomes go in a,E3 Promotional Full,https://vimeo.com/221011985#t=312s,[05:12]
4,Rudy Rodriguez,better place nothing happens to something sold to do that you've got an engineer and you've got an engineer correctly once this engineered you have,E3 Promotional Full,https://vimeo.com/221011985#t=324s,[05:24]
5,Rudy Rodriguez,to install it correctly and then once it's installed it has to work properly to accomplish our goals and accomplish the goals of the client,E3 Promotional Full,https://vimeo.com/221011985#t=335s,[05:35]
1,Rudy Rodriguez,we do each of these phases of the project right now,E3 Promotional Full,https://vimeo.com/221011985#t=346s,[05:46]
4,Klip Weaver,we wanted to build a company that people wanted to come to work for we wanted to build a company that our clients wanted to,E3 Promotional,https://vimeo.com/241542488#t=0s,[00:00]
6,Klip Weaver,call us back what we do is replace HVAC in mechanical systems we upgrade Lighting systems we retro commission and install control systems to make,E3 Promotional,https://vimeo.com/241542488#t=9s,[00:09]
5,Klip Weaver,buildings work right but that's what we do those are the tools that we used to accomplish the bigger picture and that being making classrooms,E3 Promotional,https://vimeo.com/241542488#t=20s,[00:20]
6,Klip Weaver,and Facilities more comfortable making them more efficient improving indoor air quality reducing the first maintenance we have a mindset that we wanted to bring,E3 Promotional,https://vimeo.com/241542488#t=30s,[00:30]
4,Don Meek,to the to the business and a culture that we wanted to bring to the business that is different than what you find in most,E3 Promotional,https://vimeo.com/241542488#t=42s,[00:42]
4,Don Meek,construction organizations typically you've got the get in get out mindset we really wanted to change that and we really wanted to do the right,E3 Promotional,https://vimeo.com/241542488#t=51s,[00:51]
4,Don Meek,things for the right reasons for the client we have four distinct areas of our company that we used to serve our clients this is,E3 Promotional,https://vimeo.com/241542488#t=62s,[01:02]
6,Don Meek,the mailman or sales engineering construction and project management in the Performance Management Group each of these areas is critical to the success of e3,E3 Promotional,https://vimeo.com/241542488#t=72s,[01:12]
6,Don Meek,having the engineering and Construction in house allows E3 to provide comprehensive programs in the design Bill world and on the project from start to,E3 Promotional,https://vimeo.com/241542488#t=83s,[01:23]
6,Hondo Inderendons,finish the design build function of the project made it easy for me to put a complicated issue in the hands of people experience to,E3 Promotional,https://vimeo.com/241542488#t=95s,[01:35]
5,Hondo Inderendons,see it through I mean I had to put my Stevie Wonder glasses on I mean it made a difference in an impact teachers were,E3 Promotional,https://vimeo.com/241542488#t=104s,[01:44]
8,Stetson Roane,talking about it quite a bit I mean and it saved us quite a bit of money they've been able to demonstrate time after time,E3 Promotional,https://vimeo.com/241542488#t=113s,[01:53]
10,Stetson Roane,and energy savings an on-time delivery and satisfied border trustees looking at getting the new upgrade LED upgrade HVAC upgrade and turn around and instead,E3 Promotional,https://vimeo.com/241542488#t=122s,[02:02]
4,Fernando Castillo,of paying the bill now we're paying the the money to pay for the actual construction and to pay for the upgrade honestly that's a,E3 Promotional,https://vimeo.com/241542488#t=134s,[02:14]
4,Fernando Castillo,win-win when we approach a project we understand that we have a scope of work the customer typically won't remember you for that what they,E3 Promotional,https://vimeo.com/241542488#t=144s,[02:24]
4,Fernando Castillo,pay for what they will typically remember you for is the value added is that you bring to the to the project which you'll never,E3 Promotional,https://vimeo.com/241542488#t=154s,[02:34]
5,Velma Rangel,hear is say is it's not my problem you will never hear a say it's not my problem we will find a solution no matter,E3 Promotional,https://vimeo.com/241542488#t=164s,[02:44]
1,Velma Rangel,whether we have questions or we've got any kind of issues they're always here to assist us 24/7 has been around for years even as,E3 Promotional,https://vimeo.com/241542488#t=172s,[02:52]
1,Velma Rangel,a principal and has an AP you heard a task 831 my question was always are we going to disrupt any classes we never disrupted,E3 Promotional,https://vimeo.com/241542488#t=182s,[03:02]
6,Rudy Rodriguez,any classes at night on the weekends and they were always on time I never had a problem with them and as far as I,E3 Promotional,https://vimeo.com/241542488#t=191s,[03:11]
4,Rudy Rodriguez,know we do it again I use them again cuz it is a good company that we never had nothing happens till something sold to,E3 Promotional,https://vimeo.com/241542488#t=200s,[03:20]
5,Rudy Rodriguez,do that you've got an engineer you've got an engineer correctly once this engineered you have to install it correctly and then once it's installed,E3 Promotional,https://vimeo.com/241542488#t=208s,[03:28]
1,Rudy Rodriguez,it has to work properly to accomplish our goals and accomplish the goals of the client we do each of these phases of the project,E3 Promotional,https://vimeo.com/241542488#t=219s,[03:39]
4,Rudy Rodriguez,right and our clients willingness to use this over and over again is a testament to that,E3 Promotional,https://vimeo.com/241542488#t=229s,[03:49]
5,Sonny Fletcher,we're about to give three different perspectives and really three different stories of problems the school district's face when it comes to facility renovation we're,E3 TASB SLI 2020 Presentation,https://vimeo.com/431968540#t=0s,[00:00]
5,Sonny Fletcher,hoping that this is going to give you guys some ideas on how to tackle problems that every school district deals with every school district,E3 TASB SLI 2020 Presentation,https://vimeo.com/431968540#t=12s,[00:12]
4,Sonny Fletcher,deals with a couple of different things there's a often a lack of resources time is is a problem and maybe if I have the,E3 TASB SLI 2020 Presentation,https://vimeo.com/431968540#t=22s,[00:22]
4,Sonny Fletcher,money and the time I might not have the expertise to get the ball rolling so we're going to go through three different perspectives on,E3 TASB SLI 2020 Presentation,https://vimeo.com/431968540#t=31s,[00:31]
5,Sonny Fletcher,how to get some projects rolling and the best practices in doing there's a famous quote from Thomas Edison that there's a better way we,E3 TASB SLI 2020 Presentation,https://vimeo.com/431968540#t=41s,[00:41]
5,Sonny Fletcher,are trying to find the better way constantly and we really believe that all school districts want to find the better way as well if,E3 TASB SLI 2020 Presentation,https://vimeo.com/431968540#t=51s,[00:51]
4,Sonny Fletcher,they're willing to search if they're willing to think about things and maybe a little bit of a different way so the three different perspectives,E3 TASB SLI 2020 Presentation,https://vimeo.com/431968540#t=60s,[01:00]
4,Sonny Fletcher,that we're going to share come from Katy ISD is Chad Corbett and Galena Park ISD Sunny Fletcher and Liberty ISD which is the superintendent,E3 TASB SLI 2020 Presentation,https://vimeo.com/431968540#t=71s,[01:11]
6,Sonny Fletcher,Cody Abshire now all three of these schools are very different and the needs of their students the funding mechanisms and the needs of these,E3 TASB SLI 2020 Presentation,https://vimeo.com/431968540#t=81s,[01:21]
6,Sonny Fletcher,projects I'll describe each one is that Katie ISD was really wanting to figure out the best way to retrofit LED lights Katy ISD has,E3 TASB SLI 2020 Presentation,https://vimeo.com/431968540#t=92s,[01:32]
5,Sonny Fletcher,millions of square feet in their particular instance they wanted to or they were able to use Bond dollars this was a bond project that,E3 TASB SLI 2020 Presentation,https://vimeo.com/431968540#t=101s,[01:41]
7,Sonny Fletcher,had been passed multiple years ago they wanted to find the most effective and efficient way to install LED lights Galena Park again was a,E3 TASB SLI 2020 Presentation,https://vimeo.com/431968540#t=111s,[01:51]
7,Sonny Fletcher,bond project and they were going to it was an HVAC project at a very old elementary school lots of different complications multiple different kinds,E3 TASB SLI 2020 Presentation,https://vimeo.com/431968540#t=121s,[02:01]
6,Sonny Fletcher,of systems on this Elementary School that they were going to renovate the HVAC system and they were trying to figure out what is the,E3 TASB SLI 2020 Presentation,https://vimeo.com/431968540#t=132s,[02:12]
5,Sonny Fletcher,best most effective way to get that done and there is they decided to choose design build which they hadn't done period system using a,E3 TASB SLI 2020 Presentation,https://vimeo.com/431968540#t=142s,[02:22]
7,Sonny Fletcher,through it wasn't a bond project they had multiple different issues with HVAC and lighting and controls and their buildings the way that they perceive,E3 TASB SLI 2020 Presentation,https://vimeo.com/431968540#t=152s,[02:32]
6,Sonny Fletcher,them were very inefficient that used a lot of energy and they weren't comfortable they had uncomfortable buildings and so they were looking for ways,E3 TASB SLI 2020 Presentation,https://vimeo.com/431968540#t=163s,[02:43]
5,Sonny Fletcher,to fund a project that could fix HVAC and not just fix it but fix the environment make the environment feel better and more of,E3 TASB SLI 2020 Presentation,https://vimeo.com/431968540#t=174s,[02:54]
9,Sonny Fletcher,a comfortable learning environment and then but also save money so it was fix it fix it the best way to save money and they,E3 TASB SLI 2020 Presentation,https://vimeo.com/431968540#t=183s,[03:03]
4,Sonny Fletcher,chose a design build method to do all of these are funding mechanism financing method a maintenance tax node in order to fund the rest,E3 TASB SLI 2020 Presentation,https://vimeo.com/431968540#t=192s,[03:12]
4,Sonny Fletcher,of the project one of the main takeaways that we're hoping that you find is that what is perceived as a lack of funding or,E3 TASB SLI 2020 Presentation,https://vimeo.com/431968540#t=202s,[03:22]
4,Sonny Fletcher,or we don't have the money does it have to be something that stops you from doing this projects or hoping that you see is,E3 TASB SLI 2020 Presentation,https://vimeo.com/431968540#t=211s,[03:31]
4,Sonny Fletcher,that there can be some of these projects can come under budget if done certain ways another one that is really going to talk about,E3 TASB SLI 2020 Presentation,https://vimeo.com/431968540#t=220s,[03:40]
5,Sonny Fletcher,is that led lights or any type of project controls projects or any type of projects that reduces your m&o budget long-term helps fund itself,E3 TASB SLI 2020 Presentation,https://vimeo.com/431968540#t=230s,[03:50]
6,Sonny Fletcher,so you already have the money in your budget you just when an HVAC system finally fails your children and your teachers are going to,E3 TASB SLI 2020 Presentation,https://vimeo.com/431968540#t=240s,[04:00]
6,Sonny Fletcher,have air conditioning if you're not budgeting for that HVAC system it doesn't mean that you're not going to replace it it just means that,E3 TASB SLI 2020 Presentation,https://vimeo.com/431968540#t=250s,[04:10]
4,Sonny Fletcher,you're not budgeting for it you'll find it somewhere somehow so we want we're trying to encourage all of our board members or board members,E3 TASB SLI 2020 Presentation,https://vimeo.com/431968540#t=260s,[04:20]
6,Sonny Fletcher,students to look at their budgets long-term to say well if we look at this holistically if we start doing LED lights or controls and,E3 TASB SLI 2020 Presentation,https://vimeo.com/431968540#t=270s,[04:30]
4,Sonny Fletcher,try to reduce our energy profile or if we look at these deferred maintenance like HVAC and chillers that are going to fail on assume,E3 TASB SLI 2020 Presentation,https://vimeo.com/431968540#t=280s,[04:40]
4,Sonny Fletcher,we just don't have a plan for it that doesn't mean you're not going to spend the money for it it just means you don't,E3 TASB SLI 2020 Presentation,https://vimeo.com/431968540#t=290s,[04:50]
4,Sonny Fletcher,have a plan for it so we're hoping just because what it seems like we don't have the money for it shouldn't necessarily be a,E3 TASB SLI 2020 Presentation,https://vimeo.com/431968540#t=298s,[04:58]
4,Sonny Fletcher,reason that you can't do these projects there are ways to creatively fun and to look at your budget long term from a construction standpoint,E3 TASB SLI 2020 Presentation,https://vimeo.com/431968540#t=308s,[05:08]
7,Sonny Fletcher,the units that are being changed at Liberty Middle School are pretty simple the rooftop units we switch them out all the time if you,E3 TASB SLI 2020 Presentation,https://vimeo.com/431968540#t=318s,[05:18]
4,Sonny Fletcher,were just doing the survey and designing it it would be like oh it's about this much money in the budget would come off really,E3 TASB SLI 2020 Presentation,https://vimeo.com/431968540#t=328s,[05:28]
6,Sonny Fletcher,quickly however when you look into the complexity of this project it's not as simple as just switching rooftop units in order to switch these,E3 TASB SLI 2020 Presentation,https://vimeo.com/431968540#t=337s,[05:37]
2,Sonny Fletcher,two rooftop units and how they are positioned on this particular roof we have to get the largest our understanding is the largest crane that,E3 TASB SLI 2020 Presentation,https://vimeo.com/431968540#t=347s,[05:47]
4,Sonny Fletcher,on Wheels in the state of Texas it's the only way that we can get a boom that far over the building in order to,E3 TASB SLI 2020 Presentation,https://vimeo.com/431968540#t=358s,[05:58]
4,Sonny Fletcher,pick these units up and put them somewhere else this could be easily overlooked if you didn't pick a good designer that also knew the,E3 TASB SLI 2020 Presentation,https://vimeo.com/431968540#t=366s,[06:06]
6,Sonny Fletcher,construction process that could think about well yeah that's just an easy rooftop unit that we can change out but in order to actually change,E3 TASB SLI 2020 Presentation,https://vimeo.com/431968540#t=376s,[06:16]
4,Sonny Fletcher,it out these things have to be done it's just an example of when you're looking at a project you need to look at it,E3 TASB SLI 2020 Presentation,https://vimeo.com/431968540#t=386s,[06:26]
5,Sonny Fletcher,from the whole system perspective not just I need to change out some lights I need to change out some HVAC systems how are you,E3 TASB SLI 2020 Presentation,https://vimeo.com/431968540#t=395s,[06:35]
4,Sonny Fletcher,wanting this building to operate and what is it going to take to actually make it do that Liberty ISD had a lot of it,E3 TASB SLI 2020 Presentation,https://vimeo.com/431968540#t=404s,[06:44]
5,Sonny Fletcher,is not difficult and every school district should know this is not that difficult to provide cold air it's also not that difficult to provide,E3 TASB SLI 2020 Presentation,https://vimeo.com/431968540#t=413s,[06:53]
4,Sonny Fletcher,hot air what is difficult especially in humid areas is providing temperate are that is that isn't extremely humid for an extended period of time,E3 TASB SLI 2020 Presentation,https://vimeo.com/431968540#t=423s,[07:03]
7,Sonny Fletcher,that's why these HVAC systems and when you look at your buildings and how they operate it's not as easy as well let's just get,E3 TASB SLI 2020 Presentation,https://vimeo.com/431968540#t=434s,[07:14]
5,Sonny Fletcher,some air conditioners to blow cold air we can you can freeze out your teachers really quickly with the wrong system the same thing goes,E3 TASB SLI 2020 Presentation,https://vimeo.com/431968540#t=443s,[07:23]
5,Sonny Fletcher,with heating its butt to look at them as a system and they all work together in order to make that classroom comfortable for your,E3 TASB SLI 2020 Presentation,https://vimeo.com/431968540#t=453s,[07:33]
9,Sonny Fletcher,students and your teachers to actually class that's the hard part that's why that's why HP HVAC systems aren't as easy as just blowing cold,E3 TASB SLI 2020 Presentation,https://vimeo.com/431968540#t=463s,[07:43]
4,Sonny Fletcher,air and blowing hot air as a teacher that goes on to become an administrator and maybe an assistant superintendent in the district they got,E3 TASB SLI 2020 Presentation,https://vimeo.com/431968540#t=473s,[07:53]
4,Sonny Fletcher,trained early in their career to think in 9 months I've got a challenge or an opportunity with this student I need to help them,E3 TASB SLI 2020 Presentation,https://vimeo.com/431968540#t=483s,[08:03]
4,Sonny Fletcher,work through whatever situation that might be maybe there a little bit learning challenge so if they're learning challenge okay I'm going to I got,E3 TASB SLI 2020 Presentation,https://vimeo.com/431968540#t=493s,[08:13]
5,Sonny Fletcher,to get through this school year how do I get them through even an element number one issue would be how do we fit a,E3 TASB SLI 2020 Presentation,https://vimeo.com/431968540#t=503s,[08:23]
5,Sonny Fletcher,renovation in with students the main goal of the facility is to educate students but facilities updated and that's our biggest challenge is how do,E3 TASB SLI 2020 Presentation,https://vimeo.com/431968540#t=512s,[08:32]
4,Sonny Fletcher,we fit and especially how do we fit that in with the delivery methods that the statutes allow us to use if you if you,E3 TASB SLI 2020 Presentation,https://vimeo.com/431968540#t=523s,[08:43]
4,Sonny Fletcher,do a CSP method competitive seal proposal method you've got an architect engineer very early on in the project that are designing what they think,E3 TASB SLI 2020 Presentation,https://vimeo.com/431968540#t=531s,[08:51]
5,Sonny Fletcher,in their opinion is the best way and of course taking the owners input and whomever the owner would need to be many times I,E3 TASB SLI 2020 Presentation,https://vimeo.com/431968540#t=542s,[09:02]
6,Sonny Fletcher,even like to have students in the room sometimes they have the best ideas on how we might renovate and what might work and you,E3 TASB SLI 2020 Presentation,https://vimeo.com/431968540#t=551s,[09:11]
6,Sonny Fletcher,know from their perspective and for them there's no box so that's a wonderful person to have in the room as we're figuring out those,E3 TASB SLI 2020 Presentation,https://vimeo.com/431968540#t=560s,[09:20]
4,Sonny Fletcher,challenges but with CSP you've got an architect doing that very early then you go out for proposals bids and then you get that price,E3 TASB SLI 2020 Presentation,https://vimeo.com/431968540#t=570s,[09:30]
4,Sonny Fletcher,and then you if hopefully your documents the competitive steel proposal documents adequately addressed how will that buildings or Renovations going to happen facility Renovations,E3 TASB SLI 2020 Presentation,https://vimeo.com/431968540#t=580s,[09:40]
4,Sonny Fletcher,going to happen and then a contractor and a subcontractor are going to get their opinions on how that process does or does not work,E3 TASB SLI 2020 Presentation,https://vimeo.com/431968540#t=593s,[09:53]
4,Sonny Fletcher,or maybe will or will not work were there other methods that my opinion work really well for that design build helps everybody be in,E3 TASB SLI 2020 Presentation,https://vimeo.com/431968540#t=603s,[10:03]
4,Sonny Fletcher,the same room at the same place and work on all that together to solve that that problem that situation as you could imagine a,E3 TASB SLI 2020 Presentation,https://vimeo.com/431968540#t=613s,[10:13]
5,Sonny Fletcher,district takes their bond projects and prioritizes them other departments particularly maintenance and operations have other projects they're trying to proactive as well and do,E3 TASB SLI 2020 Presentation,https://vimeo.com/431968540#t=622s,[10:22]
4,Sonny Fletcher,the wisdom of our CFO we put us all in the same room to talk through all the projects and understand what is going on,E3 TASB SLI 2020 Presentation,https://vimeo.com/431968540#t=635s,[10:35]
8,Sonny Fletcher,in E3 got with the district and prepared a let's call it a 5-year plan for some projects what the savings would potential savings would,E3 TASB SLI 2020 Presentation,https://vimeo.com/431968540#t=643s,[10:43]
7,Sonny Fletcher,be from those projects and how that savings could be used through a Seco loan potentially to finance the projects they wanted to get done,E3 TASB SLI 2020 Presentation,https://vimeo.com/431968540#t=653s,[10:53]
7,Sonny Fletcher,turns out one of the projects had already been outlined in our bond so we like the idea that E3 was proposing with the sequel,E3 TASB SLI 2020 Presentation,https://vimeo.com/431968540#t=664s,[11:04]
5,Sonny Fletcher,alone but we wanted to say wait we've got a bond project we have not done design build in Galena Park and so maybe we,E3 TASB SLI 2020 Presentation,https://vimeo.com/431968540#t=673s,[11:13]
4,Sonny Fletcher,do a project with the design build see who are designed Builder turns out to be and let's just see how that project works I,E3 TASB SLI 2020 Presentation,https://vimeo.com/431968540#t=681s,[11:21]
4,Sonny Fletcher,was familiar with design build as a delivery method so we said yeah that's perfect because we were I'll call it out of sequence for,E3 TASB SLI 2020 Presentation,https://vimeo.com/431968540#t=691s,[11:31]
5,Sonny Fletcher,school district construction we weren't going to hit our typical construction summer construction window and so he said well maybe design Builder with typical competitive,E3 TASB SLI 2020 Presentation,https://vimeo.com/431968540#t=700s,[11:40]
4,Sonny Fletcher,field proposal they want to work 7:00 in the morning till 4:00 in the afternoon I hope with design build we could get some contract,E3 TASB SLI 2020 Presentation,https://vimeo.com/431968540#t=713s,[11:53]
4,Sonny Fletcher,some subcontractors and contractors that wanted to work evenings that wanted to work weekends which is I've seen success with that and other districts and,E3 TASB SLI 2020 Presentation,https://vimeo.com/431968540#t=722s,[12:02]
6,Sonny Fletcher,so I hope we could get to that and sure enough we did so it was a wonderful way using the design build process was,E3 TASB SLI 2020 Presentation,https://vimeo.com/431968540#t=734s,[12:14]
7,Sonny Fletcher,a wonderful way to get our challenge is of how do we renovate school during the school year not just the summer but renovate it,E3 TASB SLI 2020 Presentation,https://vimeo.com/431968540#t=742s,[12:22]
6,Sonny Fletcher,during the school year renovated during those little breaks Thanksgiving break and play and it was a good solution to get us where we needed,E3 TASB SLI 2020 Presentation,https://vimeo.com/431968540#t=752s,[12:32]
7,Sonny Fletcher,to be with an upgraded HVAC system that the principal was very happy very tough principal and she was very happy with how that turned,E3 TASB SLI 2020 Presentation,https://vimeo.com/431968540#t=762s,[12:42]
4,Sonny Fletcher,out I quote I didn't know the building was going to smell that good with design build there's a little bit more upfront time because,E3 TASB SLI 2020 Presentation,https://vimeo.com/431968540#t=772s,[12:52]
4,Sonny Fletcher,you've got to prepare a RFQ for the design Builders to respond to so it was a little bit of time for us getting that,E3 TASB SLI 2020 Presentation,https://vimeo.com/431968540#t=782s,[13:02]
4,Sonny Fletcher,rolling and getting that advertised and getting the design Builder procured but after we completed that process things move very quickly with our design build,E3 TASB SLI 2020 Presentation,https://vimeo.com/431968540#t=790s,[13:10]
1,Sonny Fletcher,schedule because you because the design Builder the contractor if you want to use that phrase and the designer or in the room and the,E3 TASB SLI 2020 Presentation,https://vimeo.com/431968540#t=802s,[13:22]
4,Sonny Fletcher,owner's architect required by the statute or all in the room you make decisions much more quickly and you you're able to Pivot and adjust,E3 TASB SLI 2020 Presentation,https://vimeo.com/431968540#t=812s,[13:32]
4,Sonny Fletcher,very quickly we went from an RFQ to constructing in 4 months as I recall I keep you know doing it typical design CSP build,E3 TASB SLI 2020 Presentation,https://vimeo.com/431968540#t=822s,[13:42]
6,Sonny Fletcher,that's 6 to 8 months at a minimum maybe 9 or 10 so we were very happy with the the timetable getting compressed and then,E3 TASB SLI 2020 Presentation,https://vimeo.com/431968540#t=831s,[13:51]
10,Sonny Fletcher,having Creative Solutions to allowed that allowed us to construct during the school year that was great with minimal impact to Student Learning environments that,E3 TASB SLI 2020 Presentation,https://vimeo.com/431968540#t=840s,[14:00]
5,Sonny Fletcher,was perfect at the very beginning of the design build process it's very important you define your needs so I need a classroom example with,E3 TASB SLI 2020 Presentation,https://vimeo.com/431968540#t=852s,[14:12]
4,Sonny Fletcher,72° are 50% relative humidity and meet ashrae for fresh air requirements and you know carbon dioxide you know keeping those levels to the minimum,E3 TASB SLI 2020 Presentation,https://vimeo.com/431968540#t=862s,[14:22]
6,Sonny Fletcher,for student attention proper environment so on and so forth that's a that's a that is definitely a need we want it to be efficient,E3 TASB SLI 2020 Presentation,https://vimeo.com/431968540#t=873s,[14:33]
6,Sonny Fletcher,it needs to be efficient at a certain level but we getting those needs and wants to find and maybe all maybe one way to,E3 TASB SLI 2020 Presentation,https://vimeo.com/431968540#t=882s,[14:42]
6,Shogun Inferno,explain it is to talk about a building you need to have 750 square foot classroom for 22 students you want it to have you,E3 TASB SLI 2020 Presentation,https://vimeo.com/431968540#t=891s,[14:51]
4,Shogun Inferno,want it to have cast to the corridor you want it to have maybe a new wall so in a lockdown procedure we all know,E3 TASB SLI 2020 Presentation,https://vimeo.com/431968540#t=900s,[15:00]
4,Shogun Inferno,we go hide behind that wall as part of our safety protocol those are all need but the one of having the glass and having,E3 TASB SLI 2020 Presentation,https://vimeo.com/431968540#t=908s,[15:08]
5,Shogun Inferno,the exterior light coming in maybe those are ones and with design build whether it's a lighting retrofit and you need to have the appropriate,E3 TASB SLI 2020 Presentation,https://vimeo.com/431968540#t=917s,[15:17]
4,Shogun Inferno,foot candles for what's going what's for that space is needs maybe you want to have a nice looking like fixture so by having the,E3 TASB SLI 2020 Presentation,https://vimeo.com/431968540#t=927s,[15:27]
4,Shogun Inferno,design Builder their designer maybe they're subcontractor in the room with the owner's representative the owner's architecture engineer you can create okay we're needs this,E3 TASB SLI 2020 Presentation,https://vimeo.com/431968540#t=937s,[15:37]
4,Shogun Inferno,way this way this way this way this way and now we've got maybe we've got a little bit of our project budget left over,E3 TASB SLI 2020 Presentation,https://vimeo.com/431968540#t=950s,[15:50]
4,Shogun Inferno,that we can now work on some of these ones and maybe some of those ones or two first where we get a two-for-one we,E3 TASB SLI 2020 Presentation,https://vimeo.com/431968540#t=958s,[15:58]
4,Shogun Inferno,get our need and we can get our want at the same time and that's what I really like about design build I've got everybody,E3 TASB SLI 2020 Presentation,https://vimeo.com/431968540#t=967s,[16:07]
5,Shogun Inferno,in the room to address my needs of the students and I can get my wants addressed right there at the same time because I've,E3 TASB SLI 2020 Presentation,https://vimeo.com/431968540#t=976s,[16:16]
4,Shogun Inferno,got everybody in the room that can help me make the financial decisions so I can get my wants I hope that so it's I,E3 TASB SLI 2020 Presentation,https://vimeo.com/431968540#t=985s,[16:25]
5,Shogun Inferno,find it a perfect way to be sure the needs of the students the needs of the district are met and we can we can,E3 TASB SLI 2020 Presentation,https://vimeo.com/431968540#t=993s,[16:33]
5,Shogun Inferno,work on those ones so we get that system that's that's got a lot of connectivity classroom temperature in fireman within a certain range of,E3 TASB SLI 2020 Presentation,https://vimeo.com/431968540#t=1001s,[16:41]
6,Shogun Inferno,course wouldn't that be great if we could do both at the same time I get my need and I get my one the designers,E3 TASB SLI 2020 Presentation,https://vimeo.com/431968540#t=1012s,[16:52]
4,Shogun Inferno,early in the project the contractor is coming later in the project they've already given a hard price to the project and it's maybe it's,E3 TASB SLI 2020 Presentation,https://vimeo.com/431968540#t=1020s,[17:00]
4,Shogun Inferno,9 months later that we're able to talk about a want that we have and something may very well have already been constructed in the,E3 TASB SLI 2020 Presentation,https://vimeo.com/431968540#t=1030s,[17:10]
4,Shogun Inferno,field a units been hung and a light switches have been putting away a ceiling has been inspected the the city county has been out,E3 TASB SLI 2020 Presentation,https://vimeo.com/431968540#t=1039s,[17:19]
4,Shogun Inferno,and inspected it we've had our cover up and suddenly we the owner have a want and in CSP that timing can take weeks to,E3 TASB SLI 2020 Presentation,https://vimeo.com/431968540#t=1049s,[17:29]
4,Shogun Inferno,months to those decisions to get the price back from the contractor get that back up to the owner get that to the assistant superintendent,E3 TASB SLI 2020 Presentation,https://vimeo.com/431968540#t=1058s,[17:38]
4,Shogun Inferno,or maybe even needs to go through a principal for approval because it's a want and then everybody says yes and then a few weeks,E3 TASB SLI 2020 Presentation,https://vimeo.com/431968540#t=1068s,[17:48]
4,Shogun Inferno,later that process gets its way down with design build everybody's in the room and we we've got our budget for front front and center,E3 TASB SLI 2020 Presentation,https://vimeo.com/431968540#t=1077s,[17:57]
4,Shogun Inferno,we know what our prices are and we can chip away at those ones very quickly in minutes not months I think design build can,E3 TASB SLI 2020 Presentation,https://vimeo.com/431968540#t=1087s,[18:07]
4,Shogun Inferno,be as much as 20% less expensive and is are going to experience it was 20% less expensive than design bed build and it was,E3 TASB SLI 2020 Presentation,https://vimeo.com/431968540#t=1096s,[18:16]
4,Shogun Inferno,"faster which is something that says time is money to a general contractor with their General conditions to make somewhere 50,000 a month for just",E3 TASB SLI 2020 Presentation,https://vimeo.com/431968540#t=1105s,[18:25]
4,Shogun Inferno,a superintendent and a project manager to carry a project through if you can take 6 months off that project you saving a lot of,E3 TASB SLI 2020 Presentation,https://vimeo.com/431968540#t=1116s,[18:36]
6,Shogun Inferno,money and in our case we save 20% of our project cost overall project budget we save 20% go in my opinion going design build,E3 TASB SLI 2020 Presentation,https://vimeo.com/431968540#t=1125s,[18:45]
8,Shogun Inferno,probably the biggest reason we save that 20% is the Creative Solutions we were able to use because we had everybody in the room and,E3 TASB SLI 2020 Presentation,https://vimeo.com/431968540#t=1134s,[18:54]
1,Shogun Inferno,that that question of best of value to Galena Park ISD could be answered in 20 minutes from Administration getting the engineer or architect to,E3 TASB SLI 2020 Presentation,https://vimeo.com/431968540#t=1144s,[19:04]
4,Shogun Inferno,form change proposal request getting that sent to the contractor the contractor and the subs price that it comes back up the chain it gets,E3 TASB SLI 2020 Presentation,https://vimeo.com/431968540#t=1155s,[19:15]
4,Shogun Inferno,reported over so time-consuming for all that we're in design build you've got all the right people in the room at the right time you,E3 TASB SLI 2020 Presentation,https://vimeo.com/431968540#t=1165s,[19:25]
4,Shogun Inferno,can make the right decisions and many times having two Engineers or two architects in the room representing two completely different points of view is,E3 TASB SLI 2020 Presentation,https://vimeo.com/431968540#t=1175s,[19:35]
7,Shogun Inferno,excellent because you've got the design Builders designer engineer architect in the room and their perspective protecting the design build process and then as the,E3 TASB SLI 2020 Presentation,https://vimeo.com/431968540#t=1186s,[19:46]
4,Shogun Inferno,statutory required owner's architecture engineer in the room you've got their perspective of protecting the owner and if you can make both things work together,E3 TASB SLI 2020 Presentation,https://vimeo.com/431968540#t=1198s,[19:58]
6,Shogun Inferno,quickly the project wins and I think that's where our 20% savings came from in Galena Park so we think about the quality I don't,E3 TASB SLI 2020 Presentation,https://vimeo.com/431968540#t=1209s,[20:09]
4,Shogun Inferno,want anyone to think that design build has less quality because you've got the design Builders engineer architect and the owners engineer architect and those,E3 TASB SLI 2020 Presentation,https://vimeo.com/431968540#t=1219s,[20:19]
4,Shogun Inferno,two people are working together you're not I'm not seeing a drop in quality I'm actually seeing an increase in quality because we do have,E3 TASB SLI 2020 Presentation,https://vimeo.com/431968540#t=1231s,[20:31]
8,Shogun Inferno,two sets of qualified professionals involved looking at the project and if you've got even better if you've got qualified individuals that are concerned about,E3 TASB SLI 2020 Presentation,https://vimeo.com/431968540#t=1241s,[20:41]
4,Shogun Inferno,long-term relationships it's even better because they just like the owner's looking to make long-term decisions for that facility I want to make long-term relationship,E3 TASB SLI 2020 Presentation,https://vimeo.com/431968540#t=1252s,[20:52]
5,Shogun Inferno,decisions and make sure the installation is quality and imagine a project delivery process where you've got the quickest the best price and you've got,E3 TASB SLI 2020 Presentation,https://vimeo.com/431968540#t=1265s,[21:05]
4,Shogun Inferno,quality now it's not perfect for every single project type some buildings will call Monumental facilities if you will a typical design bid build is,E3 TASB SLI 2020 Presentation,https://vimeo.com/431968540#t=1276s,[21:16]
4,Shogun Inferno,more appropriate because you need to spend a large amount of time programming the building and all its needs and then the architect Works through,E3 TASB SLI 2020 Presentation,https://vimeo.com/431968540#t=1287s,[21:27]
4,Shogun Inferno,the wants there's absolutely a place for that but if you've got a project that needs to be delivered quickly and with quality and in,E3 TASB SLI 2020 Presentation,https://vimeo.com/431968540#t=1297s,[21:37]
5,Shogun Inferno,a budget you need all those people in the room so the creative solution and we've all seen that where you go to buy an,E3 TASB SLI 2020 Presentation,https://vimeo.com/431968540#t=1307s,[21:47]
4,Shogun Inferno,appliance and you can go with the brand name Appliance but if you look really hard you can find many times that non-brand name Appliance,E3 TASB SLI 2020 Presentation,https://vimeo.com/431968540#t=1316s,[21:56]
4,Shogun Inferno,that's maybe 10 to 20% less but you're getting the same quality they just don't spend the marketing budget that the name brand folks do,E3 TASB SLI 2020 Presentation,https://vimeo.com/431968540#t=1326s,[22:06]
4,Shogun Inferno,and in that situation in those types of situations as an example that's where design build is exceptional one of the most important parts of,E3 TASB SLI 2020 Presentation,https://vimeo.com/431968540#t=1336s,[22:16]
4,Shogun Inferno,design build and we've we've hit it around it are talking about our needs and getting those defined but you need to tell your design,E3 TASB SLI 2020 Presentation,https://vimeo.com/431968540#t=1346s,[22:26]
4,Shogun Inferno,Builder those needs up front as part of the RFQ process and you do that through the Oprah the owner's project requirement so if you,E3 TASB SLI 2020 Presentation,https://vimeo.com/431968540#t=1356s,[22:36]
4,Shogun Inferno,were building a building you would tell them all the species you wanted in the square footage faces and you would go ahead and Define,E3 TASB SLI 2020 Presentation,https://vimeo.com/431968540#t=1366s,[22:46]
4,Shogun Inferno,I want an entrance and I want it to face Main Street and it needs to be grand and it needs to have the the,E3 TASB SLI 2020 Presentation,https://vimeo.com/431968540#t=1375s,[22:55]
4,Shogun Inferno,the the the principal's office needs to be on the corner where the principal can watch the Bus drop off and the front door and,E3 TASB SLI 2020 Presentation,https://vimeo.com/431968540#t=1383s,[23:03]
4,Shogun Inferno,generally be in that area that's what you would think of in a building but in a retrofit project or a renovation project you would,E3 TASB SLI 2020 Presentation,https://vimeo.com/431968540#t=1393s,[23:13]
5,Shogun Inferno,Define okay I want X foot candles on a desktop in a classroom as an average I want candles in the corridors I want daylight,E3 TASB SLI 2020 Presentation,https://vimeo.com/431968540#t=1402s,[23:22]
4,Shogun Inferno,harvesting sensors or whatever those needs are I know I use the word want but those are needs and you get those outlined and owners,E3 TASB SLI 2020 Presentation,https://vimeo.com/431968540#t=1411s,[23:31]
4,Shogun Inferno,project requirements is critical and get those in the that way as the owner you're sure I am getting this is a minimum everything else,E3 TASB SLI 2020 Presentation,https://vimeo.com/431968540#t=1421s,[23:41]
5,Shogun Inferno,above that can be a want and a creative solution the whole team came up with but at least I know I'm getting my minimum,E3 TASB SLI 2020 Presentation,https://vimeo.com/431968540#t=1431s,[23:51]
1,Shogun Inferno,and I'm I'm not going to have quality I might use the phrase they're not going to sneak something in on me I'm still getting,E3 TASB SLI 2020 Presentation,https://vimeo.com/431968540#t=1440s,[24:00]
4,Shogun Inferno,this minimum system that meets whatever those requirements are the project having the owner's architect engineer going through those list of those and include those,E3 TASB SLI 2020 Presentation,https://vimeo.com/431968540#t=1449s,[24:09]
6,Shogun Inferno,in the RFQ is Paramount to success of a design build project and really makes it goes smooth for everybody because everybody knows the rules,E3 TASB SLI 2020 Presentation,https://vimeo.com/431968540#t=1461s,[24:21]
5,Shogun Inferno,that way we were crystal clear up front with everybody absolutely design build leads to less finger pointing and the owner project requirements opr is,E3 TASB SLI 2020 Presentation,https://vimeo.com/431968540#t=1471s,[24:31]
4,Shogun Inferno,the Paramount place where the owner gets their understanding of what is the minimum I'm getting and by spending an appropriate amount of time developing,E3 TASB SLI 2020 Presentation,https://vimeo.com/431968540#t=1482s,[24:42]
4,Shogun Inferno,that document and passing it to the design builder then you you just minimize the finger pointing and if finger pointing needs to go on,E3 TASB SLI 2020 Presentation,https://vimeo.com/431968540#t=1494s,[24:54]
4,Shogun Inferno,later after construction you've got a document that's a guy and you the owner can go back and say wait a minute I thought I,E3 TASB SLI 2020 Presentation,https://vimeo.com/431968540#t=1504s,[25:04]
4,Shogun Inferno,thought we were getting all pipe Jacks through the roof we're going to be new stainless steel and you go back and you look at,E3 TASB SLI 2020 Presentation,https://vimeo.com/431968540#t=1513s,[25:13]
4,Shogun Inferno,the Oprah and you said oh wait no we told them they could use the existing roof jacks and that was a real situation that,E3 TASB SLI 2020 Presentation,https://vimeo.com/431968540#t=1522s,[25:22]
4,Shogun Inferno,happened for us and it was very appropriate to go back to that remember that and it's all up front everybody's on the same page,E3 TASB SLI 2020 Presentation,https://vimeo.com/431968540#t=1531s,[25:31]
4,Shogun Inferno,and if suddenly you see one that needs replacing well then you talk about what that cost to replace it and hopefully maybe even your,E3 TASB SLI 2020 Presentation,https://vimeo.com/431968540#t=1540s,[25:40]
6,Shogun Inferno,design Builder has come up with some cost-saving solutions maybe there's some things listed in opr that are expensive and they can say are you,E3 TASB SLI 2020 Presentation,https://vimeo.com/431968540#t=1550s,[25:50]
4,Shogun Inferno,sure you really want those cuz I'm hearing you say you want five roof jacks replaced I can replace those five roof jacks if you,E3 TASB SLI 2020 Presentation,https://vimeo.com/431968540#t=1560s,[26:00]
4,Shogun Inferno,let me do this this this this this this this and this and is the owner you say remember you've got your architectural engineering over,E3 TASB SLI 2020 Presentation,https://vimeo.com/431968540#t=1570s,[26:10]
4,Shogun Inferno,here with you to help you the two of you say well we're okay with one two and six what kind of money does that,E3 TASB SLI 2020 Presentation,https://vimeo.com/431968540#t=1580s,[26:20]
4,Shogun Inferno,give us can we get can we only get three the three worst and you do that and it minimizes I didn't experience any finger,E3 TASB SLI 2020 Presentation,https://vimeo.com/431968540#t=1588s,[26:28]
5,Shogun Inferno,pointing you know I had my goof where I thought I was getting a roof jacks but I clearly put in there know you could,E3 TASB SLI 2020 Presentation,https://vimeo.com/431968540#t=1597s,[26:37]
4,Shogun Inferno,use the existing and fair enough because we work through that in the owner project requirements the opr process it if you follow the steps,E3 TASB SLI 2020 Presentation,https://vimeo.com/431968540#t=1605s,[26:45]
6,Shogun Inferno,I'm convinced it's better and it makes things work more smoothly because everybody everybody knows what they need to do up front I would say,E3 TASB SLI 2020 Presentation,https://vimeo.com/431968540#t=1616s,[26:56]
4,Shogun Inferno,problems arising during construction or maybe slightly faster because you got everybody in the room reluctantly they're still is the as I'm not a superintendent,E3 TASB SLI 2020 Presentation,https://vimeo.com/431968540#t=1626s,[27:06]
1,Shogun Inferno,of a school district I'm the you know senior director facility planning and construction I do answer to someone and so I do there is,E3 TASB SLI 2020 Presentation,https://vimeo.com/431968540#t=1638s,[27:18]
4,Shogun Inferno,that time it takes to run something up the flagpole we need to replace this hot water piping you do get those issues and then,E3 TASB SLI 2020 Presentation,https://vimeo.com/431968540#t=1647s,[27:27]
4,Shogun Inferno,you're having a value conversation with yourself as the owner do we want to replace it with internal staff and buy the materials do we,E3 TASB SLI 2020 Presentation,https://vimeo.com/431968540#t=1657s,[27:37]
4,Shogun Inferno,want the design Builder to do it while they're there that moves just a little bit quicker but it still does take time because things,E3 TASB SLI 2020 Presentation,https://vimeo.com/431968540#t=1667s,[27:47]
4,Shogun Inferno,need to go up the flagpole does it take more time definitely doesn't take more time but it it would be the same if not,E3 TASB SLI 2020 Presentation,https://vimeo.com/431968540#t=1676s,[27:56]
4,Shogun Inferno,a smidge quicker because I'm not there's not quite the delay from a subcontractor to a general contractor to the architecture back to the owner,E3 TASB SLI 2020 Presentation,https://vimeo.com/431968540#t=1685s,[28:05]
4,Shogun Inferno,situation when it comes to change orders I've got a couple ways I manage those so in a typical CSP competitive seal proposal process I,E3 TASB SLI 2020 Presentation,https://vimeo.com/431968540#t=1696s,[28:16]
4,Shogun Inferno,usually include an allowance in the general contract so changes can be dealt with quickly and design build because we did that Oprah the owner,E3 TASB SLI 2020 Presentation,https://vimeo.com/431968540#t=1706s,[28:26]
5,Shogun Inferno,project requirements and we put a lot of effort into getting those to be crystal clear with what the minimum of our needs were I,E3 TASB SLI 2020 Presentation,https://vimeo.com/431968540#t=1716s,[28:36]
4,Shogun Inferno,didn't anticipate us having any change orders any changes so we carry no allowance and turns out we didn't need any allow it's because we,E3 TASB SLI 2020 Presentation,https://vimeo.com/431968540#t=1725s,[28:45]
4,Shogun Inferno,spent all our time up front and you think about potential changes and you think about value design yes you're you're doing an RFQ up,E3 TASB SLI 2020 Presentation,https://vimeo.com/431968540#t=1736s,[28:56]
4,Shogun Inferno,front but then the design Builder still has to advertise that they still have to take bids so we're getting a good value there we,E3 TASB SLI 2020 Presentation,https://vimeo.com/431968540#t=1745s,[29:05]
4,Shogun Inferno,did our own project requirements and it all really wraps up nice nicely and works really well and in my experience and my design build,E3 TASB SLI 2020 Presentation,https://vimeo.com/431968540#t=1755s,[29:15]
4,Shogun Inferno,projects I've never had a change order I quit construction to surgery if I walked in the middle of a surgeon in an open heart,E3 TASB SLI 2020 Presentation,https://vimeo.com/431968540#t=1765s,[29:25]
4,Shogun Inferno,surgery I would probably be terrified you know I've got blood and guts everywhere you know they've got two times is that way there's sawdust,E3 TASB SLI 2020 Presentation,https://vimeo.com/431968540#t=1774s,[29:34]
4,Shogun Inferno,and metals and pipes or open and ceilings are open in places maybe nobody's ever seen before so it's quite and so we had some,E3 TASB SLI 2020 Presentation,https://vimeo.com/431968540#t=1784s,[29:44]
4,Shogun Inferno,concerns and design build with that but at the end because again we spent so much time up front what the owner wanted and what,E3 TASB SLI 2020 Presentation,https://vimeo.com/431968540#t=1794s,[29:54]
6,Shogun Inferno,are minimum requirements were for the project everybody was happy and I even got comments that wow I didn't know it was going to look,E3 TASB SLI 2020 Presentation,https://vimeo.com/431968540#t=1803s,[30:03]
4,Shogun Inferno,that good in the end and it worked really well and I would say Comfort has improved in those spaces too so I think about,E3 TASB SLI 2020 Presentation,https://vimeo.com/431968540#t=1813s,[30:13]
4,Shogun Inferno,the procurement of design build in a district that had never done design build there were challenges as as as as I'm sure we all,E3 TASB SLI 2020 Presentation,https://vimeo.com/431968540#t=1822s,[30:22]
4,Shogun Inferno,experience every day we drive to work probably the exact same way we on the exact same path we drive maybe we stop for coffee,E3 TASB SLI 2020 Presentation,https://vimeo.com/431968540#t=1831s,[30:31]
4,Shogun Inferno,at the same Starbucks every day there's comfort in that there's routine in that I know what to expect I know what stoplights going me,E3 TASB SLI 2020 Presentation,https://vimeo.com/431968540#t=1840s,[30:40]
4,Shogun Inferno,too long or longer than others there's comfort in all that with delivery methods do the exact same thing we all know our traps of,E3 TASB SLI 2020 Presentation,https://vimeo.com/431968540#t=1850s,[30:50]
4,Shogun Inferno,the competitive seal proposal and where we've got to mitigate our risk in those traps and how we how we work through that so for,E3 TASB SLI 2020 Presentation,https://vimeo.com/431968540#t=1860s,[31:00]
4,Shogun Inferno,us doing design build for the first time had some challenges particularly in procurement we never done that before how does it all get rated,E3 TASB SLI 2020 Presentation,https://vimeo.com/431968540#t=1869s,[31:09]
4,Shogun Inferno,we wanted to be fair in the ratings to everybody that submitted like you would with any procurement particularly in RFQ where you're reading qualifications,E3 TASB SLI 2020 Presentation,https://vimeo.com/431968540#t=1880s,[31:20]
4,Shogun Inferno,that's a little different to select a Contractor on qualifications people had to get comfortable with that and in the end it was worth every,E3 TASB SLI 2020 Presentation,https://vimeo.com/431968540#t=1891s,[31:31]
4,Shogun Inferno,bit of headache honestly there was a smidge of a headache but it was so worth it in the end because again we say set,E3 TASB SLI 2020 Presentation,https://vimeo.com/431968540#t=1901s,[31:41]
7,Shogun Inferno,on a project cost on a project budget so trying this new thing to Galena Park ISD of design build was excellent you know there's,E3 TASB SLI 2020 Presentation,https://vimeo.com/431968540#t=1910s,[31:50]
6,Shogun Inferno,no the the you know the AI has wonderful documents to help us with our contract and getting a design build contract worked out there,E3 TASB SLI 2020 Presentation,https://vimeo.com/431968540#t=1919s,[31:59]
4,Shogun Inferno,were challenges with that because it was the first time we do it it took us a little longer it's a little clunky might be,E3 TASB SLI 2020 Presentation,https://vimeo.com/431968540#t=1929s,[32:09]
4,Shogun Inferno,the way to say it but nothing different than trying anything else new and in the end it was it was faster it was less,E3 TASB SLI 2020 Presentation,https://vimeo.com/431968540#t=1938s,[32:18]
4,Shogun Inferno,expensive the quality was there well worth the risk of trying something else I think about design build in any delivery method design build does,E3 TASB SLI 2020 Presentation,https://vimeo.com/431968540#t=1947s,[32:27]
4,Shogun Inferno,really help me long-term planning because I have everybody in the room to make a decision and as as an architect an engineer dealing with,E3 TASB SLI 2020 Presentation,https://vimeo.com/431968540#t=1957s,[32:37]
4,Shogun Inferno,former principles and former coaches in a district who are used to thinking in 9 months and I'm trying to think of a building that,E3 TASB SLI 2020 Presentation,https://vimeo.com/431968540#t=1968s,[32:48]
4,Shogun Inferno,a minimum is going to last 40 years Galena Park has some building 70 years plus that we you know that if you take if,E3 TASB SLI 2020 Presentation,https://vimeo.com/431968540#t=1977s,[32:57]
4,Shogun Inferno,you make the right decisions early on and you maintain those buildings then they do last that 70 plus years as I'm thinking through that,E3 TASB SLI 2020 Presentation,https://vimeo.com/431968540#t=1986s,[33:06]
4,Shogun Inferno,design build gives me a my opinion a really good process to help those people be in the room and hear okay if I make,E3 TASB SLI 2020 Presentation,https://vimeo.com/431968540#t=1996s,[33:16]
4,Shogun Inferno,this decision with this system it's more short I'm only going to get a benefit of that for 5 to 10 years where if I,E3 TASB SLI 2020 Presentation,https://vimeo.com/431968540#t=2004s,[33:24]
6,Shogun Inferno,pick this system I'm going to experience some serious Energy savings and it's going to last me 20 plus years or if I go with,E3 TASB SLI 2020 Presentation,https://vimeo.com/431968540#t=2013s,[33:33]
5,Shogun Inferno,this system well you know I'm going to do water cooled chillers but what's water doing I think we're all agreeing now that you know,E3 TASB SLI 2020 Presentation,https://vimeo.com/431968540#t=2022s,[33:42]
4,Shogun Inferno,water bills are only going up most utilities are no longer giving credits for the for evaporation on the sewer charges so we're all of,E3 TASB SLI 2020 Presentation,https://vimeo.com/431968540#t=2032s,[33:52]
4,Shogun Inferno,us so it gives us a way to look at all those decisions and and help administrators that are used to thinking in a group,E3 TASB SLI 2020 Presentation,https://vimeo.com/431968540#t=2042s,[34:02]
6,Shogun Inferno,of students getting them through a school year that nine months giving them more information to get better fact-based decision for long-term planning that has,E3 TASB SLI 2020 Presentation,https://vimeo.com/431968540#t=2050s,[34:10]
8,Shogun Inferno,been the one of the excellent pieces of design build so as I think about design build and how are Green Valley elementary school project,E3 TASB SLI 2020 Presentation,https://vimeo.com/431968540#t=2062s,[34:22]
6,Shogun Inferno,came to design build I think that's important story E3 came to the district or we went to the district I'm not sure how that,E3 TASB SLI 2020 Presentation,https://vimeo.com/431968540#t=2072s,[34:32]
4,Shogun Inferno,relationship started and you all looked at our buildings and I think we looked at it maybe our top 10 needs and you all helped,E3 TASB SLI 2020 Presentation,https://vimeo.com/431968540#t=2081s,[34:41]
6,Shogun Inferno,us prioritize those and we put some preliminary costs on them and we put some preliminary Energy savings and at the time in the early,E3 TASB SLI 2020 Presentation,https://vimeo.com/431968540#t=2091s,[34:51]
4,Shogun Inferno,conversations we were thinking weakling a park we're thinking about a loan and as we went through that process it was like okay but what,E3 TASB SLI 2020 Presentation,https://vimeo.com/431968540#t=2100s,[35:00]
5,Shogun Inferno,is talking about and as we boiled that down it was about this process of design build and how that would help us move things,E3 TASB SLI 2020 Presentation,https://vimeo.com/431968540#t=2110s,[35:10]
4,Shogun Inferno,more quickly so you can look at a process that may be new to you but don't take it as the whole thing is what,E3 TASB SLI 2020 Presentation,https://vimeo.com/431968540#t=2120s,[35:20]
6,Shogun Inferno,I'm trying to say is look at okay we could do this Eco loan and do all these projects and get all this Energy savings,E3 TASB SLI 2020 Presentation,https://vimeo.com/431968540#t=2128s,[35:28]
5,Shogun Inferno,or do we do we try one project with design build and maybe we can afford to pay it out of bond or maybe we've,E3 TASB SLI 2020 Presentation,https://vimeo.com/431968540#t=2136s,[35:36]
5,Shogun Inferno,got some fun balance and some Bond and we're going to combine our finances to make this happen and try these projects with a different,E3 TASB SLI 2020 Presentation,https://vimeo.com/431968540#t=2144s,[35:44]
4,Shogun Inferno,delivery method and look at what the long-term benefit of making decisions differently maybe the sacred cow in this case competitive still proposal does make,E3 TASB SLI 2020 Presentation,https://vimeo.com/431968540#t=2154s,[35:54]
1,Shogun Inferno,the best hamburger we look at this different delivery method of design build it it has so many benefits to districts projects move faster in,E3 TASB SLI 2020 Presentation,https://vimeo.com/431968540#t=2166s,[36:06]
1,Shogun Inferno,my opinion they cost less the quality is the same if not better your benefits are so many there and it helps quick decision making,E3 TASB SLI 2020 Presentation,https://vimeo.com/431968540#t=2176s,[36:16]
4,Shogun Inferno,from my perspective the and then we could even talked about and then not only in the middle of all that we can even talk,E3 TASB SLI 2020 Presentation,https://vimeo.com/431968540#t=2186s,[36:26]
6,Shogun Inferno,about some design Builders can help us Finance the project differently and do some comfortable with these savings architects in the engineers and their little,E3 TASB SLI 2020 Presentation,https://vimeo.com/431968540#t=2195s,[36:35]
6,Shogun Inferno,comfort zone and their everyday going to work in an office building and I produce these wonderful drawings and then I've got a general contractor,E3 TASB SLI 2020 Presentation,https://vimeo.com/431968540#t=2206s,[36:46]
4,Shogun Inferno,and there sometimes in the office sometimes in the field and they're in their little Silo comfort zone and then I've got my subcontractor over,E3 TASB SLI 2020 Presentation,https://vimeo.com/431968540#t=2217s,[36:57]
4,Shogun Inferno,here and their little comfort zone almost always out in the field and doing their parts and pieces of that with design build there are,E3 TASB SLI 2020 Presentation,https://vimeo.com/431968540#t=2228s,[37:08]
5,Shogun Inferno,no silos we're all together and we're all trying to solve a problem of how to get these needs and wants of a district best,E3 TASB SLI 2020 Presentation,https://vimeo.com/431968540#t=2238s,[37:18]
8,Shogun Inferno,and efficiently addressed by having everybody in the room I'm convinced you do come up with best solution to get those needs addressed so one,E3 TASB SLI 2020 Presentation,https://vimeo.com/431968540#t=2247s,[37:27]
4,Shogun Inferno,thing to think about with operating and maintenance expenses is really that they never end we think about our own homes and our electric bill,E3 TASB SLI 2020 Presentation,https://vimeo.com/431968540#t=2257s,[37:37]
4,Shogun Inferno,when do we expect to stop paying that electric bill the reality is never as long as we want that service as long as we,E3 TASB SLI 2020 Presentation,https://vimeo.com/431968540#t=2267s,[37:47]
4,Shogun Inferno,want all the components that are operated off the electricity to continue to operate those components so even though individual items may seem small the,E3 TASB SLI 2020 Presentation,https://vimeo.com/431968540#t=2276s,[37:56]
4,Shogun Inferno,fact that they're ongoing over a 30-40 become a major cause component and so looking at the the that's something I've got a real passion,E3 TASB SLI 2020 Presentation,https://vimeo.com/431968540#t=2287s,[38:07]
5,Shogun Inferno,for and I encourage every school district to really look at is the total cost of ownership we know school districts are going to be,E3 TASB SLI 2020 Presentation,https://vimeo.com/431968540#t=2297s,[38:17]
4,Shogun Inferno,around they've been around for centuries century plus and they're going to continue and so we need to look at the total cost of ownership,E3 TASB SLI 2020 Presentation,https://vimeo.com/431968540#t=2307s,[38:27]
5,Shogun Inferno,throughout the duration not just the first cost if you're looking at any kind of project particularly let's look at a consider an LED upgrade,E3 TASB SLI 2020 Presentation,https://vimeo.com/431968540#t=2317s,[38:37]
4,Shogun Inferno,be an interior exterior the first thing I would consider is where the problem areas are because if it's a problem Marion you'll be able,E3 TASB SLI 2020 Presentation,https://vimeo.com/431968540#t=2328s,[38:48]
6,Shogun Inferno,to take care of two things we know there's going to be Energy savings automatically but look at the areas where there are some other,E3 TASB SLI 2020 Presentation,https://vimeo.com/431968540#t=2338s,[38:58]
4,Shogun Inferno,inherent concerns especially if you have to Stage these projects in you can start to see the impacts right away and relieve some of the,E3 TASB SLI 2020 Presentation,https://vimeo.com/431968540#t=2347s,[39:07]
5,Shogun Inferno,the maintenance impact LEDs have really been an evolving technology over the last decade or so and just like anything else there's always improvements and,E3 TASB SLI 2020 Presentation,https://vimeo.com/431968540#t=2357s,[39:17]
4,Shogun Inferno,we see discrepancies between levels of quality picking a quality product that is going to put out good light maintain that light level and and,E3 TASB SLI 2020 Presentation,https://vimeo.com/431968540#t=2369s,[39:29]
4,Shogun Inferno,the fixture is going to last and the people that are all some really important what I'll call ancillary considerations Again part of that total,E3 TASB SLI 2020 Presentation,https://vimeo.com/431968540#t=2379s,[39:39]
10,Shogun Inferno,cost of ownership one thing that's great about school districts is we are naturally in this together we are not competitors I always recommend that,E3 TASB SLI 2020 Presentation,https://vimeo.com/431968540#t=2390s,[39:50]
5,Shogun Inferno,school districts reach out to others who have done this you know that some folks are are have gone out and done some Pilots big,E3 TASB SLI 2020 Presentation,https://vimeo.com/431968540#t=2401s,[40:01]
4,Shogun Inferno,big fan of pilots and trying something out a cafeteria or a gym again maybe it's that problem area and start out and see how,E3 TASB SLI 2020 Presentation,https://vimeo.com/431968540#t=2410s,[40:10]
5,Shogun Inferno,the process goes something else that I'm really excited about on LED and it was something was the possibility of reusing the existing fixtures the,E3 TASB SLI 2020 Presentation,https://vimeo.com/431968540#t=2419s,[40:19]
4,Shogun Inferno,right now a major Trend in our culture is to just dispose of things and we kind of live in a in a disposable Society,E3 TASB SLI 2020 Presentation,https://vimeo.com/431968540#t=2430s,[40:30]
5,Shogun Inferno,but these led tubes have been a have allowed us to reuse a good quality existing fixture get the get the light quality that we,E3 TASB SLI 2020 Presentation,https://vimeo.com/431968540#t=2439s,[40:39]
4,Shogun Inferno,wanted us to have a lamp that's going to last a really long time that we don't have to spend a lot of hours maintaining,E3 TASB SLI 2020 Presentation,https://vimeo.com/431968540#t=2448s,[40:48]
7,Shogun Inferno,it and we get the benefit of the Energy savings when LED first came out the most common way to do them was to replace,E3 TASB SLI 2020 Presentation,https://vimeo.com/431968540#t=2457s,[40:57]
4,Shogun Inferno,the entire fixture but then is technology continued to progress there were retrofits where we could use reuse the existing fixture and in our society,E3 TASB SLI 2020 Presentation,https://vimeo.com/431968540#t=2465s,[41:05]
4,Shogun Inferno,that we live in where it's so common to just dispose of the old product and get a new one this was a very intriguing,E3 TASB SLI 2020 Presentation,https://vimeo.com/431968540#t=2476s,[41:16]
5,Shogun Inferno,one for us because the quality of the fixture itself the housing the lens was all in perfect condition now we did clean it up,E3 TASB SLI 2020 Presentation,https://vimeo.com/431968540#t=2485s,[41:25]
4,Shogun Inferno,as part of the retrofit but we reuse that housing and we didn't have to throw away all those pictures and so that was a,E3 TASB SLI 2020 Presentation,https://vimeo.com/431968540#t=2494s,[41:34]
4,Shogun Inferno,huge benefit not only with the ReUse the existing fixture where we saving we were saving the material resources themselves of course we benefited financially,E3 TASB SLI 2020 Presentation,https://vimeo.com/431968540#t=2503s,[41:43]
4,Shogun Inferno,as well the we didn't have to pay all the labor to remove the fixture and install a new one and we got to reuse,E3 TASB SLI 2020 Presentation,https://vimeo.com/431968540#t=2515s,[41:55]
7,Shogun Inferno,the existing housing so it was it was about a 40% cost savings over traditional LED complete fixture replacement another brilliant benefit to reading the,E3 TASB SLI 2020 Presentation,https://vimeo.com/431968540#t=2523s,[42:03]
5,Shogun Inferno,existing fixture and retrofitting with LED 2 is that that under the code is considered regular maintenance because the system is not being completely replace,E3 TASB SLI 2020 Presentation,https://vimeo.com/431968540#t=2534s,[42:14]
4,Shogun Inferno,so not only there is there a tremendous cost-benefit there but there's also the codes the current codes do not are not fully applicable not,E3 TASB SLI 2020 Presentation,https://vimeo.com/431968540#t=2546s,[42:26]
6,Shogun Inferno,to say that the system is not a great system it is and it's fully UL listed it's safe it's reliable it lasts just as,E3 TASB SLI 2020 Presentation,https://vimeo.com/431968540#t=2556s,[42:36]
4,Shogun Inferno,long but where the difference is is the control components are not required on a maintenance just in the same way if we kept our,E3 TASB SLI 2020 Presentation,https://vimeo.com/431968540#t=2565s,[42:45]
5,Shogun Inferno,existing fixtures and just went and changed the lamps are the ballast we would not have to change the controls when we change to LED,E3 TASB SLI 2020 Presentation,https://vimeo.com/431968540#t=2574s,[42:54]
4,Shogun Inferno,tubes we don't have to do anything with the controls what that allows us to do is maintain a consistent environment between our facilities and,E3 TASB SLI 2020 Presentation,https://vimeo.com/431968540#t=2584s,[43:04]
7,Shogun Inferno,also keep it simple Simplicity is very important in school district world we think about I'm going to use this example cars some of us,E3 TASB SLI 2020 Presentation,https://vimeo.com/431968540#t=2594s,[43:14]
2,Shogun Inferno,remember the day when we can lift up the hood of our car and no several components in there now when we pop our hood,E3 TASB SLI 2020 Presentation,https://vimeo.com/431968540#t=2604s,[43:24]
4,Shogun Inferno,of our car it is a bundle of wires and electronics and the days of shade tree mechanics are are gone having to get in,E3 TASB SLI 2020 Presentation,https://vimeo.com/431968540#t=2613s,[43:33]
4,Shogun Inferno,there with a computer and troubleshoot it just adds a level of complexity and of course we know if we have to take our car,E3 TASB SLI 2020 Presentation,https://vimeo.com/431968540#t=2621s,[43:41]
6,Shogun Inferno,in for repairs that there's a cost to that and so by having a simple system that can be maintained and we trained the occupants,E3 TASB SLI 2020 Presentation,https://vimeo.com/431968540#t=2630s,[43:50]
5,Shogun Inferno,to use the manual controls that is a very viable and cost-effective way to get an LED upgrade and at a reduced cost and have,E3 TASB SLI 2020 Presentation,https://vimeo.com/431968540#t=2640s,[44:00]
7,Shogun Inferno,simple straightforward maintenance going forward another really important benefit of a direct LED tube retrofit is that the electronic components are all embedded into the,E3 TASB SLI 2020 Presentation,https://vimeo.com/431968540#t=2649s,[44:09]
6,Shogun Inferno,tube themselves there's no other electronic components so when you look at the system it's extremely simple everything is contained within that tube itself the,E3 TASB SLI 2020 Presentation,https://vimeo.com/431968540#t=2662s,[44:22]
4,Shogun Inferno,benefit of that is that now custodial Personnel or other Personnel it's not doesn't require an electrician to come in and change the tubes there's,E3 TASB SLI 2020 Presentation,https://vimeo.com/431968540#t=2673s,[44:33]
4,Shogun Inferno,a very safe way to change them out that's no more difficult or hazardous then plugging an appliance into a regular outlet if there's only,E3 TASB SLI 2020 Presentation,https://vimeo.com/431968540#t=2684s,[44:44]
4,Shogun Inferno,power on one end of the tube the other end is simply a placeholder so you're plugging it in just like you would plug any,E3 TASB SLI 2020 Presentation,https://vimeo.com/431968540#t=2694s,[44:54]
5,Shogun Inferno,Appliance into an outlet if we're comparing LED fixtures for fixtures to led to retrofits one other thing to consider cuz we're thinking long-term life,E3 TASB SLI 2020 Presentation,https://vimeo.com/431968540#t=2703s,[45:03]
5,Shogun Inferno,cycle of the building is the LED fixtures that are largely being built play Ra unit that is a fully integrated what that means is,E3 TASB SLI 2020 Presentation,https://vimeo.com/431968540#t=2714s,[45:14]
4,Shogun Inferno,that the full 2 ft by 4 ft fixture is going to have to be replaced when it goes when something goes out on it,E3 TASB SLI 2020 Presentation,https://vimeo.com/431968540#t=2724s,[45:24]
4,Shogun Inferno,in that case those fixtures are again going to be disposed and we're going to have to store some of those spare pictures around which,E3 TASB SLI 2020 Presentation,https://vimeo.com/431968540#t=2732s,[45:32]
5,Shogun Inferno,takes up valuable real estate in our warehouses are in our facilities where is the LED tubes themselves are your standard size you can get,E3 TASB SLI 2020 Presentation,https://vimeo.com/431968540#t=2742s,[45:42]
4,Shogun Inferno,a box of 20 or 25 of them in a very tight space and you're only replacing the component that goes out if you have,E3 TASB SLI 2020 Presentation,https://vimeo.com/431968540#t=2752s,[45:52]
6,Shogun Inferno,a multi lamp fixture and one lamp goes out that's all you need to replace so it does help to maintain it saves on Space,E3 TASB SLI 2020 Presentation,https://vimeo.com/431968540#t=2760s,[46:00]
5,Shogun Inferno,it allows Personnel that aren't that don't have to be highly trained to maintain the system and it allows you to maintain just the part,E3 TASB SLI 2020 Presentation,https://vimeo.com/431968540#t=2769s,[46:09]
4,Shogun Inferno,of the system that fails if any of you have ever seen that movie Joe Versus the Volcano with Tom Hanks where he goes into,E3 TASB SLI 2020 Presentation,https://vimeo.com/431968540#t=2779s,[46:19]
4,Shogun Inferno,his office building and there's a hum and a flicker in the lights and just how depressing it's not only portrayed that way it felt,E3 TASB SLI 2020 Presentation,https://vimeo.com/431968540#t=2788s,[46:28]
5,Shogun Inferno,that way and if you've been in a building like that that's not the quality that we're going after LED fixtures provide a noise free,E3 TASB SLI 2020 Presentation,https://vimeo.com/431968540#t=2798s,[46:38]
4,Shogun Inferno,very good light level to one as an engineer I could go into all the technical details and certainly an engineering architect will help you,E3 TASB SLI 2020 Presentation,https://vimeo.com/431968540#t=2807s,[46:47]
4,Shogun Inferno,make some selections on different choices on color temperature and and other things like that light levels but the quality of the light from an,E3 TASB SLI 2020 Presentation,https://vimeo.com/431968540#t=2817s,[46:57]
6,Shogun Inferno,LED fixture not only lasts longer uses less energy but it is truly a cleaner quality higher level quality light that better light quality will,E3 TASB SLI 2020 Presentation,https://vimeo.com/431968540#t=2828s,[47:08]
6,Shogun Inferno,translate into a better student experience the students will be the there's something called a color rendering index which means the colors are true to,E3 TASB SLI 2020 Presentation,https://vimeo.com/431968540#t=2839s,[47:19]
6,Shogun Inferno,what they really are just natural sunlight portrays colors most accurately LEDs have a very high level of color rendering index so students will be,E3 TASB SLI 2020 Presentation,https://vimeo.com/431968540#t=2850s,[47:30]
5,Shogun Inferno,seeing a very high level of quality even in a classroom that doesn't have a lot of if it doesn't happen to have a lot,E3 TASB SLI 2020 Presentation,https://vimeo.com/431968540#t=2861s,[47:41]
4,Shogun Inferno,of exterior light with regard to implementation and actually getting a project done there are a number of different methods and I would say the,E3 TASB SLI 2020 Presentation,https://vimeo.com/431968540#t=2869s,[47:49]
6,Shogun Inferno,method in my opinion is not as important as the partners the partners in terms of the the contractor the design team will call them,E3 TASB SLI 2020 Presentation,https://vimeo.com/431968540#t=2880s,[48:00]
4,Shogun Inferno,broadly the owner's Representatives that can help make decisions and again remembering that we want to look we have we want to have a long-term,E3 TASB SLI 2020 Presentation,https://vimeo.com/431968540#t=2889s,[48:09]
4,Shogun Inferno,view on these so we don't want to go in and do a retrofit on a that we're going to turn around and change in,E3 TASB SLI 2020 Presentation,https://vimeo.com/431968540#t=2900s,[48:20]
4,Shogun Inferno,in two years we need to we need to look long-term down the road and pick the right make the right selections for the long-term,E3 TASB SLI 2020 Presentation,https://vimeo.com/431968540#t=2908s,[48:28]
4,Shogun Inferno,view of of that facility or section of that facility again thinking back to the ongoing operating in maintenance costs which are going to continue,E3 TASB SLI 2020 Presentation,https://vimeo.com/431968540#t=2917s,[48:37]
4,Shogun Inferno,as long as that building is an operation and it will be there as long as it's there to meet student needs we will need,E3 TASB SLI 2020 Presentation,https://vimeo.com/431968540#t=2928s,[48:48]
5,Shogun Inferno,to maintain in an operator and we want to we want to provide a quality environment for these students any way we procure the project,E3 TASB SLI 2020 Presentation,https://vimeo.com/431968540#t=2937s,[48:57]
1,Shogun Inferno,the benefits going to come back to us with an LED upgrade it's going to come back to us in terms of reduced to maintain,E3 TASB SLI 2020 Presentation,https://vimeo.com/431968540#t=2947s,[49:07]
5,Shogun Inferno,the system it's also going to come back to us in reduced level of expertise as we've talked about with the LED tubes if that's,E3 TASB SLI 2020 Presentation,https://vimeo.com/431968540#t=2955s,[49:15]
6,Shogun Inferno,the version you go with and the Energy savings so you're going to get all three of those reductions which I know for for just,E3 TASB SLI 2020 Presentation,https://vimeo.com/431968540#t=2965s,[49:25]
5,Shogun Inferno,about every school district the operating side of the budget is always the tight side and and we and staff after staff costs energy costs,E3 TASB SLI 2020 Presentation,https://vimeo.com/431968540#t=2974s,[49:34]
4,Shogun Inferno,and maintenance and operation are the next highest cost and we have a real chance to control these costs and and be good stewards of,E3 TASB SLI 2020 Presentation,https://vimeo.com/431968540#t=2984s,[49:44]
8,Shogun Inferno,a resources another thing I'd like to expand on the partnership side of things is that it really when a good Kant good design team,E3 TASB SLI 2020 Presentation,https://vimeo.com/431968540#t=2994s,[49:54]
4,Shogun Inferno,and good owner involvement think of it this way some of you have heard the old adage I love to work in woodworking measure twice,E3 TASB SLI 2020 Presentation,https://vimeo.com/431968540#t=3003s,[50:03]
4,Shogun Inferno,and cut once and and there's a reason for that once the wood is cut if it wasn't right now there's a chance that we've,E3 TASB SLI 2020 Presentation,https://vimeo.com/431968540#t=3013s,[50:13]
8,Shogun Inferno,lost that would so if we have take our Partnerships and really have a collaborative effort and work together up front that upfront evaluation and,E3 TASB SLI 2020 Presentation,https://vimeo.com/431968540#t=3022s,[50:22]
4,Shogun Inferno,thought creativity really thinking about all the needs helps to have a longer lasting project in with our goal of having long-term facilities when it,E3 TASB SLI 2020 Presentation,https://vimeo.com/431968540#t=3032s,[50:32]
5,Shogun Inferno,comes to LED products they really are not all created equal we see it in the market all the time LEDs the technology it's evolving,E3 TASB SLI 2020 Presentation,https://vimeo.com/431968540#t=3043s,[50:43]
4,Shogun Inferno,there are a lot of factors to look at we've touched on some of them the maintenance of it the quality of the light but,E3 TASB SLI 2020 Presentation,https://vimeo.com/431968540#t=3053s,[50:53]
4,Shogun Inferno,another one that's really important is the warranty and some of these fixture warranties are or technology warranties go out as long as 20 years,E3 TASB SLI 2020 Presentation,https://vimeo.com/431968540#t=3062s,[51:02]
4,Shogun Inferno,and that can be a huge benefit especially we know the building is going to be around and to not have to pay for a,E3 TASB SLI 2020 Presentation,https://vimeo.com/431968540#t=3072s,[51:12]
4,Shogun Inferno,replacement on failure benefit others are 5 years so there's a it's a it's an appreciable difference between the minimum and maximum length of warranties,E3 TASB SLI 2020 Presentation,https://vimeo.com/431968540#t=3081s,[51:21]
5,Shogun Inferno,whenever a board members asked me why should we be why should we consider these types of projects and led upgrade one of the things,E3 TASB SLI 2020 Presentation,https://vimeo.com/431968540#t=3092s,[51:32]
4,Shogun Inferno,I go back to is that it really is an investment it's an investment that pays for itself over time very rare going back to,E3 TASB SLI 2020 Presentation,https://vimeo.com/431968540#t=3102s,[51:42]
4,Shogun Inferno,that point about utility expense we're going to pay them and it's going to continue on into the in Forever into the future until the,E3 TASB SLI 2020 Presentation,https://vimeo.com/431968540#t=3111s,[51:51]
4,Shogun Inferno,facility is is no more if go in and reduce our utility costs through and operating costs maintenance and operating costs through these upgrades that,E3 TASB SLI 2020 Presentation,https://vimeo.com/431968540#t=3120s,[52:00]
5,Shogun Inferno,will help to offset the cost and the paybacks are very attractive on a lot of these projects especially with the LED tubes that was,E3 TASB SLI 2020 Presentation,https://vimeo.com/431968540#t=3131s,[52:11]
4,Shogun Inferno,one thing with the 40% cost reduction I was very excited that we were able to get payback for our district and we have a,E3 TASB SLI 2020 Presentation,https://vimeo.com/431968540#t=3141s,[52:21]
4,Shogun Inferno,very attractive utility right and we were still able to get paybacks in the three year range one other thing I like to appreciate board,E3 TASB SLI 2020 Presentation,https://vimeo.com/431968540#t=3150s,[52:30]
4,Shogun Inferno,members on is their investment in facilities I know they have a lot of decisions before them the facilities are those structures that will stand,E3 TASB SLI 2020 Presentation,https://vimeo.com/431968540#t=3160s,[52:40]
5,Shogun Inferno,as different students and classes come through and we have the opportunity to maintain them and to provide that consistent environment for each and every,E3 TASB SLI 2020 Presentation,https://vimeo.com/431968540#t=3170s,[52:50]
4,Shogun Inferno,class that comes through the district and so investing in the infrastructure looking long-term of when are things going to be ready for replacement and,E3 TASB SLI 2020 Presentation,https://vimeo.com/431968540#t=3182s,[53:02]
7,Shogun Inferno,also continuing the best to invest in the staff and the partners who will help us maintain that it takes a lot of work just,E3 TASB SLI 2020 Presentation,https://vimeo.com/431968540#t=3193s,[53:13]
4,Shogun Inferno,like it does and maintaining our own home homes for 4050 years it's going to take a lot of work and also you had thousands,E3 TASB SLI 2020 Presentation,https://vimeo.com/431968540#t=3202s,[53:22]
5,Shogun Inferno,of students in your home every day the the wear and tear that it would put on the facility but also the huge benefit of,E3 TASB SLI 2020 Presentation,https://vimeo.com/431968540#t=3211s,[53:31]
6,Shogun Inferno,"being able to serve all of those students in those facilities has approximately 2,000 students we have four campuses two Elementary's and two secondary campuses",E3 TASB SLI 2020 Presentation,https://vimeo.com/431968540#t=3220s,[53:40]
5,Shogun Inferno,and for Community our size one of the challenges is staying on top of the electrical equipment it's a very serious challenge several of our,E3 TASB SLI 2020 Presentation,https://vimeo.com/431968540#t=3232s,[53:52]
7,Shogun Inferno,school board members are former teachers and they understand the importance of comfort in the classroom in the hallways the cafeteria they understand the importance,E3 TASB SLI 2020 Presentation,https://vimeo.com/431968540#t=3242s,[54:02]
6,Shogun Inferno,of good lighting we passed a bond about five years ago a 33 million Bond and we're finishing up on those projects and so really,E3 TASB SLI 2020 Presentation,https://vimeo.com/431968540#t=3254s,[54:14]
7,Shogun Inferno,a bond was not in the for us in making all these improvements across the district as far as air conditioning and lighting we had,E3 TASB SLI 2020 Presentation,https://vimeo.com/431968540#t=3263s,[54:23]
4,Shogun Inferno,about a about 5 million dollars worth of work we needed to do and we really did not have a way to do that we,E3 TASB SLI 2020 Presentation,https://vimeo.com/431968540#t=3273s,[54:33]
6,Shogun Inferno,funded this $5 million project through a combination of means including a tax maintenance note of course we realize savings through the increased efficiencies in,E3 TASB SLI 2020 Presentation,https://vimeo.com/431968540#t=3281s,[54:41]
5,Shogun Inferno,the air conditioning that we're getting and just we've used that at a combination of these things to fund the project Jeff in particular has,E3 TASB SLI 2020 Presentation,https://vimeo.com/431968540#t=3293s,[54:53]
5,Shogun Inferno,been just so helpful to us he has worked very hard to work around our schedules with our with school and with the activities of,E3 TASB SLI 2020 Presentation,https://vimeo.com/431968540#t=3303s,[55:03]
4,Shogun Inferno,gold on around our buildings and he has managed to get all this work done without any interference with what we have going on on,E3 TASB SLI 2020 Presentation,https://vimeo.com/431968540#t=3313s,[55:13]
5,Shogun Inferno,our campuses school districts across the state and they are very experienced they understand the school business they understand the challenges that school boards and,E3 TASB SLI 2020 Presentation,https://vimeo.com/431968540#t=3322s,[55:22]
6,Shogun Inferno,superintendents are dealing with and because of that they are very easy to work with and they go out of their way to make sure,E3 TASB SLI 2020 Presentation,https://vimeo.com/431968540#t=3334s,[55:34]
5,Shogun Inferno,that our needs are met they are in the school business so to speak and so they understand School business one of the examples is,E3 TASB SLI 2020 Presentation,https://vimeo.com/431968540#t=3344s,[55:44]
2,Shogun Inferno,what we did here today a hot day in June where Jeff had the idea that because we were bringing in a huge crane to,E3 TASB SLI 2020 Presentation,https://vimeo.com/431968540#t=3353s,[55:53]
6,Shogun Inferno,set units on top of our Middle School thought that this would be a good opportunity for some of our kids to learn so they've,E3 TASB SLI 2020 Presentation,https://vimeo.com/431968540#t=3361s,[56:01]
6,Shogun Inferno,turned the project today and installing these units on top of the Middle School into a learning experience for about 30 of our students we,E3 TASB SLI 2020 Presentation,https://vimeo.com/431968540#t=3371s,[56:11]
4,Oversized Load,have a group of fifth graders 5th and 6th graders no 10 and 11 year olds who meet every afternoon on Tuesday and Thursday and,E3 TASB SLI 2020 Presentation,https://vimeo.com/431968540#t=3381s,[56:21]
4,Oversized Load,we teach them how to use tools and we teach them how things work mechanical things work and we were able to bring that group,E3 TASB SLI 2020 Presentation,https://vimeo.com/431968540#t=3390s,[56:30]
6,Oversized Load,up and Jeff and his team did an outstanding job of allowing our students to see these big air conditioning units being set on top,E3 TASB SLI 2020 Presentation,https://vimeo.com/431968540#t=3399s,[56:39]
3,Oversized Load,of our building then they gave our students a tour of the huge crane that was used to set the units and finally they actually,E3 TASB SLI 2020 Presentation,https://vimeo.com/431968540#t=3409s,[56:49]
7,Oversized Load,brought the students on top of our Middle School to show the students where these units were being installed it was an unbelievable day and,E3 TASB SLI 2020 Presentation,https://vimeo.com/431968540#t=3418s,[56:58]
1,Oversized Load,the icing on the cake a very detailed very nice crane that is the exact replica of the crane that was used for the lift,E3 TASB SLI 2020 Presentation,https://vimeo.com/431968540#t=3428s,[57:08]
9,Oversized Load,today so we just couldn't say more fed our students and it was just a wonderful day and the students had a great time so,E3 TASB SLI 2020 Presentation,https://vimeo.com/431968540#t=3437s,[57:17]
5,Oversized Load,as a superintendent I know that school boards across the state have the incredible challenge of replacing expensive equipment and depending on where a school,E3 TASB SLI 2020 Presentation,https://vimeo.com/431968540#t=3446s,[57:26]
2,Oversized Load,district is financially or where they are in different phases phases of doing different projects oftentimes School boards have a hard time figuring out how,E3 TASB SLI 2020 Presentation,https://vimeo.com/431968540#t=3457s,[57:37]
6,Oversized Load,to replace some of these really expensive items and we have had a great experience they helped us find a way to get some things,E3 TASB SLI 2020 Presentation,https://vimeo.com/431968540#t=3469s,[57:49]
5,Oversized Load,done that otherwise we would not have been able to do and for that we appreciate them very much and we teach our students this,E3 TASB SLI 2020 Presentation,https://vimeo.com/431968540#t=3478s,[57:58]
5,Oversized Load,every day we want our students to be resourceful and to look for different ways to solve problems and meet challenges and what we've done,E3 TASB SLI 2020 Presentation,https://vimeo.com/431968540#t=3488s,[58:08]
4,Oversized Load,this project here in Liberty is exactly that they provided for what's a different a different means of achieving the ends that we needed I,E3 TASB SLI 2020 Presentation,https://vimeo.com/431968540#t=3498s,[58:18]
4,Oversized Load,hope that everyone was able to get something from all these stories we have an agenda today we want everyone to start thinking about their,E3 TASB SLI 2020 Presentation,https://vimeo.com/431968540#t=3508s,[58:28]
4,Oversized Load,projects and their facilities differently we want them to think is there a better way for each of these perspectives could I do you know,E3 TASB SLI 2020 Presentation,https://vimeo.com/431968540#t=3518s,[58:38]
5,Oversized Load,LEDs this way could I do my construction method a little bit different because I do financing different actually impact my budget better maybe you've,E3 TASB SLI 2020 Presentation,https://vimeo.com/431968540#t=3528s,[58:48]
5,Oversized Load,done all of these or maybe you've done none of them as a school district are the whole point of what we're wanting to get,E3 TASB SLI 2020 Presentation,https://vimeo.com/431968540#t=3539s,[58:59]
5,Oversized Load,across is there is a better way and we might not even said it today but we're encouraging and I hope everyone is called to,E3 TASB SLI 2020 Presentation,https://vimeo.com/431968540#t=3548s,[59:08]
5,Oversized Load,say what is the weather in my school district how are we doing it now and do it better,E3 TASB SLI 2020 Presentation,https://vimeo.com/431968540#t=3557s,[59:17]
4,Maut Cosb,improving indoor air quality to help keep patients and staff safe tops every meeting agenda is the subject line for hundreds of solicitation emails flooding,E3 and IAQ - Hospitals,https://vimeo.com/460735566#t=0s,[00:00]
6,Maut Cosb,your inbox and has preached about in all those webinars as a design build contractor we were also getting flooded with indoor air quality solutions,E3 and IAQ - Hospitals,https://vimeo.com/460735566#t=10s,[00:10]
4,Maut Cosb,from every Uncle he didn't even know we had we put our in-house Engineers to work to researching options for our clients here's the skinny,E3 and IAQ - Hospitals,https://vimeo.com/460735566#t=19s,[00:19]
5,Maut Cosb,after they waited through the bloke there is no magic pill and no one size fits all solution however there are vetted technologies that are,E3 and IAQ - Hospitals,https://vimeo.com/460735566#t=28s,[00:28]
6,Maut Cosb,scientifically proven to improve indoor air quality E3 Engineers studied UV PCO and ionizers we developed a white paper that really really details the ins,E3 and IAQ - Hospitals,https://vimeo.com/460735566#t=37s,[00:37]
4,Maut Cosb,and outs of each one will share it with you if you really really likes details but to stick to the skinny our research suggests,E3 and IAQ - Hospitals,https://vimeo.com/460735566#t=47s,[00:47]
9,Maut Cosb,that an overall HVAC analysis by E3 at no cost and potentially installing ionizers could be a great option for improving the quality of your,E3 and IAQ - Hospitals,https://vimeo.com/460735566#t=56s,[00:56]
5,Maut Cosb,indoor air so what exactly are ionizers to fully understand the technology we rewound back to our middle school science years when Mrs Jones taught,E3 and IAQ - Hospitals,https://vimeo.com/460735566#t=65s,[01:05]
4,Maut Cosb,us all about ions ions or molecules that have gained or lost an electrical charge contrary to their confusing misnomer positive ions are often bad,E3 and IAQ - Hospitals,https://vimeo.com/460735566#t=74s,[01:14]
4,Maut Cosb,stuff in the air like pollution mold and viruses these pesky positive ions can create negative health conditions yuck on the contrary negative ions can,E3 and IAQ - Hospitals,https://vimeo.com/460735566#t=84s,[01:24]
5,Maut Cosb,have good effects on health and actually clean the air by attaching themselves to positively charged particles and negatively charging those particles they disrupt breakdown,E3 and IAQ - Hospitals,https://vimeo.com/460735566#t=93s,[01:33]
4,Maut Cosb,odors into harmless compounds and make bacteria and pollen spores too heavy to remain Airborne negative ions naturally occur outdoors from energy created from Rushing,E3 and IAQ - Hospitals,https://vimeo.com/460735566#t=105s,[01:45]
5,Maut Cosb,Water waterfalls crashing waves thunder and lightning plants and sunlight ionizers introduce ions into the Airstream to replicate the cleaning forces of naturally occurring once,E3 and IAQ - Hospitals,https://vimeo.com/460735566#t=116s,[01:56]
7,Maut Cosb,using the air flow in your existing HVAC system ions are transported throughout interior spaces without introducing ozone or harmful byproducts into the space E3,E3 and IAQ - Hospitals,https://vimeo.com/460735566#t=127s,[02:07]
7,Maut Cosb,has been installing ionizers on HVAC systems since 2015 E3 installs ionizers that have been both lab tested and tested at actual client sites by,E3 and IAQ - Hospitals,https://vimeo.com/460735566#t=137s,[02:17]
5,Maut Cosb,third-party test agencies and a controlled laboratory tests showed that up to 99.4% of covid-19 viral are inactivated on a stagnant Surface after 30 minutes,E3 and IAQ - Hospitals,https://vimeo.com/460735566#t=147s,[02:27]
4,Maut Cosb,ionizers and other indoor air quality Technologies are just part of a good defense all hail the mighty disclaimer but as we all know no,E3 and IAQ - Hospitals,https://vimeo.com/460735566#t=157s,[02:37]
4,Maut Cosb,technology can take the place of everyday precautions the CDC promotes to help prevent the spread of pathogens social distance wash your hands wear a,E3 and IAQ - Hospitals,https://vimeo.com/460735566#t=166s,[02:46]
3,Maut Cosb,mask and call E3,E3 and IAQ - Hospitals,https://vimeo.com/460735566#t=175s,[02:55]
4,Maut Cosb,improving indoor air quality to help keep citizens and staff safe tops every meeting agenda is the subject line for hundreds of solicitation emails flooding,E3 and IAQ - Municipalities,https://vimeo.com/460789484#t=0s,[00:00]
6,Maut Cosb,your inbox and has preached about in all those webinars as a design build contractor we were all getting flooded with indoor air quality solutions,E3 and IAQ - Municipalities,https://vimeo.com/460789484#t=10s,[00:10]
4,Maut Cosb,from every Uncle he didn't even know we had we put our in-house Engineers to work to researching options for our clients here's the skinny,E3 and IAQ - Municipalities,https://vimeo.com/460789484#t=19s,[00:19]
5,Maut Cosb,after they waited through the bloke there is no magic pill and no one size fits all solution however there are vetted technologies that are,E3 and IAQ - Municipalities,https://vimeo.com/460789484#t=28s,[00:28]
6,Maut Cosb,scientifically proven to improve indoor air quality E3 Engineers studied UV PCO and ionizers we developed a white paper that really really details the ins,E3 and IAQ - Municipalities,https://vimeo.com/460789484#t=37s,[00:37]
4,Maut Cosb,and outs of each one will share it with you if you really really likes details but to stick to the skinny our research suggests,E3 and IAQ - Municipalities,https://vimeo.com/460789484#t=47s,[00:47]
9,Maut Cosb,that an overall HVAC analysis by E3 at no cost and potentially installing ionizers could be a great option for improving the quality of your,E3 and IAQ - Municipalities,https://vimeo.com/460789484#t=55s,[00:55]
5,Maut Cosb,indoor are so what exactly are ionizers to fully understand the technology we rewound back to our middle school science years when Mrs Jones taught,E3 and IAQ - Municipalities,https://vimeo.com/460789484#t=65s,[01:05]
4,Maut Cosb,us all about ions ions or molecules that have gained or lost an electrical charge contrary to their confusing misnomer positive ions are often bad,E3 and IAQ - Municipalities,https://vimeo.com/460789484#t=74s,[01:14]
4,Maut Cosb,stuff in the air like pollution mold and viruses these pesky positive ions can create negative health conditions yuck on the contrary negative ions can,E3 and IAQ - Municipalities,https://vimeo.com/460789484#t=84s,[01:24]
5,Maut Cosb,have good effects on health and actually clean the air by attaching themselves to positively charged particles and negatively charging those particles they disrupt breakdown,E3 and IAQ - Municipalities,https://vimeo.com/460789484#t=93s,[01:33]
4,Maut Cosb,odors into harmless compounds and make bacteria and pollen spores too heavy to remain Airborne negative ions naturally occur outdoors from energy created from Rushing,E3 and IAQ - Municipalities,https://vimeo.com/460789484#t=105s,[01:45]
5,Maut Cosb,Water waterfalls crashing waves thunder and lightning plants and sunlight ionizers introduce ions into the Airstream to replicate the cleaning forces of naturally occurring once,E3 and IAQ - Municipalities,https://vimeo.com/460789484#t=115s,[01:55]
5,Maut Cosb,using the air flow in your existing HVAC system ions are transported throughout interior spaces without introducing ozone or harmful by products into the space,E3 and IAQ - Municipalities,https://vimeo.com/460789484#t=127s,[02:07]
7,Maut Cosb,E3 has been installing ionizers on HVAC systems since 2015 E3 installs ionizers that have been both lab tested and tested at actual client sites,E3 and IAQ - Municipalities,https://vimeo.com/460789484#t=137s,[02:17]
5,Maut Cosb,by third-party test agencies and a controlled laboratory tests showed that up to 99.4% of covid-19 viral are inactivated on a stagnant Surface after 30,E3 and IAQ - Municipalities,https://vimeo.com/460789484#t=147s,[02:27]
4,Maut Cosb,minutes ionizers and other indoor air quality Technologies are just part of a good defense all hail the mighty disclaimer but as we all know,E3 and IAQ - Municipalities,https://vimeo.com/460789484#t=156s,[02:36]
4,Maut Cosb,no technology can take the place of everyday precautions the CDC promotes to help prevent the spread of pathogens social distance wash your hands wear,E3 and IAQ - Municipalities,https://vimeo.com/460789484#t=166s,[02:46]
3,Maut Cosb,a mask and call E3,E3 and IAQ - Municipalities,https://vimeo.com/460789484#t=175s,[02:55]
5,E3 and IAQ - Schools Speaker,improving indoor air quality to help keep students and staff safe tops every meeting agenda is the subject line for hundreds of solicitation emails flooding,E3 and IAQ - Schools,https://vimeo.com/460800214#t=0s,[00:00]
6,E3 and IAQ - Schools Speaker,your inbox and has preached about in all those webinars as a design build contractor we were all getting flooded with indoor air quality solutions,E3 and IAQ - Schools,https://vimeo.com/460800214#t=10s,[00:10]
4,E3 and IAQ - Schools Speaker,from every Uncle he didn't even know we had we put our in-house Engineers to work to researching options for our clients here's the skinny,E3 and IAQ - Schools,https://vimeo.com/460800214#t=19s,[00:19]
5,E3 and IAQ - Schools Speaker,after they waited through the bloke there is no magic pill and no one size fits all solution however there are vetted technologies that are,E3 and IAQ - Schools,https://vimeo.com/460800214#t=28s,[00:28]
6,E3 and IAQ - Schools Speaker,scientifically proven to improve indoor air quality E3 Engineers studied UV PCO and ionizers we developed a white paper that really really details the ins,E3 and IAQ - Schools,https://vimeo.com/460800214#t=37s,[00:37]
4,E3 and IAQ - Schools Speaker,and outs of each one will share it with you if you really really likes details but to stick to the skinny our research suggests,E3 and IAQ - Schools,https://vimeo.com/460800214#t=47s,[00:47]
9,E3 and IAQ - Schools Speaker,that an overall HVAC analysis by E3 at no cost and potentially installing ionizers could be a great option for improving the quality of your,E3 and IAQ - Schools,https://vimeo.com/460800214#t=55s,[00:55]
5,E3 and IAQ - Schools Speaker,indoor air so what exactly are ionizers to fully understand the technology we rewound back to our middle school science years when Mrs Jones taught,E3 and IAQ - Schools,https://vimeo.com/460800214#t=65s,[01:05]
4,E3 and IAQ - Schools Speaker,us all about ions ions or molecules that have gained or lost an electrical charge contrary to their confusing misnomer positive ions are often bad,E3 and IAQ - Schools,https://vimeo.com/460800214#t=74s,[01:14]
4,E3 and IAQ - Schools Speaker,stuff in the air like pollution mold and viruses these pesky positive ions can create negative health conditions yuck on the contrary negative ions can,E3 and IAQ - Schools,https://vimeo.com/460800214#t=84s,[01:24]
5,E3 and IAQ - Schools Speaker,have good effects on health and actually clean the air by attaching themselves to positively charged particles and negatively charging those particles they disrupt breakdown,E3 and IAQ - Schools,https://vimeo.com/460800214#t=93s,[01:33]
4,E3 and IAQ - Schools Speaker,odors into harmless compounds and make bacteria and pollen spores too heavy to remain Airborne negative ions naturally occur outdoors from energy created from Rushing,E3 and IAQ - Schools,https://vimeo.com/460800214#t=105s,[01:45]
5,E3 and IAQ - Schools Speaker,Water waterfalls crashing waves thunder and lightning plants and sunlight ionizers introduce ions into the Airstream to replicate the cleaning forces of naturally occurring once,E3 and IAQ - Schools,https://vimeo.com/460800214#t=115s,[01:55]
7,E3 and IAQ - Schools Speaker,using the air flow in your existing HVAC system ions are transported throughout interior spaces without introducing ozone or harmful byproducts into the space E3,E3 and IAQ - Schools,https://vimeo.com/460800214#t=127s,[02:07]
7,E3 and IAQ - Schools Speaker,has been installing ionizers on HVAC systems since 2015 E3 installs ionizers that have been both lab tested and tested at actual client sites by,E3 and IAQ - Schools,https://vimeo.com/460800214#t=137s,[02:17]
5,E3 and IAQ - Schools Speaker,third-party test agencies and a controlled laboratory tests showed that up to 99.4% of covid-19 viral are inactivated on a stagnant Surface after 30 minutes,E3 and IAQ - Schools,https://vimeo.com/460800214#t=147s,[02:27]
4,E3 and IAQ - Schools Speaker,ionizers and other indoor air quality Technologies are just part of a good defense all hail the mighty disclaimer but as we all know no,E3 and IAQ - Schools,https://vimeo.com/460800214#t=157s,[02:37]
4,E3 and IAQ - Schools Speaker,technology can take the place of everyday precautions the CDC promotes to help prevent the spread of pathogens social distance wash your hands wear a,E3 and IAQ - Schools,https://vimeo.com/460800214#t=166s,[02:46]
3,E3 and IAQ - Schools Speaker,mask and call E3,E3 and IAQ - Schools,https://vimeo.com/460800214#t=175s,[02:55]
6,Take Control,prior to joining E3 about a year and a half ago I spent 12 years as a County elected official for Cook County which is,E3 at ARCIT - funding,https://vimeo.com/765031113#t=0s,[00:00]
4,Jason Brinkley,"a rural County north of the Metroplex Gainesville county seat so it's kind of about 40,000 so we we were still are a royal County",E3 at ARCIT - funding,https://vimeo.com/765031113#t=7s,[00:07]
4,Jason Brinkley,the last six of those years I spent as County judge so during that time for County our size we tried to do a lot,E3 at ARCIT - funding,https://vimeo.com/765031113#t=16s,[00:16]
4,Business Development,of what we would consider large projects they may not in some of the larger counties but we can consider them large projects inevitably one,E3 at ARCIT - funding,https://vimeo.com/765031113#t=23s,[00:23]
1,Business Development,of the questions came after we talked about how we going to what what delivery method we're going to use is how are we going,E3 at ARCIT - funding,https://vimeo.com/765031113#t=33s,[00:33]
2,Business Development,to fund this project now if you're lucky enough to have fun balance that's a maybe a really simple answer hey we've got some money,E3 at ARCIT - funding,https://vimeo.com/765031113#t=41s,[00:41]
6,Business Development,we're going to use it however if you want to kind of save that for a rainy day scenario don't have fun balance we're going,E3 at ARCIT - funding,https://vimeo.com/765031113#t=50s,[00:50]
5,Business Development,to walk through a few different funding options that are out there this may be a refresher for all of y'all y'all you'll highly educated,E3 at ARCIT - funding,https://vimeo.com/765031113#t=58s,[00:58]
6,Business Development,on what what you got going on if it is that's great if you take a nugget out of it that's great but this is,E3 at ARCIT - funding,https://vimeo.com/765031113#t=67s,[01:07]
4,Business Development,"a 30,000 ft view each one of these five or six that I'm going to talk about could be an hour long class and it's",E3 at ARCIT - funding,https://vimeo.com/765031113#t=74s,[01:14]
4,Business Development,after lunch and you don't want to do that so the first one that we're going to talk about is everybody's favorite which is Harper,E3 at ARCIT - funding,https://vimeo.com/765031113#t=81s,[01:21]
2,Business Development,so in 2020 when arpa was originally been discussed in that previous administration there was talk after the cares act about pushing out some money,E3 at ARCIT - funding,https://vimeo.com/765031113#t=90s,[01:30]
4,Business Development,to to cities and counties and I was on the National Association of counties board of directors at that time and was actually on their,E3 at ARCIT - funding,https://vimeo.com/765031113#t=100s,[01:40]
4,Business Development,legislative action team working with members of Congress telling play issues we had with cares and if anybody that cares funding you know that they,E3 at ARCIT - funding,https://vimeo.com/765031113#t=108s,[01:48]
4,Business Development,sent that to the state state put on these other strings and attachments on what had to happen and eventually some of that trickle down,E3 at ARCIT - funding,https://vimeo.com/765031113#t=118s,[01:58]
2,Business Development,to to the local entities the discussion on arpa was that money needs to go quicker to the local governments so that was a half,E3 at ARCIT - funding,https://vimeo.com/765031113#t=127s,[02:07]
4,Business Development,of a success because counties got the money directly a lot of small cities still had to go through the state hopefully it was a,E3 at ARCIT - funding,https://vimeo.com/765031113#t=136s,[02:16]
4,Business Development,little quicker but that's still was hopefully a better better option than under cares the other big conversation that was had was how to counties,E3 at ARCIT - funding,https://vimeo.com/765031113#t=144s,[02:24]
4,Business Development,and cities spend this money more quickly and that's when they came up with the Lost Revenue standard allowance which I think everybody probably has,E3 at ARCIT - funding,https://vimeo.com/765031113#t=154s,[02:34]
4,Business Development,"some familiarity with it basically says that turn up to 10 million dollars as lost Revenue so if you're an entity of under $50,000 every",E3 at ARCIT - funding,https://vimeo.com/765031113#t=163s,[02:43]
4,Business Development,"bit of the arbor funds you had you can count as lost Revenue there's 3,000 counties there's $20,000 cities in in in in in the",E3 at ARCIT - funding,https://vimeo.com/765031113#t=172s,[02:52]
4,Business Development,United States they do not want to come in and audit you and all that so that's why they came up with a quick and,E3 at ARCIT - funding,https://vimeo.com/765031113#t=181s,[03:01]
6,Business Development,easy way to get some of the smaller entities to be able to utilize those funds there's a more complicated formula for Ross Revenue if,E3 at ARCIT - funding,https://vimeo.com/765031113#t=188s,[03:08]
4,Business Development,"you really want to go that route but if you're under 50,000 you can spend up to 10 million which is probably everything you've got",E3 at ARCIT - funding,https://vimeo.com/765031113#t=197s,[03:17]
4,Business Development,as that lost Revenue so any governmental service is included in what is permitted what is not permitted is an eligible expenses such as debt,E3 at ARCIT - funding,https://vimeo.com/765031113#t=206s,[03:26]
4,Business Development,Services rainy day fund that's total for for the entire Opera if you are fortunate enough to get more than the 10 million you can,E3 at ARCIT - funding,https://vimeo.com/765031113#t=215s,[03:35]
4,Business Development,spend those on some other listed out in in the legislation couple key things to to note is you can spend it on response to,E3 at ARCIT - funding,https://vimeo.com/765031113#t=224s,[03:44]
4,Business Development,the public health emergency which would be if you've got a county hospital or City Hospital you can spend those funds for that and it,E3 at ARCIT - funding,https://vimeo.com/765031113#t=232s,[03:52]
4,Business Development,be completely allowable the other is mainly for cities you can do City in water infrastructure a couple key dates to remember is the end,E3 at ARCIT - funding,https://vimeo.com/765031113#t=241s,[04:01]
4,Business Development,of 2024 the funds must be incurred or obligated in the end of 2026 the funds must be expended in all work completed that sounds,E3 at ARCIT - funding,https://vimeo.com/765031113#t=250s,[04:10]
4,Business Development,like a long time from now but as we kind of walk through while ago large if you're looking to do larger projects it takes,E3 at ARCIT - funding,https://vimeo.com/765031113#t=258s,[04:18]
4,Business Development,time with supply chain it delays projects so this date is going to come up quicker than you think and you really don't want to,E3 at ARCIT - funding,https://vimeo.com/765031113#t=266s,[04:26]
4,Business Development,have to give money back to the federal government the next one we're going to talk about is one that I wasn't familiar with whenever,E3 at ARCIT - funding,https://vimeo.com/765031113#t=274s,[04:34]
4,Business Development,I was County judge but one that I think really can benefit all right has benefited a lot of local entities and that's a couple,E3 at ARCIT - funding,https://vimeo.com/765031113#t=283s,[04:43]
6,Business Development,different opportunities to the state energy conservation office or Seco they have a revolving Loan program called The Lone Star Loan program for public entities,E3 at ARCIT - funding,https://vimeo.com/765031113#t=292s,[04:52]
6,Business Development,and these are Energy savings related projects so if you've got a aging infrastructure aging building that if you improve that infrastructure including mechanical systems,E3 at ARCIT - funding,https://vimeo.com/765031113#t=302s,[05:02]
8,Business Development,LED lighting and building improvements such as reflective windows and alright you can if those you can prove those savings will pay for themselves over,E3 at ARCIT - funding,https://vimeo.com/765031113#t=313s,[05:13]
4,Business Development,the life of the loan you can get a loan up to 15 years at 2% interest no one thing is important I've seen a,E3 at ARCIT - funding,https://vimeo.com/765031113#t=324s,[05:24]
4,Business Development,lot of entities that are actually able to more than pay for themselves and you can actually have a more comprehensive project where you're bringing,E3 at ARCIT - funding,https://vimeo.com/765031113#t=331s,[05:31]
6,Business Development,in and doing other things that is also being partially or fully paid for by the Energy savings so it's a good this is this,E3 at ARCIT - funding,https://vimeo.com/765031113#t=340s,[05:40]
6,Business Development,is not just exclusive for this loans exclusive for Energy savings but it may allow you to do other projects as well the other opportunity,E3 at ARCIT - funding,https://vimeo.com/765031113#t=349s,[05:49]
3,Business Development,at the moment that the state energy State energy conservation office has is the chiller replacement program this is for children over 12 years of,E3 at ARCIT - funding,https://vimeo.com/765031113#t=358s,[05:58]
4,Business Development,age it's Max of 3 million dollars per Loan in the 18 years that you're not misreading that that is 0.25 interest which is unheard,E3 at ARCIT - funding,https://vimeo.com/765031113#t=367s,[06:07]
3,Business Development,of your it's it's as Lance says that's basically free money because if you're replacing a 12 or 15 or 20 year old Chiller it's,E3 at ARCIT - funding,https://vimeo.com/765031113#t=376s,[06:16]
8,Business Development,most likely going to be much more energy efficient and why energy efficient Energy Efficiency is not required impractical you're going to have practically you're,E3 at ARCIT - funding,https://vimeo.com/765031113#t=384s,[06:24]
3,Business Development,going to see that so if you're looking to replace older an older Chiller this is a good good opportunity out there some other opportunities,E3 at ARCIT - funding,https://vimeo.com/765031113#t=395s,[06:35]
4,Business Development,that are that that come out from time to time so it's good thing to keep in mind and watch on their website I know,E3 at ARCIT - funding,https://vimeo.com/765031113#t=404s,[06:44]
6,Business Development,we're kind of running low on time so I'm going to kind of Breeze through some of these others but you do have this is,E3 at ARCIT - funding,https://vimeo.com/765031113#t=412s,[06:52]
4,Business Development,more methods for cities and counties certificates of obligation if you are familiar with generally these do not require an election unless you have a,E3 at ARCIT - funding,https://vimeo.com/765031113#t=420s,[07:00]
4,General Obligation Bonds,petition by 5% of your registered voters you can have a term of up to 40 years most time it's much much shorter and if,E3 at ARCIT - funding,https://vimeo.com/765031113#t=429s,[07:09]
4,General Obligation Bonds,you have all your ducks in a row you can go from start to funding and as little as a couple of months and then,E3 at ARCIT - funding,https://vimeo.com/765031113#t=437s,[07:17]
3,General Obligation Bonds,this can be an entire half Day presentation on General obligation bonds but just to to make sure you're familiar with it they do require,E3 at ARCIT - funding,https://vimeo.com/765031113#t=445s,[07:25]
4,General Obligation Bonds,an election it's secured by ad valorem taxing power and you can have a loan up to 40 years most of them are actually shorter,E3 at ARCIT - funding,https://vimeo.com/765031113#t=454s,[07:34]
4,General Obligation Bonds,and the time table because it requires the election you have all your election notices and you want to educate your population on what exactly,E3 at ARCIT - funding,https://vimeo.com/765031113#t=462s,[07:42]
4,General Obligation Bonds,is being asked or what is being proposed that considerably longer than some of the other opportunities out there the next one is the new,E3 at ARCIT - funding,https://vimeo.com/765031113#t=471s,[07:51]
5,General Obligation Bonds,kid on the Block only been out for 30 years or so called text notes you're starting to see some of this because there's some,E3 at ARCIT - funding,https://vimeo.com/765031113#t=480s,[08:00]
1,General Obligation Bonds,benefits here when you're looking at calculating your no new Revenue rate and your your taxing right because of some loopholes and sb2 that mean,E3 at ARCIT - funding,https://vimeo.com/765031113#t=489s,[08:09]
4,General Obligation Bonds,that services like this are not included in that and you can usually turn this around pretty quickly so these are shorter term loans of,E3 at ARCIT - funding,https://vimeo.com/765031113#t=498s,[08:18]
4,General Obligation Bonds,up to 7 and its really quickly can go from start to finding these do require comptroller approval however in my understanding is that generally,E3 at ARCIT - funding,https://vimeo.com/765031113#t=507s,[08:27]
4,General Obligation Bonds,is not a a Time intensive sing the only one I've heard that they've pushed back on here recently is somebody that was trying to,E3 at ARCIT - funding,https://vimeo.com/765031113#t=517s,[08:37]
4,General Obligation Bonds,do a one-year term and I said no if it's just a one year term you can pay for it if you're if you're taking,E3 at ARCIT - funding,https://vimeo.com/765031113#t=525s,[08:45]
4,Upcoming Opportunities,out a loan and going to I'm going to do a text note for 6 months that's just not just go pay for it so,E3 at ARCIT - funding,https://vimeo.com/765031113#t=532s,[08:52]
4,Upcoming Opportunities,that's a that's a good opportunity there a couple things to be mindful of coming forward is there's about another 1. 4 5 5 play,E3 at ARCIT - funding,https://vimeo.com/765031113#t=539s,[08:59]
4,Upcoming Opportunities,do I say an energy bill that was passed just a few months ago there's not a whole lot of guidance on that yet but,E3 at ARCIT - funding,https://vimeo.com/765031113#t=548s,[09:08]
4,Upcoming Opportunities,that's going to be rolling out over the next few years you start seeing some loans and grants coming out probably middle of next year,E3 at ARCIT - funding,https://vimeo.com/765031113#t=555s,[09:15]
4,Upcoming Opportunities,but just a couple of the keep and be mindful of I know I ran through those pretty quickly because we had some good discussion,E3 at ARCIT - funding,https://vimeo.com/765031113#t=564s,[09:24]
2,Upcoming Opportunities,earlier but if you need these slides let me know and we can make them available,E3 at ARCIT - funding,https://vimeo.com/765031113#t=572s,[09:32]
4,Take Control,project delivery methods and it's it some people might be kind of scared off if it's a complicated topic but I can promise you it's,E3 at ARCIT - project delivery.mp4,https://vimeo.com/765024976#t=0s,[00:00]
4,Lance Wyatt,a lot easier than trying to figure out what's wrong with Texas A&M football right now a lot of times we talked to cities and,E3 at ARCIT - project delivery.mp4,https://vimeo.com/765024976#t=9s,[00:09]
4,Lance Wyatt,counties and we hear just that our infrastructure continues to get older and older we just keep kicking the can down the road that's that,E3 at ARCIT - project delivery.mp4,https://vimeo.com/765024976#t=17s,[00:17]
4,Lance Wyatt,deferred maintenance issue those are the things you know you got to take care of but you don't have money you don't have a way,E3 at ARCIT - project delivery.mp4,https://vimeo.com/765024976#t=27s,[00:27]
4,Aging Infrastructure,to take care of it and fix it so some of the things that we talked with our clients about when it comes to aging,E3 at ARCIT - project delivery.mp4,https://vimeo.com/765024976#t=36s,[00:36]
5,Aging Infrastructure,infrastructure these this is not an all inclusive list But it includes building's Water Systems electrical systems Lighting systems building automation systems just to name,E3 at ARCIT - project delivery.mp4,https://vimeo.com/765024976#t=44s,[00:44]
5,Aging Infrastructure,a few and some of the projects that they discuss with us our infrastructure enhancements technical upgrades HVAC Replacements building modifications this is really anything,E3 at ARCIT - project delivery.mp4,https://vimeo.com/765024976#t=56s,[00:56]
6,Aging Infrastructure,within the walls top of the building outside of the building LED lighting retrofits water meter Replacements along with electrical meter Replacements EV charging stations,E3 at ARCIT - project delivery.mp4,https://vimeo.com/765024976#t=68s,[01:08]
4,Aging Infrastructure,this is a big thing is out of alluded to that folks are more concerned about I've got a town here that's represented here that,E3 at ARCIT - project delivery.mp4,https://vimeo.com/765024976#t=80s,[01:20]
4,Aging Infrastructure,is Rural America or rural Texas and they want a couple EV charging stations you know it's kind of a thoroughfare to get people to,E3 at ARCIT - project delivery.mp4,https://vimeo.com/765024976#t=88s,[01:28]
6,Aging Infrastructure,stop to spend a little money in their communities and that's a great idea and again it's on a mission sustainability and resiliency y'all remember,E3 at ARCIT - project delivery.mp4,https://vimeo.com/765024976#t=97s,[01:37]
5,Aging Infrastructure,to the winter snowmageddon a year ago you know they say that thing called he's really talking about what if it how do we mitigate,E3 at ARCIT - project delivery.mp4,https://vimeo.com/765024976#t=108s,[01:48]
4,Aging Infrastructure,some of the risk and what can we do with regards to emergency generators you know there's a lot of different things the topics are,E3 at ARCIT - project delivery.mp4,https://vimeo.com/765024976#t=117s,[01:57]
2,Aging Infrastructure,they're talking about in order to make sure that doesn't happen what I like to do in the whole purpose of this presentation is when,E3 at ARCIT - project delivery.mp4,https://vimeo.com/765024976#t=126s,[02:06]
4,Aging Infrastructure,you walk out of here we want you to walk out and say man I really got value out of that so compared to traditional,E3 at ARCIT - project delivery.mp4,https://vimeo.com/765024976#t=135s,[02:15]
4,Aging Infrastructure,methods what if we can show you a delivery method that delivers your projects faster with higher quality and at a lower cost if we,E3 at ARCIT - project delivery.mp4,https://vimeo.com/765024976#t=143s,[02:23]
4,Aging Infrastructure,can show you that hopefully you can walk away and go you know what I got a lot of good value I learned a lot,E3 at ARCIT - project delivery.mp4,https://vimeo.com/765024976#t=152s,[02:32]
2,Process Flow,and that's that's what our desire is during this presentation so we're going to look at three project delivery methods more traditional methods designed to,E3 at ARCIT - project delivery.mp4,https://vimeo.com/765024976#t=160s,[02:40]
4,Process Flow,build and construction design build now for each one of these models we're going to look at contractual alignment of each we're going to look,E3 at ARCIT - project delivery.mp4,https://vimeo.com/765024976#t=170s,[02:50]
4,Contractual Alignment,at the process flow features and concerns of each model and also Houston we have a problem have y'all ever had a project that had,E3 at ARCIT - project delivery.mp4,https://vimeo.com/765024976#t=180s,[03:00]
4,Contractual Alignment,a problem everybody will probably raise their hand and say yes so what happens with each of these models when you have a problem we're,E3 at ARCIT - project delivery.mp4,https://vimeo.com/765024976#t=189s,[03:09]
4,Contractual Alignment,going to discuss that as well so contractually when you look at design build you're going to have the owner your city or your county,E3 at ARCIT - project delivery.mp4,https://vimeo.com/765024976#t=199s,[03:19]
4,Contractual Alignment,is going to have two contracts one with the design firm and one with your construction firm and of course they've got their own consultants,E3 at ARCIT - project delivery.mp4,https://vimeo.com/765024976#t=208s,[03:28]
4,Contractual Alignment,and subcontractors as well that their contract with but you have to manage both of those agreements now when you look at CMA are you,E3 at ARCIT - project delivery.mp4,https://vimeo.com/765024976#t=218s,[03:38]
4,Including Specialty,notice that it's got a similar structure here the turn the notice it's the difference is the dotted line between your construction manager your a,E3 at ARCIT - project delivery.mp4,https://vimeo.com/765024976#t=227s,[03:47]
4,Including Specialty,general contractor to your designer basically what this means is that your Construction Group has a little bit more input earlier in the process in,E3 at ARCIT - project delivery.mp4,https://vimeo.com/765024976#t=237s,[03:57]
4,Conceptual Planning,the design process than the traditional more traditional design bid build method and last but not least is the design build project delivery you notice,E3 at ARCIT - project delivery.mp4,https://vimeo.com/765024976#t=247s,[04:07]
4,Conceptual Planning,here the owner has one contract one so this is when you talk about a design build company they are in house they have the,E3 at ARCIT - project delivery.mp4,https://vimeo.com/765024976#t=258s,[04:18]
4,Conceptual Planning,design aspect of the project as well as construction as well there's a lot of collaboration between the two and you're going to see how,E3 at ARCIT - project delivery.mp4,https://vimeo.com/765024976#t=266s,[04:26]
5,Construction Input,important that is when we look at process flow here just a second so process Flow Design what we're going to have we're going to,E3 at ARCIT - project delivery.mp4,https://vimeo.com/765024976#t=276s,[04:36]
4,Construction Input,have we're going to keep this example consistent throughout the three models but you're going to notice a different color blocks up there are different,E3 at ARCIT - project delivery.mp4,https://vimeo.com/765024976#t=285s,[04:45]
4,Construction Input,stages in a typical project now you might look at those stages and say well ours is a little bit different and they all they,E3 at ARCIT - project delivery.mp4,https://vimeo.com/765024976#t=295s,[04:55]
4,Construction Input,are all a little bit different with regards to the different stages that you have in there but you're going to notice that with design,E3 at ARCIT - project delivery.mp4,https://vimeo.com/765024976#t=304s,[05:04]
4,Construction Input,build construction input doesn't start until your general contractor selected and construction is ready to begin all right and then of course your price is,E3 at ARCIT - project delivery.mp4,https://vimeo.com/765024976#t=313s,[05:13]
4,Construction Input,determined there now you know that this is a sequential model in order to get to Stage 2 you got to complete stage one and,E3 at ARCIT - project delivery.mp4,https://vimeo.com/765024976#t=324s,[05:24]
5,Construction Input,so forth so each stage kicks In One Construction best timeline and the reason being is because you can have multiple stages working at the,E3 at ARCIT - project delivery.mp4,https://vimeo.com/765024976#t=333s,[05:33]
4,Construction Input,same time running in parallel with each other you don't have to in order to start construction you don't have to have all the final,E3 at ARCIT - project delivery.mp4,https://vimeo.com/765024976#t=342s,[05:42]
4,Construction Input,design documents okay so this helps to compress time now when you look at CMA are and you look at construction input it starts much,E3 at ARCIT - project delivery.mp4,https://vimeo.com/765024976#t=352s,[05:52]
4,Construction Input,earlier in the process okay so you're guaranteed maximum price a little bit earlier design build is very similar and it's parallel staging but construction,E3 at ARCIT - project delivery.mp4,https://vimeo.com/765024976#t=361s,[06:01]
4,Construction Input,input starts on day one now why is that important when you are in a design process you want construction of input to constructability you,E3 at ARCIT - project delivery.mp4,https://vimeo.com/765024976#t=372s,[06:12]
4,Construction Input,want to know what the obstacles are so from a design go back you might want to be doing a certain thing and construction comes,E3 at ARCIT - project delivery.mp4,https://vimeo.com/765024976#t=381s,[06:21]
4,Construction Input,in and goes you can't do that and let me tell you why so you can avoid that obstacle compresses time even more and obviously,E3 at ARCIT - project delivery.mp4,https://vimeo.com/765024976#t=390s,[06:30]
4,Construction Input,your price is determined a little earlier as well now when you look at time advantages when you look at design build versus cmar this,E3 at ARCIT - project delivery.mp4,https://vimeo.com/765024976#t=399s,[06:39]
4,Avg Cost Savings,is a little bit older study the numbers have changed a little bit but I'll mention that in a moment 13% faster than CMA are,E3 at ARCIT - project delivery.mp4,https://vimeo.com/765024976#t=408s,[06:48]
4,Avg Cost Savings,design build is and when you compare it to design big build it's 33 percent faster now there is a newer study that just came,E3 at ARCIT - project delivery.mp4,https://vimeo.com/765024976#t=417s,[06:57]
2,Avg Cost Savings,out from the University of Florida and University of Colorado actually came out after this presentation was already put together and it says that is,E3 at ARCIT - project delivery.mp4,https://vimeo.com/765024976#t=425s,[07:05]
6,Avg Cost Savings,actually twice as fast as Boulder study average cost savings is a 6.1 percent the newest study says they're still savings cost savings there but,E3 at ARCIT - project delivery.mp4,https://vimeo.com/765024976#t=436s,[07:16]
4,Avg Cost Savings,the key time is money we all know especially in today's environment with our supply chain issue how many of y'all have had one of,E3 at ARCIT - project delivery.mp4,https://vimeo.com/765024976#t=446s,[07:26]
4,Avg Cost Savings,your folks on a call and they said we need a decision within 30 minutes cuz prices going up so look at the features and,E3 at ARCIT - project delivery.mp4,https://vimeo.com/765024976#t=455s,[07:35]
4,Avg Cost Savings,concerns of the different models you know when you look at design build one of the features is it's the familiar traditional method it's been,E3 at ARCIT - project delivery.mp4,https://vimeo.com/765024976#t=463s,[07:43]
1,Avg Cost Savings,used for many years folks are comfortable with it it appears to result in the lowest cost I'm going to ask a question before and,E3 at ARCIT - project delivery.mp4,https://vimeo.com/765024976#t=473s,[07:53]
4,Avg Cost Savings,it's because I don't want you reading ahead you notice it appears to be the lowest cost it's in it's in quotes what is it,E3 at ARCIT - project delivery.mp4,https://vimeo.com/765024976#t=482s,[08:02]
5,Avg Cost Savings,appear from the beginning to be the lowest cost but specifically it's called gray area so what happens if you get the lowest bid you,E3 at ARCIT - project delivery.mp4,https://vimeo.com/765024976#t=490s,[08:10]
4,Avg Cost Savings,select it and then they come in with the intention they know how the game is played they got all these gray areas that aren't,E3 at ARCIT - project delivery.mp4,https://vimeo.com/765024976#t=500s,[08:20]
4,Avg Cost Savings,defined and they're going to come and say you need to do all these things and you got change orders that are required at that,E3 at ARCIT - project delivery.mp4,https://vimeo.com/765024976#t=508s,[08:28]
4,Avg Cost Savings,point concerns a little bit we talked about that design changes late to process do cause delays and are costly and design and construction are,E3 at ARCIT - project delivery.mp4,https://vimeo.com/765024976#t=517s,[08:37]
4,Avg Cost Savings,sequential so therefore it's going to take longer to have a longer schedule and completing that project now are you going to transfer some of,E3 at ARCIT - project delivery.mp4,https://vimeo.com/765024976#t=527s,[08:47]
4,Avg Cost Savings,the wrist from the city or the county to the construction management team does get involved much earlier than in design bed build and they,E3 at ARCIT - project delivery.mp4,https://vimeo.com/765024976#t=537s,[08:57]
6,Avg Cost Savings,do provide cost savings over National model now some of the concerns when you have design changes after construction begins it is responsibility owner and,E3 at ARCIT - project delivery.mp4,https://vimeo.com/765024976#t=547s,[09:07]
4,Avg Cost Savings,those new results and change orders at that point so you will have that there's no single point of accountability remember there's there's the two,E3 at ARCIT - project delivery.mp4,https://vimeo.com/765024976#t=557s,[09:17]
6,Avg Cost Savings,contracts that you're managing between design and construction leading the finger pointing when a problem does arrive you have given great examples of where you,E3 at ARCIT - project delivery.mp4,https://vimeo.com/765024976#t=568s,[09:28]
4,Avg Cost Savings,start getting this what is that require y'all to do as an owner you got to play referee and sometimes you've got to get lawyers,E3 at ARCIT - project delivery.mp4,https://vimeo.com/765024976#t=579s,[09:39]
4,Avg Cost Savings,involved and that becomes a messy drawn out process look at it as I build it does when you when you talk about an owner,E3 at ARCIT - project delivery.mp4,https://vimeo.com/765024976#t=588s,[09:48]
6,Avg Cost Savings,it requires minimal time commitment from the owner it does for the Facility Owners and you do get to save money and time compared to,E3 at ARCIT - project delivery.mp4,https://vimeo.com/765024976#t=596s,[09:56]
4,Avg Cost Savings,more traditional methods some of the negatives and concerns is the cost does at first appear to be more but we talked about why that,E3 at ARCIT - project delivery.mp4,https://vimeo.com/765024976#t=605s,[10:05]
4,Avg Cost Savings,is you got to guarantee price in there you don't have the change orders if you miss it company misses it count me takes care,E3 at ARCIT - project delivery.mp4,https://vimeo.com/765024976#t=614s,[10:14]
4,Avg Cost Savings,of it lack of familiarity I mean design big build has been around for a long time and folks that have used it and they're,E3 at ARCIT - project delivery.mp4,https://vimeo.com/765024976#t=623s,[10:23]
4,Avg Cost Savings,just a little bit you know they're not sure of trying other methods but once they learn they change pretty quickly and of course the,E3 at ARCIT - project delivery.mp4,https://vimeo.com/765024976#t=632s,[10:32]
4,Avg Cost Savings,Project's not fully designed at the time of construction that makes some people uncomfortable I guess what you don't have to have it all designed,E3 at ARCIT - project delivery.mp4,https://vimeo.com/765024976#t=641s,[10:41]
4,Avg Cost Savings,to start working in construction so what happens when you have a problem I want to give an example here you have a city now,E3 at ARCIT - project delivery.mp4,https://vimeo.com/765024976#t=651s,[10:51]
4,Avg Cost Savings,this is a company I'm aware of this happened you have a city during the during the traditional plan inspect your CMA are your design,E3 at ARCIT - project delivery.mp4,https://vimeo.com/765024976#t=660s,[11:00]
4,Avg Cost Savings,big build they've got their agreement with the architect their general contractors who have their subs and one part of the project and in the,E3 at ARCIT - project delivery.mp4,https://vimeo.com/765024976#t=669s,[11:09]
6,Avg Cost Savings,design it calls for all the HVAC equipment that's 20 years or older to be replaced all right so controls folks are detailed people and,E3 at ARCIT - project delivery.mp4,https://vimeo.com/765024976#t=679s,[11:19]
4,Avg Cost Savings,they're out there they're looking at the buildings they're looking at the units and they notice this wall obscured wall and behind that wall or,E3 at ARCIT - project delivery.mp4,https://vimeo.com/765024976#t=688s,[11:28]
4,Avg Cost Savings,four more units that were missed they're over 20 years old it happens what are they going to do they're going to reach out to,E3 at ARCIT - project delivery.mp4,https://vimeo.com/765024976#t=698s,[11:38]
4,Spec Approach,Mechanical contractor possibly because they don't work with them and say hey are you seeing the same thing here I notice this they're going to,E3 at ARCIT - project delivery.mp4,https://vimeo.com/765024976#t=707s,[11:47]
4,Spec Approach,reach out to General Dr mechanical problems going to do the same thing General Contractors will reach out to the architect and Architects going to,E3 at ARCIT - project delivery.mp4,https://vimeo.com/765024976#t=717s,[11:57]
4,Spec Approach,have to get with the city and say hey we missed four units what do you want us to do to change order said he's,E3 at ARCIT - project delivery.mp4,https://vimeo.com/765024976#t=727s,[12:07]
4,Spec Approach,got to determine okay well first of all goes back tells the architect hey want to find out what the prices and what the change,E3 at ARCIT - project delivery.mp4,https://vimeo.com/765024976#t=735s,[12:15]
4,Spec Approach,order cost is going to be they get with engineering they come up with that cost to get it back to him in his pallete,E3 at ARCIT - project delivery.mp4,https://vimeo.com/765024976#t=744s,[12:24]
4,Spec Approach,now has to vote for this change order are they going to wait till the next council meeting they're going to call a special meeting,E3 at ARCIT - project delivery.mp4,https://vimeo.com/765024976#t=752s,[12:32]
1,Spec Approach,when I'm trying to get here is time is involved you got all these steps here you got emails going out you got phone calls,E3 at ARCIT - project delivery.mp4,https://vimeo.com/765024976#t=761s,[12:41]
1,Spec Approach,messages being left waiting for folks to come back from vacation this is not done instantaneously so we're talking about a period of time to,E3 at ARCIT - project delivery.mp4,https://vimeo.com/765024976#t=769s,[12:49]
4,Spec Approach,pair of this one issue to move forward it is paladi and they decide to accept the change order let the architect know let's general,E3 at ARCIT - project delivery.mp4,https://vimeo.com/765024976#t=779s,[12:59]
4,Spec Approach,contractor know who informs controls and mechanical and this is an example of what can happen so in that model we're going to we're going,E3 at ARCIT - project delivery.mp4,https://vimeo.com/765024976#t=788s,[13:08]
4,Spec Approach,to learn about this model now and how that same situation is taken care of so is there a better approach for renovations I mentioned,E3 at ARCIT - project delivery.mp4,https://vimeo.com/765024976#t=798s,[13:18]
4,Spec Approach,Renovations here I'm not talking about a new building okay so you have a situation same scenario you got the city that has one contract,E3 at ARCIT - project delivery.mp4,https://vimeo.com/765024976#t=807s,[13:27]
4,Spec Approach,with the design Builder remember there's no change orders the only change order you're going to come across is if the city says hey can,E3 at ARCIT - project delivery.mp4,https://vimeo.com/765024976#t=816s,[13:36]
4,Spec Approach,you add this so I know we didn't talk about it but we want to add it in the plans now obviously that's going to,E3 at ARCIT - project delivery.mp4,https://vimeo.com/765024976#t=826s,[13:46]
1,Spec Approach,be a change order that's going to cost situation design Builder has their subcontractors they find the for the controls teams reach out to Mechanical,E3 at ARCIT - project delivery.mp4,https://vimeo.com/765024976#t=834s,[13:54]
4,Design Builder,and reach out to design Builder design Builders going to look at it and go whoops we missed it how in the world did I,E3 at ARCIT - project delivery.mp4,https://vimeo.com/765024976#t=844s,[14:04]
4,Design Builder,know it was obscured wall but man we missed it we own it so what's it going to cost us they go ahead and update,E3 at ARCIT - project delivery.mp4,https://vimeo.com/765024976#t=852s,[14:12]
4,Design Builder,design let me know hey we messed up but we got you covered you ain't got to worry about it we own it we're paying,E3 at ARCIT - project delivery.mp4,https://vimeo.com/765024976#t=860s,[14:20]
7,Design Builder,for it you just great I heard it in the sales rhetoric now see it in action it's pretty cool so I'm going to control,E3 at ARCIT - project delivery.mp4,https://vimeo.com/765024976#t=868s,[14:28]
1,Design Builder,his mechanical know what's going on my question to you is when you look at these two together with that one problem that you have,E3 at ARCIT - project delivery.mp4,https://vimeo.com/765024976#t=876s,[14:36]
6,Design Builder,is there more simple approach I dare say there is find build because time is money and I guarantee of not having to worry about,E3 at ARCIT - project delivery.mp4,https://vimeo.com/765024976#t=885s,[14:45]
4,Design Builder,those change orders as well so just some things to consider how important are the following when you're thinking about your next project is it,E3 at ARCIT - project delivery.mp4,https://vimeo.com/765024976#t=894s,[14:54]
4,Traditional Methods,important to limit change orders what about including design and construction from the beginning when you do that we already talked about how the product,E3 at ARCIT - project delivery.mp4,https://vimeo.com/765024976#t=904s,[15:04]
4,Traditional Methods,quality is increased and you can press time do you want to limit the amount of disruptions do you want to keep from having to,E3 at ARCIT - project delivery.mp4,https://vimeo.com/765024976#t=915s,[15:15]
4,Traditional Methods,be the referee between Construction and design when you have issues do you want a single point of accountability when it comes to your responsibility,E3 at ARCIT - project delivery.mp4,https://vimeo.com/765024976#t=923s,[15:23]
4,Traditional Methods,for your project and the sole responsibility for one company to coordinate and guarantee projects and probably shouldn't have this is kind of a no-brainer,E3 at ARCIT - project delivery.mp4,https://vimeo.com/765024976#t=934s,[15:34]
4,Traditional Methods,it's kind of leading a little bit but completing your project higher quality faster timeline to reduce costs that's not something I just throw up,E3 at ARCIT - project delivery.mp4,https://vimeo.com/765024976#t=945s,[15:45]
4,Traditional Methods,there I think through our examples and demonstration you can see where that would be the result if you look at these six if you've,E3 at ARCIT - project delivery.mp4,https://vimeo.com/765024976#t=955s,[15:55]
1,Traditional Methods,answered it affirmative in three or more I just want to encourage you take a look if you've never looked at design build look at,E3 at ARCIT - project delivery.mp4,https://vimeo.com/765024976#t=964s,[16:04]
4,Traditional Methods,it you're going to learn a little bit later in some of the funding that stuff coming through the government they're pushing cities of municipalities,E3 at ARCIT - project delivery.mp4,https://vimeo.com/765024976#t=973s,[16:13]
4,Traditional Methods,to use design build as a model to deliver projects much faster,E3 at ARCIT - project delivery.mp4,https://vimeo.com/765024976#t=983s,[16:23]
6,Take Control,where do I preferred design build contractor in Texas we provide holistic facility solutions for your buildings and what I mean by holistic is we,E3 at ARCIT - who we are,https://vimeo.com/765028192#t=0s,[00:00]
4,Take Control,come in and we diagnose the entire problem so so kind of like when a doctor if he treats you holistically he doesn't just write,E3 at ARCIT - who we are,https://vimeo.com/765028192#t=8s,[00:08]
4,Adam Anders,you a prescription to deal with your ailment he wants to try to see what's causing the problem so we can get to the root,E3 at ARCIT - who we are,https://vimeo.com/765028192#t=15s,[00:15]
4,Business Developmena,cause the problem and sometimes in buildings that might be that might be an engineering problem the building might have been engineered years and years,E3 at ARCIT - who we are,https://vimeo.com/765028192#t=22s,[00:22]
4,Business Developmena,ago and it's just kind of run out of its life expectancy for we need to come in and re-engineer it so it runs properly,E3 at ARCIT - who we are,https://vimeo.com/765028192#t=30s,[00:30]
4,Business Developmena,in today's world a lot of cities like to have new buildings until they look and see what the new cost is to build a,E3 at ARCIT - who we are,https://vimeo.com/765028192#t=37s,[00:37]
4,Business Developmena,new building so we're taking our existing buildings now and we're kind of kind of repurposing those to where they run they run better we,E3 at ARCIT - who we are,https://vimeo.com/765028192#t=44s,[00:44]
5,Business Developmena,don't just come in I'm trying to figure out what the problem is with the building that technical solution but we work with a lot,E3 at ARCIT - who we are,https://vimeo.com/765028192#t=51s,[00:51]
6,Business Developmena,of third-party vendors are lenders to help find Financial Solutions to help your aging infrastructure which is important because a lot of times if y'all,E3 at ARCIT - who we are,https://vimeo.com/765028192#t=58s,[00:58]
4,Business Developmena,are working there in the city you know what's wrong the problem is finding the money to pay for it find the money to fix,E3 at ARCIT - who we are,https://vimeo.com/765028192#t=67s,[01:07]
4,Business Developmena,it that's a lot of times when we bring value to to the our clients that we we can bring in anybody we want to,E3 at ARCIT - who we are,https://vimeo.com/765028192#t=74s,[01:14]
4,Business Developmena,to come work on that job so we don't have a select group of people if there's a vendor or a contractor that the city,E3 at ARCIT - who we are,https://vimeo.com/765028192#t=80s,[01:20]
4,Business Developmena,has done work with before and they like that contractor will run them through our vetting process and then we can bring them in to,E3 at ARCIT - who we are,https://vimeo.com/765028192#t=87s,[01:27]
4,Business Developmena,work with you if you've got a good working relationship and we're also products so we don't we don't manufacture we don't distribute a products,E3 at ARCIT - who we are,https://vimeo.com/765028192#t=94s,[01:34]
4,Business Developmena,so we're not going to take a product that and try to make it fit your job or fit your project we're going to do,E3 at ARCIT - who we are,https://vimeo.com/765028192#t=102s,[01:42]
5,San Antonio,what's best for the city or the county we have offices in Highland Village Houston in San Antonio actually our office is in Boerne San,E3 at ARCIT - who we are,https://vimeo.com/765028192#t=108s,[01:48]
6,San Antonio,Antonio office is in Boerne Texas so moving right along here's some of the projects that we do this is kind of what E3 knows,E3 at ARCIT - who we are,https://vimeo.com/765028192#t=116s,[01:56]
4,San Antonio,and what we do and I really would like to draw your attention I'm I'm just kind of a down-to-earth guy I'm a shake your,E3 at ARCIT - who we are,https://vimeo.com/765028192#t=123s,[02:03]
6,San Antonio,hand kind of guy you and what you say is what you do and what I really like about E3 is one of our one,E3 at ARCIT - who we are,https://vimeo.com/765028192#t=130s,[02:10]
6,San Antonio,of our family members is he's his quote is you will never hear a say it's not our problem so if E3 takes ownership of,E3 at ARCIT - who we are,https://vimeo.com/765028192#t=136s,[02:16]
4,San Antonio,a project there will never be a situation where the city comes back or the county comes back says Hey having some issues with the,E3 at ARCIT - who we are,https://vimeo.com/765028192#t=142s,[02:22]
5,San Antonio,HVAC we're having some issues with the 83 is not going to say well that's not on us that was this other contract we're going,E3 at ARCIT - who we are,https://vimeo.com/765028192#t=150s,[02:30]
4,San Antonio,to take care of the problem and I really appreciate that so you can just see a lot of the different things that we know,E3 at ARCIT - who we are,https://vimeo.com/765028192#t=157s,[02:37]
4,San Antonio,we've kind of added a couple of interesting things with the electric vehicle Chargers also solar energy those are the two big hot topics and,E3 at ARCIT - who we are,https://vimeo.com/765028192#t=163s,[02:43]
4,San Antonio,around the country today where there's there are monies provided to municipalities to kind of bring in some of this infrastructure and where where that,E3 at ARCIT - who we are,https://vimeo.com/765028192#t=171s,[02:51]
4,San Antonio,comes to play is in some of the city's communities to bring tourism in if we know we got people coming from the city with,E3 at ARCIT - who we are,https://vimeo.com/765028192#t=180s,[03:00]
4,San Antonio,these electric vehicles to make it attractive there are some cities that are often have some of these electrical vehicle Chargers to bring in some,E3 at ARCIT - who we are,https://vimeo.com/765028192#t=187s,[03:07]
4,San Antonio,of that business so that tourism some of the some of the kind of what we focus on we've completed almost 300 projects we've play,E3 at ARCIT - who we are,https://vimeo.com/765028192#t=195s,[03:15]
4,San Antonio,350 public entities 24 million feet square upgraded square feet upgraded and over 300 million of insulation contracts all that means is we're a very,E3 at ARCIT - who we are,https://vimeo.com/765028192#t=202s,[03:22]
4,San Antonio,experienced company we're not just a fly by the night operation who we work with so we work with people like you said he's counties,E3 at ARCIT - who we are,https://vimeo.com/765028192#t=211s,[03:31]
5,San Antonio,health care facilities and school districts if you'll see that all the different Stars around the state of Texas those are the jobs that we,E3 at ARCIT - who we are,https://vimeo.com/765028192#t=218s,[03:38]
1,San Antonio,performed in the state of Texas is you'll notice there's no Louisiana there's no Oklahoma there's no New Mexico we've only worked in the state,E3 at ARCIT - who we are,https://vimeo.com/765028192#t=226s,[03:46]
4,San Antonio,of Texas just because that's where we want to work we've had we've had folks that have left Texas and move to different states that,E3 at ARCIT - who we are,https://vimeo.com/765028192#t=234s,[03:54]
4,San Antonio,want us to come do work for them and we're just kind of staying in Texas right now so we're Texas Race and and that's,E3 at ARCIT - who we are,https://vimeo.com/765028192#t=241s,[04:01]
2,San Antonio,where we like to do our work just curious so this will be my last slide how many in here facing deferred maintenance issues in,E3 at ARCIT - who we are,https://vimeo.com/765028192#t=248s,[04:08]
4,San Antonio,your facilities Mike and I are talking to a hospital we're going down there Tuesday the building was built in 1974 and four of the,E3 at ARCIT - who we are,https://vimeo.com/765028192#t=255s,[04:15]
4,San Antonio,six air handler units are original to the building 1974 those are handling is still pumping out so so that that's the kind of deferred,E3 at ARCIT - who we are,https://vimeo.com/765028192#t=263s,[04:23]
5,San Antonio,maintenance I'm talking about and then and then what's the best way in your opinion if you just had a if you just kind of,E3 at ARCIT - who we are,https://vimeo.com/765028192#t=270s,[04:30]
1,San Antonio,had an answer what's the best way to address or fix these problems would it be more reactive or proactive 100% agree but a lot,E3 at ARCIT - who we are,https://vimeo.com/765028192#t=277s,[04:37]
4,San Antonio,of times cities counties hospitals they get stuck in that reactive Loop and they really they can't get out of it once you're in that,E3 at ARCIT - who we are,https://vimeo.com/765028192#t=284s,[04:44]
6,San Antonio,reactive Loop you're just kind of living day by day that's where E3 comes in and E3 helps you see cities counties and hospitals we,E3 at ARCIT - who we are,https://vimeo.com/765028192#t=292s,[04:52]
4,San Antonio,help we help you so that we can start thinking about things proactively so just to kind of leave you out with that train of,E3 at ARCIT - who we are,https://vimeo.com/765028192#t=299s,[04:59]
4,San Antonio,thought is just how can we make sure our cities and counties are more sustainable and more resilient if you keep those two words in,E3 at ARCIT - who we are,https://vimeo.com/765028192#t=306s,[05:06]
4,San Antonio,mind you'll notice that those are two kind of buzz words with municipalities yesterday when everybody was doing their intros that seemed to be a,E3 at ARCIT - who we are,https://vimeo.com/765028192#t=314s,[05:14]
4,San Antonio,Hot Topic the infrastructure the water treatment plant we're growing the ways water treatment plant growing and we can't handle all these new people so,E3 at ARCIT - who we are,https://vimeo.com/765028192#t=322s,[05:22]
4,San Antonio,how can we remain sustainable for the growth that we're experiencing especially in our world communities and how can we be resilient so how can,E3 at ARCIT - who we are,https://vimeo.com/765028192#t=330s,[05:30]
1,San Antonio,we Keep On Keepin On,E3 at ARCIT - who we are,https://vimeo.com/765028192#t=338s,[05:38]
3,Paul Buckner,on the benefits that we saw when we when E3 was selected was their experience with with Energy Efficiency projects on through the mechanical side,E3 experience with SECO,https://vimeo.com/670008140#t=0s,[00:00]
6,Paul Buckner,of things and the LED lighting and their knowledge on that aspect but also the knowledge and experience they had with the state energy conservation,E3 experience with SECO,https://vimeo.com/670008140#t=12s,[00:12]
4,Paul Buckner,office and how to go through their channels and their the paperwork involved the application and then through the through the process of construction with,E3 experience with SECO,https://vimeo.com/670008140#t=24s,[00:24]
1,Paul Buckner,the the paperwork for reimbursement of of payments and everything that we had to go through that they were a huge asset to Bryan ISD,E3 experience with SECO,https://vimeo.com/670008140#t=37s,[00:37]
1,Paul Buckner,for all of those Avenue,E3 experience with SECO,https://vimeo.com/670008140#t=49s,[00:49]
4,Rebekah Hansen,so I started with piano lessons as a kid but there was a harpist in church one Sunday and it was so beautiful and it's,E3 in 3D - Rebekah Hansen,https://vimeo.com/700450245#t=0s,[00:00]
4,Rebekah Hansen,just so much more unique than the piano so my mom and I talked to the lady afterwards and she just told me where you,E3 in 3D - Rebekah Hansen,https://vimeo.com/700450245#t=13s,[00:13]
4,Rebekah Hansen,can find a harp teacher so we just did it music has taught me when to be The Soloist or went to be the leader,E3 in 3D - Rebekah Hansen,https://vimeo.com/700450245#t=27s,[00:27]
5,Rebekah Hansen,and to take the spotlight or take charge but also learn how to take kids from other people the subtle ways nonverbal that people communicate,E3 in 3D - Rebekah Hansen,https://vimeo.com/700450245#t=39s,[00:39]
4,Rebekah Hansen,and how to be aware of that and pick up on that when you have good energy and a good vibe or it's a good,E3 in 3D - Rebekah Hansen,https://vimeo.com/700450245#t=55s,[00:55]
6,Rebekah Hansen,fit I think you're able to find something or produce something really incredible that's greater than the sum of your individual Parts as an engineer,E3 in 3D - Rebekah Hansen,https://vimeo.com/700450245#t=67s,[01:07]
4,Rebekah Hansen,there are times where I do feel overwhelmed or I can start to worry that maybe other people will find out that I'm like a,E3 in 3D - Rebekah Hansen,https://vimeo.com/700450245#t=84s,[01:24]
4,Rebekah Hansen,fraud it's like that can't solve these complicated problems or that it is too hard and I have definitely also felt that with music sometimes,E3 in 3D - Rebekah Hansen,https://vimeo.com/700450245#t=98s,[01:38]
4,Rebekah Hansen,working on a new piece of music you can get that feeling of it's too hard I can't do it I'm not really a musician,E3 in 3D - Rebekah Hansen,https://vimeo.com/700450245#t=114s,[01:54]
3,Rebekah Hansen,I'm an imposter I'm just pretending but when I try to do is step back and play something simple just a simple song to remind,E3 in 3D - Rebekah Hansen,https://vimeo.com/700450245#t=128s,[02:08]
4,Rebekah Hansen,myself of the joy that the music brings also that I have accomplished something and that's the same for engineering if I can remind myself,E3 in 3D - Rebekah Hansen,https://vimeo.com/700450245#t=142s,[02:22]
3,Rebekah Hansen,to take a step back and maybe look at a more simple problem or situation where I have mastered that or I learned something or,E3 in 3D - Rebekah Hansen,https://vimeo.com/700450245#t=158s,[02:38]
4,Rebekah Hansen,I accomplished something and it can remind me to feel the joy and happiness that engineering and working hard brings,E3 in 3D - Rebekah Hansen,https://vimeo.com/700450245#t=172s,[02:52]
4,Steve Schliesing,paleontologist if I hadn't gone into engineering you know me personally what I really excited to me is Discovery what I do think about is,E3 in 3D - Steve Schliesing,https://vimeo.com/663001626#t=0s,[00:00]
4,Fossil Hunter,just the Wonder of our world to me that's something that you want to understand call the creeks in this area have cut through a,E3 in 3D - Steve Schliesing,https://vimeo.com/663001626#t=18s,[00:18]
6,Fossil Hunter,geologic formation that is really rich in shark's teeth you can go anywhere and look for fossils and be unsuccessful but knowing where to look,E3 in 3D - Steve Schliesing,https://vimeo.com/663001626#t=36s,[00:36]
4,Fossil Hunter,take some research just from experience I know there's a layer a couple feet under this to the house the actual contact material where those,E3 in 3D - Steve Schliesing,https://vimeo.com/663001626#t=55s,[00:55]
6,Fossil Hunter,sharks teeth are I'd say communication is actually one area surprisingly that I've gained a lot from the engineers traditionally a lot of them don't,E3 in 3D - Steve Schliesing,https://vimeo.com/663001626#t=75s,[01:15]
4,Fossil Hunter,like talking to other people and stuff but it's nice to be able to introduce people to the Hobby and explain some things that you've,E3 in 3D - Steve Schliesing,https://vimeo.com/663001626#t=95s,[01:35]
4,Fossil Hunter,learned and help them learn and then as a group you just are better,E3 in 3D - Steve Schliesing,https://vimeo.com/663001626#t=113s,[01:53]
4,SmALL BUSINESS,hi everybody it's Friday afternoon it's been a long week I'm going to laugh all the way through this because I have a freaking prankster,E3 is a small business...or not!,https://vimeo.com/482655593#t=0s,[00:00]
1,Ile Market,for a videographer Kelly I wanted to talk to you today about something that we talked about our management meeting about a week ago and,E3 is a small business...or not!,https://vimeo.com/482655593#t=27s,[00:27]
4,MaCOLE MARKET,we all heard small business small business that you know small businesses are going to be in trouble because of covid small businesses are risk,E3 is a small business...or not!,https://vimeo.com/482655593#t=54s,[00:54]
4,Migole And,you know if you think about this business the only one that decided that they have a range or a set of metrics to determine,E3 is a small business...or not!,https://vimeo.com/482655593#t=83s,[01:23]
4,Ple Market,what a small business is there's a lot written on small business what makes a small business actually there was a lot of business what,E3 is a small business...or not!,https://vimeo.com/482655593#t=108s,[01:48]
4,Lower Mecole Market,is 32 million businesses in America but 25 million hours from 2015 play after 20 hours and 10 minutes of study ending today about 10,E3 is a small business...or not!,https://vimeo.com/482655593#t=135s,[02:15]
4,Ver Mecole Market,minutes ago I finally have something that I believe is relevant D3 so I wanted to show you this triangle and this triangle represents from,E3 is a small business...or not!,https://vimeo.com/482655593#t=161s,[02:41]
4,Mioole And,the study that I did about 17 million in the United States 8341 I started doing the research and found out that this area right,E3 is a small business...or not!,https://vimeo.com/482655593#t=189s,[03:09]
4,Lower Miole Market,here is actually the area that we're in we're actually not listed as a small business and so according to the SBA you're a small,E3 is a small business...or not!,https://vimeo.com/482655593#t=215s,[03:35]
4,Midole Mari,business if you're less than 308.5 million dollars a year Revenue volume at large and so this area down here this is well let's go,E3 is a small business...or not!,https://vimeo.com/482655593#t=240s,[04:00]
4,Lower Ricole Market,back to here this is 1 million to 5 million dollars of Revenue stop 3% of company sizes in the country and I know that's,E3 is a small business...or not!,https://vimeo.com/482655593#t=267s,[04:27]
4,Moole Market,hard to believe in and I spent 20 hours and 10 minutes researching this because I wanted to I wanted to know that doesn't sound,E3 is a small business...or not!,https://vimeo.com/482655593#t=291s,[04:51]
4,Moole Market,right to me we're a small company is 1050 to 100 10 to 25 million you've got you've got 50 to 100 and then you've,E3 is a small business...or not!,https://vimeo.com/482655593#t=317s,[05:17]
4,Potoole Market,got 25 to 58 okay this range in the market and here again there's no there's no perfect this area now how many companies are,E3 is a small business...or not!,https://vimeo.com/482655593#t=339s,[05:39]
4,Lower Mim,"in the Rangers 175,000 companies that are 5 to 10 million dollars in Revenue there are 115,000 that are 10 to 25 maybe there are",E3 is a small business...or not!,https://vimeo.com/482655593#t=364s,[06:04]
4,Lower Micole Parket,"41,000 and then the 5200 which is where we are there's 21,000 companies out of at 17 million 6000000 down here where we have talked",E3 is a small business...or not!,https://vimeo.com/482655593#t=390s,[06:30]
4,Toble And,about where we are that we are a small company now this is nationally okay 17 million companies that's even hard to get your hands,E3 is a small business...or not!,https://vimeo.com/482655593#t=416s,[06:56]
4,Micole Marki,around but 16.6 of them are down here under 1 million in Revenue 1235 10:20 people now I will tell you this is this is,E3 is a small business...or not!,https://vimeo.com/482655593#t=443s,[07:23]
4,Miodle And,this is a generally speaking 100 to 500 people and this is 2000 people revenue for head we actually outperform a lot of these companies,E3 is a small business...or not!,https://vimeo.com/482655593#t=467s,[07:47]
4,Tall Business,in the Middle Market which is actually in here so why do I tell you all that I'll wrap it up with this if you,E3 is a small business...or not!,https://vimeo.com/482655593#t=494s,[08:14]
4,Mioole Marketi,think small you'll act small we want to convey to our clients and our employees that we're not small anymore we're actually that's awesome play,E3 is a small business...or not!,https://vimeo.com/482655593#t=516s,[08:36]
4,SSENESCa MENS,believe that we're in the 97 to 98% range of size that is not small anymore I tell you this because we're not at risk,E3 is a small business...or not!,https://vimeo.com/482655593#t=545s,[09:05]
4,Micole Merket,like a small business because of covid-19 we're not at risk of the economically 55 million in revenue and that given the year we have,E3 is a small business...or not!,https://vimeo.com/482655593#t=568s,[09:28]
4,Coole Markete,with covid is ridiculous so we're thankful for that so what's the takeaway we're not small anymore we are a medium-sized business we are about,E3 is a small business...or not!,https://vimeo.com/482655593#t=595s,[09:55]
5,Cle Market,to be in the middle of the medium-sized businesses we will get their business is the most highly sought-after and most valuable company in this,E3 is a small business...or not!,https://vimeo.com/482655593#t=624s,[10:24]
4,Tole Market,group except for some of these these are two big these are the ones that are you know a lot of these are 30 plus,E3 is a small business...or not!,https://vimeo.com/482655593#t=652s,[10:52]
5,Midole And,years old and they're kind of called the the Forgotten and the hidden ones that a good brands that the good values they're no longer,E3 is a small business...or not!,https://vimeo.com/482655593#t=675s,[11:15]
4,Mioule Marketi,family-owned most of them are public we're getting into the level here that the number of private companies starts to go down so I hope,E3 is a small business...or not!,https://vimeo.com/482655593#t=702s,[11:42]
4,Moscole Market,this encourages me a lot of company I hope this helps kind of put us in perspective I hope it changes a paradigm for you,E3 is a small business...or not!,https://vimeo.com/482655593#t=729s,[12:09]
6,Ssenesce Tiews,I hope you have a great weekend love you all bye,E3 is a small business...or not!,https://vimeo.com/482655593#t=753s,[12:33]
4,E3 to the rescue at Goodall Witcher Healthcare Speaker,we had a unit that unexpectedly went out it was scoped in the project but we were hoping it wasn't going to go out as,E3 to the rescue at Goodall Witcher Healthcare,https://vimeo.com/855163402#t=0s,[00:00]
4,E3 to the rescue at Goodall Witcher Healthcare Speaker,quickly as it did he was able to come through and Source us a new unit pull some strings get it rushed we got really,E3 to the rescue at Goodall Witcher Healthcare,https://vimeo.com/855163402#t=7s,[00:07]
5,E3 to the rescue at Goodall Witcher Healthcare Speaker,lucky because we've got a scheduled event we've got a new position that starts first part of next week we're going to have a meet,E3 to the rescue at Goodall Witcher Healthcare,https://vimeo.com/855163402#t=15s,[00:15]
6,E3 to the rescue at Goodall Witcher Healthcare Speaker,and greet for her with all of our community tomorrow and unfortunately now our Clinic Lobby is going to be cool enough to be able,E3 to the rescue at Goodall Witcher Healthcare,https://vimeo.com/855163402#t=24s,[00:24]
1,E3 to the rescue at Goodall Witcher Healthcare Speaker,to host the event,E3 to the rescue at Goodall Witcher Healthcare,https://vimeo.com/855163402#t=32s,[00:32]
4,E3 working around academic schedules Speaker,I got feedback on a regular basis and it was always positive they felt like you were listening to them when they had concerns on,E3 working around academic schedules,https://vimeo.com/670402696#t=0s,[00:00]
5,E3 working around academic schedules Speaker,the installer school hours or I think you were very accommodating with our our schedules and I worked around that and worked with our people,E3 working around academic schedules,https://vimeo.com/670402696#t=11s,[00:11]
6,E3s communication with Lake Worth ISD Speaker,can you change outward through if the control doesn't work or an AC unit is struggling there was communication to we got comfortable with everything,E3's communication with Lake Worth ISD,https://vimeo.com/670402910#t=0s,[00:00]
4,E3s communication with Lake Worth ISD Speaker,so I think it's a bit from the business perspective one we got our money's worth but we also got good customer service and follow,E3's communication with Lake Worth ISD,https://vimeo.com/670402910#t=10s,[00:10]
4,E3s communication with Lake Worth ISD Speaker,through and I think we've all dealt with companies before that come in and when they're finished they're finished and I think the fact that,E3's communication with Lake Worth ISD,https://vimeo.com/670402910#t=18s,[00:18]
4,E3s communication with Lake Worth ISD Speaker,we know that we could call you later on for guidance or support that you're going to be there for us,E3's communication with Lake Worth ISD,https://vimeo.com/670402910#t=28s,[00:28]
1,Edcouch Elsa 2024 Speaker,hey Google,Edcouch Elsa 2024,https://vimeo.com/935503628#t=0s,[00:00]
1,Elyssha Enriquez,well I started here in July about mid July so when I came in I did notice it was extremely hot I didn't question it,"Edcouch-Elsa, case study",https://vimeo.com/813190528#t=0s,[00:00]
4,Elyssha Enriquez,I thought well it's a summer maybe they have the AC off something so I was later informed that the ACs are not working we're,"Edcouch-Elsa, case study",https://vimeo.com/813190528#t=10s,[00:10]
5,Rudy Rodriguez,having that issue they're trying to to fix it before the beginning of the school year we were in a bad situation school was about,"Edcouch-Elsa, case study",https://vimeo.com/813190528#t=21s,[00:21]
4,Rudy Rodriguez,to start we had no way to see so we were really in a bind a real big mine that's one of the reasons that,"Edcouch-Elsa, case study",https://vimeo.com/813190528#t=33s,[00:33]
8,Rudy Rodriguez,I selected E3 Solutions because I worked with you all before and that was the main reason that I told my board when I presented,"Edcouch-Elsa, case study",https://vimeo.com/813190528#t=42s,[00:42]
4,Amelie Sanchez,to them that we wanted to go with Siri and when we finally started set in around the campus and that would not have been,"Edcouch-Elsa, case study",https://vimeo.com/813190528#t=54s,[00:54]
5,Amelie Sanchez,beneficial to our students as they would having to go outside and they probably would have gotten lost and skipping not going to their classes,"Edcouch-Elsa, case study",https://vimeo.com/813190528#t=65s,[01:05]
5,Amelie Sanchez,and it would be hard for us to keep track of them so now everybody's in their own classroom everybody's working we're just walking in,"Edcouch-Elsa, case study",https://vimeo.com/813190528#t=78s,[01:18]
4,Amelie Sanchez,and teaching design build we didn't have to go out and get her to create everything from the bottom up need three children and I,"Edcouch-Elsa, case study",https://vimeo.com/813190528#t=90s,[01:30]
4,Amelie Sanchez,would never have to worry about change prices and we let you handle your business and you know you keep your end of the bargain,"Edcouch-Elsa, case study",https://vimeo.com/813190528#t=101s,[01:41]
5,Amelie Sanchez,and allows us to do what we need to do and have to take care of our kids,"Edcouch-Elsa, case study",https://vimeo.com/813190528#t=113s,[01:53]
1,Glen Rose - Chiller Lift Speaker,hey,Glen Rose - Chiller Lift,https://vimeo.com/1078371126#t=0s,[00:00]
1,Glen Rose HVAC Installation Speaker,what,Glen Rose HVAC Installation,https://vimeo.com/1053909016#t=0s,[00:00]
4,Good communication Speaker,83 met with us on a regular basis they kept us updated in person and through email I don't feel like there was ever a,Good communication,https://vimeo.com/670403274#t=0s,[00:00]
1,Good communication Speaker,time that I couldn't pick up the phone and call and get the answers we needed,Good communication,https://vimeo.com/670403274#t=9s,[00:09]
4,Jerry Pickett,what hospital there's all kinds of Airborne pathogens from covid all the way to flu and anything else so air quality is a very big,"Goodall-Witcher Healthcare, case study",https://vimeo.com/740399213#t=0s,[00:00]
5,Jerry Pickett,must what I really liked was just a comprehensive dive into our entire system and they were able to put together a solution that wasn't,"Goodall-Witcher Healthcare, case study",https://vimeo.com/740399213#t=10s,[00:10]
4,Jerry Pickett,just bolt-ons here and there but actually come together with a plan that address all of our issues some that we know we had and,"Goodall-Witcher Healthcare, case study",https://vimeo.com/740399213#t=21s,[00:21]
8,Dasta Type,some that we didn't the one thing that E3 brought to the table to pay back the project over 20 years from the savings involved,"Goodall-Witcher Healthcare, case study",https://vimeo.com/740399213#t=32s,[00:32]
4,General Und Posted,there was no way we were going to get the size of this project financing through evaluation of our entire system was going to be,"Goodall-Witcher Healthcare, case study",https://vimeo.com/740399213#t=42s,[00:42]
3,General Und Posted,on the fritz and when it went out they were able to not only secure one of the only chillers in North America that would,"Goodall-Witcher Healthcare, case study",https://vimeo.com/740399213#t=53s,[00:53]
5,General Und Posted,fit they were able to get it in and installed within 30 days so speed is important to us we see prices increase every day,"Goodall-Witcher Healthcare, case study",https://vimeo.com/740399213#t=63s,[01:03]
4,General Und Posted,not only on supplies and equipment but labor right now with the supply chain every minute that passes is another dollar or more in cost,"Goodall-Witcher Healthcare, case study",https://vimeo.com/740399213#t=73s,[01:13]
4,General Und Posted,and so what's been really good about it very quickly as an administrator I like calling not 14 and there's no finger pointing cuz it,"Goodall-Witcher Healthcare, case study",https://vimeo.com/740399213#t=84s,[01:24]
4,General Und Posted,is a company and they know exactly where the issues are not having to worry about having change orders through the project is nice we,"Goodall-Witcher Healthcare, case study",https://vimeo.com/740399213#t=95s,[01:35]
4,General Und Posted,know that once we've established the scope that this is what we're going to get the big project is changing all of our infrastructure to,"Goodall-Witcher Healthcare, case study",https://vimeo.com/740399213#t=106s,[01:46]
4,General Und Posted,make sure that our Hospital can operate for another 25 years,"Goodall-Witcher Healthcare, case study",https://vimeo.com/740399213#t=118s,[01:58]
6,Randy Leach,what we were impressed with with E3 throughout this whole process was that their delivery method was was well-planned and well-thought-out they did meet time,"Granbury ISD, case study",https://vimeo.com/227283498#t=0s,[00:00]
5,Randy Leach,schedules and that was so important for us in that we obviously were through the summer getting ready for the school to start and that,"Granbury ISD, case study",https://vimeo.com/227283498#t=10s,[00:10]
7,Randy Leach,"all was met through their construction process and our project with E3 they replaced over 200 HVAC units that were over 20 years old 13,000","Granbury ISD, case study",https://vimeo.com/227283498#t=19s,[00:19]
6,Dr. James Largent,light fixtures and over 1500 water fixtures they actually utilize helicopters to set the HVAC units for us at things dramatically we actually installed a,"Granbury ISD, case study",https://vimeo.com/227283498#t=28s,[00:28]
5,Dr. James Largent,synthetic turf field on her football field which is been a big hit with our community and our other field and we were able to,"Granbury ISD, case study",https://vimeo.com/227283498#t=39s,[00:39]
5,Johnny Perkins Field,tie that into this project as well what they brought to United States was experience they have a tremendous amount experience working with school districts,"Granbury ISD, case study",https://vimeo.com/227283498#t=47s,[00:47]
8,Johnny Perkins Field,and we felt like that was very important from our selection standpoint most importantly is what is done for us has saved us quite a,"Granbury ISD, case study",https://vimeo.com/227283498#t=58s,[00:58]
7,Johnny Perkins Field,few dollars in our school district that we can use in other areas for education in comparing E3 to the other companies that we looked,"Granbury ISD, case study",https://vimeo.com/227283498#t=66s,[01:06]
7,Johnny Perkins Field,at the savings component was probably the biggest one I wanted to make sure that our public and our school board could understand exactly where,"Granbury ISD, case study",https://vimeo.com/227283498#t=75s,[01:15]
6,Johnny Perkins Field,the savings were coming from and they could be measured and you know at the end of the day it comes down to money and,"Granbury ISD, case study",https://vimeo.com/227283498#t=85s,[01:25]
4,Johnny Perkins Field,they were able to deliver on what they said they would do so we actually talk to you,"Granbury ISD, case study",https://vimeo.com/227283498#t=93s,[01:33]
4,Hardin Jefferson ISD Speaker,Fritz Decker exemplifies an unwavering commitment to advancing his district while setting a standard for leadership and Innovation this place was an AC unit in,Hardin Jefferson ISD ver26 sub,https://vimeo.com/1198215483#t=0s,[00:00]
2,Hardin Jefferson ISD Speaker,the classrooms and everything that you could imagine humidity issues airflow issues fresh air issues because you had one thermostat E3 definitely came in with,Hardin Jefferson ISD ver26 sub,https://vimeo.com/1198215483#t=13s,[00:13]
4,Hardin Jefferson ISD Speaker,a with a team that helped us push this and get it presented to the board so that we could then get you know the,Hardin Jefferson ISD ver26 sub,https://vimeo.com/1198215483#t=26s,[00:26]
6,Hardin Jefferson ISD Speaker,money allocated towards us so we can get this project moving forward the Energy savings from a project like this are huge so districts are,Hardin Jefferson ISD ver26 sub,https://vimeo.com/1198215483#t=35s,[00:35]
7,Hardin Jefferson ISD Speaker,always looking for places that they can save and reallocate funds to be used in classrooms so anything that you can do by being more,Hardin Jefferson ISD ver26 sub,https://vimeo.com/1198215483#t=47s,[00:47]
9,Hardin Jefferson ISD Speaker,efficient keeps money where it needs to be and that's in the classroom with teachers and students we went from an energy usage of about,Hardin Jefferson ISD ver26 sub,https://vimeo.com/1198215483#t=58s,[00:58]
4,Hardin Jefferson ISD Speaker,1:38 on the scale to we are sub 30s now and when it comes down to that we're projected to be about 28 to 31,Hardin Jefferson ISD ver26 sub,https://vimeo.com/1198215483#t=69s,[01:09]
4,Hardin Jefferson ISD Speaker,depending on usage for the summer when you start to talk about that most of your newer buildings are hoping that they could hit a,Hardin Jefferson ISD ver26 sub,https://vimeo.com/1198215483#t=78s,[01:18]
5,Hardin Jefferson ISD Speaker,35 so it's definitely a dramatic big part of it is that I no longer hear discussion from teachers about the them being uncomfortable in,Hardin Jefferson ISD ver26 sub,https://vimeo.com/1198215483#t=89s,[01:29]
6,Hardin Jefferson ISD Speaker,their classrooms the lighting is softer on the eyes it's easier on the children and it's just an overall Improvement that they've now gotten comfortable,Hardin Jefferson ISD ver26 sub,https://vimeo.com/1198215483#t=100s,[01:40]
1,Hardin Jefferson ISD Speaker,with and it's it's things you don't hear anymore all of our educational pods have have their own their own thermostats for control with the,Hardin Jefferson ISD ver26 sub,https://vimeo.com/1198215483#t=113s,[01:53]
7,Hardin Jefferson ISD Speaker,lighting exchange at E3 performed it was night and day literally we went from being dark as a dungeon to everybody walks in and and,Hardin Jefferson ISD ver26 sub,https://vimeo.com/1198215483#t=125s,[02:05]
10,Hardin Jefferson ISD Speaker,it really brings the colors out on the walls the trustworthiness of the staff with E3 the worker's just the overall communication and how well,Hardin Jefferson ISD ver26 sub,https://vimeo.com/1198215483#t=136s,[02:16]
8,Hardin Jefferson ISD Speaker,E3 communicates with I'm a big relationship guy and I think it's important to have a high level of trust and and I have a,Hardin Jefferson ISD ver26 sub,https://vimeo.com/1198215483#t=147s,[02:27]
5,Hardin Jefferson ISD Speaker,high level of trust with E3 really showed up and they they took a step back look at the building in every essence that it,Hardin Jefferson ISD ver26 sub,https://vimeo.com/1198215483#t=158s,[02:38]
4,Hardin Jefferson ISD Speaker,is and said hey we want to put this back exactly the way we found it if not better and that's not like normal contractors,Hardin Jefferson ISD ver26 sub,https://vimeo.com/1198215483#t=168s,[02:48]
6,Hardin Jefferson ISD Speaker,anymore most of the time you hear a lot of that that's not my job if the floor gets scratched that's not my job E3,Hardin Jefferson ISD ver26 sub,https://vimeo.com/1198215483#t=178s,[02:58]
8,Hardin Jefferson ISD Speaker,really took the time to say Hey you trusted us and we're going to make sure that we don't burn that trust instead you earned,Hardin Jefferson ISD ver26 sub,https://vimeo.com/1198215483#t=187s,[03:07]
3,Hardin Jefferson ISD Speaker,the trust,Hardin Jefferson ISD ver26 sub,https://vimeo.com/1198215483#t=198s,[03:18]
4,Hardin-Jefferson ISD Speaker,Fritz Decker exemplifies an unwavering commitment to advancing his district while setting a standard for leadership and Innovation for tomorrow's and everything that you could,"Hardin-Jefferson ISD, case study",https://vimeo.com/1198215405#t=0s,[00:00]
1,Hardin-Jefferson ISD Speaker,imagine humidity issues airflow issues fresh air issues because you had one thermostat three definitely came in with a with a team that helped us,"Hardin-Jefferson ISD, case study",https://vimeo.com/1198215405#t=14s,[00:14]
4,Hardin-Jefferson ISD Speaker,push this and get it presented to the board so that we could then get you know the money allocated towards us so we can,"Hardin-Jefferson ISD, case study",https://vimeo.com/1198215405#t=27s,[00:27]
6,Hardin-Jefferson ISD Speaker,get this project moving forward the Energy savings from a project like this are huge so districts are always looking for places that they can,"Hardin-Jefferson ISD, case study",https://vimeo.com/1198215405#t=37s,[00:37]
9,Hardin-Jefferson ISD Speaker,save and reallocate funds to be used in classrooms so anything that you can do by being more efficient keeps money where it needs to,"Hardin-Jefferson ISD, case study",https://vimeo.com/1198215405#t=49s,[00:49]
7,Hardin-Jefferson ISD Speaker,be and that's in the classroom with teachers and students we went from an energy usage of about 1:38 on the scale to we are,"Hardin-Jefferson ISD, case study",https://vimeo.com/1198215405#t=60s,[01:00]
4,Hardin-Jefferson ISD Speaker,sub 30s now and when it comes down to that we're projected to be about 28 to 31 depending on usage for the summer when,"Hardin-Jefferson ISD, case study",https://vimeo.com/1198215405#t=70s,[01:10]
4,Hardin-Jefferson ISD Speaker,you start to talk about that most of your newer buildings are hoping that they could hit a 35 so it's definitely a dramatic big,"Hardin-Jefferson ISD, case study",https://vimeo.com/1198215405#t=80s,[01:20]
7,Hardin-Jefferson ISD Speaker,part of it is that I no longer hear discussion from teachers about the them being uncomfortable in their classrooms the lighting is softer on,"Hardin-Jefferson ISD, case study",https://vimeo.com/1198215405#t=91s,[01:31]
4,Hardin-Jefferson ISD Speaker,the eyes it's easier on the children and it's just an overall Improvement that they've now gotten comfortable with and it's it's things you don't,"Hardin-Jefferson ISD, case study",https://vimeo.com/1198215405#t=103s,[01:43]
2,Hardin-Jefferson ISD Speaker,hear anymore all of our educational pods have have their own their own thermostats for control with the lighting exchange at E3 performed it was,"Hardin-Jefferson ISD, case study",https://vimeo.com/1198215405#t=115s,[01:55]
4,Hardin-Jefferson ISD Speaker,night and day literally we went from being dark as a dungeon to everybody walks in and and it really brings the colors out on,"Hardin-Jefferson ISD, case study",https://vimeo.com/1198215405#t=127s,[02:07]
10,Hardin-Jefferson ISD Speaker,the walls the trustworthiness of the staff with E3 the worker's just the overall communication and how well E3 communicates with I'm a big relationship,"Hardin-Jefferson ISD, case study",https://vimeo.com/1198215405#t=138s,[02:18]
8,Hardin-Jefferson ISD Speaker,guy and I think it's important to have a high level of trust and and I have a high level of trust with E3 really,"Hardin-Jefferson ISD, case study",https://vimeo.com/1198215405#t=151s,[02:31]
1,Hardin-Jefferson ISD Speaker,showed up and they they took a step back look at the building in every essence that it is and said hey we want to,"Hardin-Jefferson ISD, case study",https://vimeo.com/1198215405#t=160s,[02:40]
4,Hardin-Jefferson ISD Speaker,put this back exactly the way we found it if not better and that's not like normal contractors anymore most the time you hear a,"Hardin-Jefferson ISD, case study",https://vimeo.com/1198215405#t=170s,[02:50]
6,Hardin-Jefferson ISD Speaker,lot of that that's not my job if the floor gets scratched that's not my job E3 really took the time to say Hey you,"Hardin-Jefferson ISD, case study",https://vimeo.com/1198215405#t=181s,[03:01]
8,Hardin-Jefferson ISD Speaker,trusted us and we're going to make sure that we don't burn that trust instead you earned the trust,"Hardin-Jefferson ISD, case study",https://vimeo.com/1198215405#t=190s,[03:10]
7,Central Plant Upgrad,we are currently Contracting out E3 and DMI to replace the hydraulic piping in our central plant at Highland Park Middle School or taken care,Highland Park ISD - Central plant upgrades,https://vimeo.com/924775353#t=0s,[00:00]
3,Marcus Crispin,of the chiller piping condenser water piping top to bottom,Highland Park ISD - Central plant upgrades,https://vimeo.com/924775353#t=31s,[00:31]
1,Supertift Contractor,remind me tomorrow at 9:45,Highland Park summer 2024,https://vimeo.com/995535334#t=0s,[00:00]
4,How to Get the Most Out of Vendor Relationships - short Speaker,everybody whether it be consciously or subconsciously assigns a grade to you as a client or to the contractor now more than ever I think,How to Get the Most Out of Vendor Relationships - short,https://vimeo.com/806957258#t=0s,[00:00]
4,How to Get the Most Out of Vendor Relationships - short Speaker,the ones that win owners are going to be the ones that are smart enough to do what I'm about to tell you look inside,How to Get the Most Out of Vendor Relationships - short,https://vimeo.com/806957258#t=13s,[00:13]
4,How to Get the Most Out of Vendor Relationships - short Speaker,yourself as a person and an owner and decide are you a good person to work for how many of you might be I might,How to Get the Most Out of Vendor Relationships - short,https://vimeo.com/806957258#t=25s,[00:25]
4,How to Get the Most Out of Vendor Relationships - short Speaker,know somebody will make it safe that has a hard time getting quality bids for work and I got no and if that happens to,How to Get the Most Out of Vendor Relationships - short,https://vimeo.com/806957258#t=37s,[00:37]
4,How to Get the Most Out of Vendor Relationships - short Speaker,you over and over and over it probably means you're enough,How to Get the Most Out of Vendor Relationships - short,https://vimeo.com/806957258#t=49s,[00:49]
4,Klip Weaver,I'm a contractor I'm a business owner and so as we work with people we're always amazed at if you just knew what we're thinking,How to Get the Most Out of Vendor Relationships,https://vimeo.com/806917408#t=0s,[00:00]
4,Klip Weaver,you could probably get a better satisfaction the more we know about how you work the better we're going to be able to serve you,How to Get the Most Out of Vendor Relationships,https://vimeo.com/806917408#t=15s,[00:15]
4,Klip Weaver,so this is really just born out of there's so much change going on and now more than ever I think the ones that when,How to Get the Most Out of Vendor Relationships,https://vimeo.com/806917408#t=31s,[00:31]
4,Klip Weaver,owners are going to be the ones that are smart enough to do when I'm about to tell you look inside yourself as a person,How to Get the Most Out of Vendor Relationships,https://vimeo.com/806917408#t=45s,[00:45]
4,Klip Weaver,and decide are you a good person to work for you reap what you sow our eyes are on you the contractor will take care,How to Get the Most Out of Vendor Relationships,https://vimeo.com/806917408#t=60s,[01:00]
4,Today'S Topics,of you if you take care of the contractor so what that says to me is and this really is the Crux of this whole,How to Get the Most Out of Vendor Relationships,https://vimeo.com/806917408#t=74s,[01:14]
6,Today'S Topics,discussion I grew up in the HVAC business as a grunt HVAC guy I've installed everything known to man I've called when I was smaller,How to Get the Most Out of Vendor Relationships,https://vimeo.com/806917408#t=87s,[01:27]
4,Today'S Topics,and I wanted to be a contractor my whole life and by the time I got halfway through college I so did not want to,How to Get the Most Out of Vendor Relationships,https://vimeo.com/806917408#t=104s,[01:44]
4,Today'S Topics,be a contractor that I got out of the Contracting why is that I got tired of being looked down on him what the hell,How to Get the Most Out of Vendor Relationships,https://vimeo.com/806917408#t=117s,[01:57]
1,Today'S Topics,contracting business which is awesome but I'm passionate about this because I think if people would step back and think just a little bit you,How to Get the Most Out of Vendor Relationships,https://vimeo.com/806917408#t=131s,[02:11]
4,Today'S Topics,can get better results on both sides so that's really seems to be the only thing a lot of people talk about what we vote,How to Get the Most Out of Vendor Relationships,https://vimeo.com/806917408#t=149s,[02:29]
1,Today'S Topics,on YouTube and you'll see later in a slide hey contractors how many people have heard the question do you want it good which two,How to Get the Most Out of Vendor Relationships,https://vimeo.com/806917408#t=164s,[02:44]
4,Today'S Topics,do you want do you think you can get all three it's tough is that a yes yes I love it now because you treated,How to Get the Most Out of Vendor Relationships,https://vimeo.com/806917408#t=179s,[02:59]
4,Today'S Topics,me well are you connected with me and it goes back to what I said while I go I love people and I was so,How to Get the Most Out of Vendor Relationships,https://vimeo.com/806917408#t=193s,[03:13]
4,Today'S Topics,discouraged by the way the general population treats contractors they're there to screw you they're there to do a bad job they're there to take,How to Get the Most Out of Vendor Relationships,https://vimeo.com/806917408#t=205s,[03:25]
4,Today'S Topics,your money and run and does that happen sometime of course but doesn't happen all the time and so I'm going to share with you,How to Get the Most Out of Vendor Relationships,https://vimeo.com/806917408#t=223s,[03:43]
4,Today'S Topics,some ideas you might be shocked at how your Contracting experience and you're deliverables and your costs improve it's an idea along those lines 15,How to Get the Most Out of Vendor Relationships,https://vimeo.com/806917408#t=238s,[03:58]
4,Today'S Topics,years ago I was at College Station ISD Kevin Harris was an old friend of mine he was the facilities director walking through the high,How to Get the Most Out of Vendor Relationships,https://vimeo.com/806917408#t=256s,[04:16]
5,Today'S Topics,school and he had a plumber on site fixing a water fountain and we stopped to talk to the guy and a teacher at the,How to Get the Most Out of Vendor Relationships,https://vimeo.com/806917408#t=273s,[04:33]
5,Today'S Topics,same time brought her class out into the hallway and looked at her class and looked at that plumber and said kids this is why,How to Get the Most Out of Vendor Relationships,https://vimeo.com/806917408#t=287s,[04:47]
4,Today'S Topics,you want to go to college and Kevin Kevin Kevin Kevin was smart enough and that was made and confidence in himself that he turned,How to Get the Most Out of Vendor Relationships,https://vimeo.com/806917408#t=302s,[05:02]
4,Today'S Topics,around and looked at the class and said this 15 years ago I'm paying that plumber 60.00 an hour and you're play less than half,How to Get the Most Out of Vendor Relationships,https://vimeo.com/806917408#t=318s,[05:18]
4,Today'S Topics,than that so you asked her why she went to college I'm sure he was reported but but it goes along with that that that,How to Get the Most Out of Vendor Relationships,https://vimeo.com/806917408#t=333s,[05:33]
4,Today'S Topics,that that that historical Paradigm of looking down and we need to change it and it's still there and I would submit to you the,How to Get the Most Out of Vendor Relationships,https://vimeo.com/806917408#t=348s,[05:48]
4,Today'S Topics,reason that more young people don't go into the trades is because of that thing and I would tell you standing here in front of,How to Get the Most Out of Vendor Relationships,https://vimeo.com/806917408#t=363s,[06:03]
5,Today'S Topics,your in front of the Thousand board members in the last year if you got a kid that I want to go to school call,How to Get the Most Out of Vendor Relationships,https://vimeo.com/806917408#t=379s,[06:19]
4,Today'S Topics,College baseball I started my career Facebook and what the premise of the book is this most people fall into three value propositions this isn't,How to Get the Most Out of Vendor Relationships,https://vimeo.com/806917408#t=392s,[06:32]
1,Today'S Topics,just for business you fall into one of these three probably and if you're brave enough to raise your hand when I asked the question,How to Get the Most Out of Vendor Relationships,https://vimeo.com/806917408#t=410s,[06:50]
4,Today'S Topics,we'll see where you fall right wrong and different most people when they fall into one of those in their personal life they carry that,How to Get the Most Out of Vendor Relationships,https://vimeo.com/806917408#t=426s,[07:06]
6,Today'S Topics,over into their professional life can I give you an example one is lowest cost value proposition of my project or my stuff is the,How to Get the Most Out of Vendor Relationships,https://vimeo.com/806917408#t=443s,[07:23]
5,Today'S Topics,lowest cost who's who's logo out in the marketplace is Lewis Walmart to buy hi and stuff best technology back in the day when this,How to Get the Most Out of Vendor Relationships,https://vimeo.com/806917408#t=458s,[07:38]
5,Today'S Topics,book was written it was Nike and Sony it was the best you could buy you didn't really care about low cost you just wanted,How to Get the Most Out of Vendor Relationships,https://vimeo.com/806917408#t=474s,[07:54]
6,Today'S Topics,the swoosh you wanted the cool right and then until the person that has the best technology value prop that's what they go for the,How to Get the Most Out of Vendor Relationships,https://vimeo.com/806917408#t=489s,[08:09]
6,Today'S Topics,last one is the best total solution this is where this is where we go this is I know about all the products all your,How to Get the Most Out of Vendor Relationships,https://vimeo.com/806917408#t=505s,[08:25]
4,Today'S Topics,problems I'm product agnostic I'm going to come in and if you've got a problem I'm going to show you and educate you the very,How to Get the Most Out of Vendor Relationships,https://vimeo.com/806917408#t=520s,[08:40]
6,Today'S Topics,best solution for you it's not be low cost as a matter of fact it won't be and it may not be the highest Tech,How to Get the Most Out of Vendor Relationships,https://vimeo.com/806917408#t=535s,[08:55]
3,Today'S Topics,but it may be the best tech for you okay most companies Japanese develop this next slide show of hands you don't have to raise,How to Get the Most Out of Vendor Relationships,https://vimeo.com/806917408#t=548s,[09:08]
4,Which One,them don't do that do you think you know how you live your personal life and that value problem and it doesn't matter if they're,How to Get the Most Out of Vendor Relationships,https://vimeo.com/806917408#t=564s,[09:24]
4,Which One,not negotiating he's going to get something out of him he's cheap he wants low cost and then which one is I don't really know,How to Get the Most Out of Vendor Relationships,https://vimeo.com/806917408#t=580s,[09:40]
4,Which One,what I want I just want my thing to work right I just want my outcome do you feel like now this is your hands,How to Get the Most Out of Vendor Relationships,https://vimeo.com/806917408#t=595s,[09:55]
4,Which One,do you feel like you know which one of those you fall into nevermind have you ever thought about it in those terms you should,How to Get the Most Out of Vendor Relationships,https://vimeo.com/806917408#t=608s,[10:08]
4,Which One,cuz here's what happens you probably bring that to your organization because most organizations generally speaking bye this way sometimes by law but often times,How to Get the Most Out of Vendor Relationships,https://vimeo.com/806917408#t=624s,[10:24]
4,Which One,by Paradise okay here's what I would submit to you most companies develop their business around 103 how many are there going to be the,How to Get the Most Out of Vendor Relationships,https://vimeo.com/806917408#t=643s,[10:43]
5,Which One,lowest cost guy in the block I'm going to have the best tech stuff or when I'm done it's going to work and it's going,How to Get the Most Out of Vendor Relationships,https://vimeo.com/806917408#t=660s,[11:00]
6,Which One,to work great and you're going to love me for that and I would tell you find a company that matches your value proposition as,How to Get the Most Out of Vendor Relationships,https://vimeo.com/806917408#t=674s,[11:14]
5,Which One,an organization OK Google how much do you charge per ton I know right there and if it's always just called my company that 60,How to Get the Most Out of Vendor Relationships,https://vimeo.com/806917408#t=690s,[11:30]
6,Which One,people brought with 10 Professional Engineers in a delivery mechanism that I can go in and fix any problem known to man in the building,How to Get the Most Out of Vendor Relationships,https://vimeo.com/806917408#t=705s,[11:45]
4,Which One,I'm probably not going to be his company and I'll say if that's your value proposition I'm going to give you a number for this,How to Get the Most Out of Vendor Relationships,https://vimeo.com/806917408#t=721s,[12:01]
4,Which One,guy he's the cheapest guy I know but it won't work like mine he's not going to engineer it he's not going to provide humidity,How to Get the Most Out of Vendor Relationships,https://vimeo.com/806917408#t=737s,[12:17]
5,Which One,control he's not going to do those things he's going to give you that ton of air conditioning system on both sides and I think,How to Get the Most Out of Vendor Relationships,https://vimeo.com/806917408#t=752s,[12:32]
4,Which One,your chances of success of getting what you want the way you want it will go up does that make sense and what's interesting around,How to Get the Most Out of Vendor Relationships,https://vimeo.com/806917408#t=768s,[12:48]
4,Which One,that as well is that light Cliff said we each have our personal that's who we are and we take it to the office but,How to Get the Most Out of Vendor Relationships,https://vimeo.com/806917408#t=784s,[13:04]
4,Which One,we have to be smart enough to know that works for what I need to buy for my house that doesn't work for a multi-million,How to Get the Most Out of Vendor Relationships,https://vimeo.com/806917408#t=798s,[13:18]
4,Which One,dollar very complicated facility or transportation system or budgeting software or or or or or or so we have to be willing to understand where,How to Get the Most Out of Vendor Relationships,https://vimeo.com/806917408#t=812s,[13:32]
4,Which One,we are on that and understand when we need to back off and go okay in this situation I need some help because I don't,How to Get the Most Out of Vendor Relationships,https://vimeo.com/806917408#t=830s,[13:50]
7,Which One,know what I'm doing and we see it over and over and over again I won't read them all I called him partners and I,How to Get the Most Out of Vendor Relationships,https://vimeo.com/806917408#t=844s,[14:04]
4,Which One,know that's an overuse terminal I have PTSD from contractor so I'm trying to make it sound a little better people that do work for,How to Get the Most Out of Vendor Relationships,https://vimeo.com/806917408#t=858s,[14:18]
4,Which One,you or Supply things to you whatever you want to call these are things that they can do that a lot of people don't even,How to Get the Most Out of Vendor Relationships,https://vimeo.com/806917408#t=874s,[14:34]
4,Which One,think about okay provide you connections to other suppliers do you think if I'm trying to win your business or your current climate I'm going,How to Get the Most Out of Vendor Relationships,https://vimeo.com/806917408#t=889s,[14:49]
8,Which One,to give you a recommendation for a bad contractor I'm only going to get you the best because I want you to value my opinion,How to Get the Most Out of Vendor Relationships,https://vimeo.com/806917408#t=906s,[15:06]
7,Which One,okay they generally won't recommend sponsorship support the Holy Grail don't provide people sponsorship opportunities that don't give him anything I love people that say,How to Get the Most Out of Vendor Relationships,https://vimeo.com/806917408#t=921s,[15:21]
4,Which One,what do you want I said man this is what I want and if you can develop a sponsorship opportunity for me I'll pay good,How to Get the Most Out of Vendor Relationships,https://vimeo.com/806917408#t=942s,[15:42]
6,Which One,money for that we completely turn on this song to network everyone does right we can help with that Funding Solutions legal procurement how many,How to Get the Most Out of Vendor Relationships,https://vimeo.com/806917408#t=956s,[15:56]
7,Which One,people I'm never going to recommend anything to you that's going to potentially put you in a situation where you violate statue will not do,How to Get the Most Out of Vendor Relationships,https://vimeo.com/806917408#t=974s,[16:14]
4,Which One,it I'm not going to tell you oh well just just do this it's okay and I hope you just kind of do it on,How to Get the Most Out of Vendor Relationships,https://vimeo.com/806917408#t=991s,[16:31]
8,Which One,your own I know the law I'm a trusted adviser to my clients on procurement of the different delivery mechanisms for the things that you,How to Get the Most Out of Vendor Relationships,https://vimeo.com/806917408#t=1003s,[16:43]
4,Which One,buy maybe you know it maybe you don't I do contractors that do that and place a high value on keeping you out of trouble,How to Get the Most Out of Vendor Relationships,https://vimeo.com/806917408#t=1020s,[17:00]
5,Which One,that's a big deal OK Google for 25 years once a month I have to talk to a school district and say how are you,How to Get the Most Out of Vendor Relationships,https://vimeo.com/806917408#t=1035s,[17:15]
4,Which One,going to procure us oh I can hire me know there's no special magic about tabs from a procurement standpoint we follow law but we,How to Get the Most Out of Vendor Relationships,https://vimeo.com/806917408#t=1048s,[17:28]
5,Which One,also make sure that the school is following the law and if you find a contractor who just want just give me a contract I,How to Get the Most Out of Vendor Relationships,https://vimeo.com/806917408#t=1064s,[17:44]
4,Which One,don't care I don't care if it comes back on it I don't care that's when you need to start paying attention so hands how,How to Get the Most Out of Vendor Relationships,https://vimeo.com/806917408#t=1079s,[17:59]
4,Which One,many of you all have experienced a contractor or a bender it was so eager to get their deal that they said you can do,How to Get the Most Out of Vendor Relationships,https://vimeo.com/806917408#t=1093s,[18:13]
4,Which One,it this way it's okay and you know that it was wrong and I do believe that I often times it happens out of ignorance,How to Get the Most Out of Vendor Relationships,https://vimeo.com/806917408#t=1108s,[18:28]
4,Which One,you can do it this way they believe that I look at that and go you can't do that and here's why let's go to,How to Get the Most Out of Vendor Relationships,https://vimeo.com/806917408#t=1122s,[18:42]
4,Which One,text education all those things I just believe that that's one of the reasons so close with you guys forever what is that Friday with,How to Get the Most Out of Vendor Relationships,https://vimeo.com/806917408#t=1135s,[18:55]
1,Which One,a large restart very complex very educated and I asked the question how are y'all going to procure us and I got a deer and,How to Get the Most Out of Vendor Relationships,https://vimeo.com/806917408#t=1151s,[19:11]
1,Which One,a headlight look and then I got the answer and the answer was illegal but they didn't know any better and so me as a,How to Get the Most Out of Vendor Relationships,https://vimeo.com/806917408#t=1166s,[19:26]
5,Which One,vendor working with school districts I better know any vendor you work with better have a good grasp of procurement law to protect both of,How to Get the Most Out of Vendor Relationships,https://vimeo.com/806917408#t=1181s,[19:41]
5,Which One,you in a situation where we only work pretty much public schools in the state of Texas the same situation 95 listen to 99% off,How to Get the Most Out of Vendor Relationships,https://vimeo.com/806917408#t=1198s,[19:58]
4,Which One,businesses in the K12 Market a lot of those vendors out there if they don't know how they're supposed to be procured and can back,How to Get the Most Out of Vendor Relationships,https://vimeo.com/806917408#t=1213s,[20:13]
1,Which One,it up with the law you might need to ask yourself some questions and them as well and maybe look for a different vendor so,How to Get the Most Out of Vendor Relationships,https://vimeo.com/806917408#t=1229s,[20:29]
5,Which One,what can you do you said it is valuable resources when they deserve it we use this phrase at our company trusted advisor what does,How to Get the Most Out of Vendor Relationships,https://vimeo.com/806917408#t=1244s,[20:44]
8,Which One,that mean what that means is if I'm your trusted advisor you know that I know and you trust me in whatever thing I'm doing,How to Get the Most Out of Vendor Relationships,https://vimeo.com/806917408#t=1260s,[21:00]
8,Which One,and that's what we try to do we want to be a trusted advisor you can provide them with directions to your friends now I,How to Get the Most Out of Vendor Relationships,https://vimeo.com/806917408#t=1275s,[21:15]
1,Which One,got a question first off how many you don't ask for references when you do work with people that you've never worked with just your,How to Get the Most Out of Vendor Relationships,https://vimeo.com/806917408#t=1290s,[21:30]
4,Which One,hands keep your hands up how many of you actually call them say that and that's interesting I won't pick on you but some hands,How to Get the Most Out of Vendor Relationships,https://vimeo.com/806917408#t=1306s,[21:46]
4,Which One,go down and it's really interesting I've heard this recently why don't you ask for references my whole list of 300 projects it's so when,How to Get the Most Out of Vendor Relationships,https://vimeo.com/806917408#t=1321s,[22:01]
7,Which One,you recommend me your friends without me having to ask for it that tells me that I have done a good job how many of,How to Get the Most Out of Vendor Relationships,https://vimeo.com/806917408#t=1338s,[22:18]
7,Which One,you all in here I want to I want the first hand to go up on us want to recommend good whatever to your peers,How to Get the Most Out of Vendor Relationships,https://vimeo.com/806917408#t=1352s,[22:32]
6,Which One,first one why raise your hand why they're hard to find do you want to do that because if you didn't trust me you wouldn't,How to Get the Most Out of Vendor Relationships,https://vimeo.com/806917408#t=1365s,[22:45]
2,Which One,recommend them you want to help your friends in my wife I love her today's her birthday I don't do things around my house sometimes,How to Get the Most Out of Vendor Relationships,https://vimeo.com/806917408#t=1380s,[23:00]
4,Which One,cuz my wife's kind of picky I'm a good contractor I can do a lot of stuff and it's good I'd rather just pay someone,How to Get the Most Out of Vendor Relationships,https://vimeo.com/806917408#t=1396s,[23:16]
7,Which One,else to do it if they do you make her happy I don't care what it called if you have to paint that room five,How to Get the Most Out of Vendor Relationships,https://vimeo.com/806917408#t=1411s,[23:31]
4,Which One,times do it but here's what she does and I tell her all over him come back because I forgot about this and then the,How to Get the Most Out of Vendor Relationships,https://vimeo.com/806917408#t=1424s,[23:44]
4,Which One,next time we're going to go through this scenario here in a minute and I think if people could get to the place where you,How to Get the Most Out of Vendor Relationships,https://vimeo.com/806917408#t=1438s,[23:58]
4,Which One,better understood what doing that cost the industry you would understand that it raises the price for everybody does that make sense how many of,How to Get the Most Out of Vendor Relationships,https://vimeo.com/806917408#t=1453s,[24:13]
4,Which One,y'all think about it that way a lot of people don't you just contractors customer acquisition cost is a real thing what does it cost,How to Get the Most Out of Vendor Relationships,https://vimeo.com/806917408#t=1470s,[24:30]
4,Which One,me as a business owner to get to yes I will shock you here in a minute and if you understood this you would realize,How to Get the Most Out of Vendor Relationships,https://vimeo.com/806917408#t=1487s,[24:47]
4,Which One,that if you can find ways to minimize that your cost will go down okay I'm trying to teach you from my perspective give me,How to Get the Most Out of Vendor Relationships,https://vimeo.com/806917408#t=1501s,[25:01]
4,Which One,a owner free estimates how many people you can show your hand it's okay I won't hate you love you some free estimates free is,How to Get the Most Out of Vendor Relationships,https://vimeo.com/806917408#t=1516s,[25:16]
4,Which One,there anything in life is free free play drag me through and make him walk 10 sub contractors on the building I'm still going to,How to Get the Most Out of Vendor Relationships,https://vimeo.com/806917408#t=1531s,[25:31]
4,Which One,pay him 40 hours a week not going to cost me anything have you ever heard that nobody seen nobody wants to raise their hands,How to Get the Most Out of Vendor Relationships,https://vimeo.com/806917408#t=1547s,[25:47]
4,Which One,during these what can they be doing otherwise instead of wasting 10 people time right so thinking through our time and those time those who,How to Get the Most Out of Vendor Relationships,https://vimeo.com/806917408#t=1562s,[26:02]
6,Which One,minimize called the best way for me to do that is for you to be official with me to the extent that you still get,How to Get the Most Out of Vendor Relationships,https://vimeo.com/806917408#t=1579s,[26:19]
4,Which One,what you want right so let's go into this if you want to do this so he said down and we looked at and it's,How to Get the Most Out of Vendor Relationships,https://vimeo.com/806917408#t=1593s,[26:33]
1,Which One,across the board we just took some numbers from annual salary of a sales guy or 80 grand a year annual benefits in schools I've,How to Get the Most Out of Vendor Relationships,https://vimeo.com/806917408#t=1606s,[26:46]
5,Which One,had this conversation with multiple CFOs at school districts and I'll say they'll say hey Jeff I need help with ex I'll say okay you,How to Get the Most Out of Vendor Relationships,https://vimeo.com/806917408#t=1622s,[27:02]
4,Which One,want an hourly 15200 an hour what man our stuff it cost us $30 an hour because it's all just part of the budget it's,How to Get the Most Out of Vendor Relationships,https://vimeo.com/806917408#t=1638s,[27:18]
5,Which One,all there's no thought often times from a school district standpoint about the cost associated with paying an employee schools and inefficiencies right yes schools,How to Get the Most Out of Vendor Relationships,https://vimeo.com/806917408#t=1652s,[27:32]
5,Which One,don't think about retirement oh that's just a state thing schools don't think about the cost of health insurance to provide to employees that's that's,How to Get the Most Out of Vendor Relationships,https://vimeo.com/806917408#t=1672s,[27:52]
1,Which One,"embedded in the budget from a private vendor standpoint all of that and you look at the annual benefits of 32,000 you know that's little",How to Get the Most Out of Vendor Relationships,https://vimeo.com/806917408#t=1691s,[28:11]
4,Which One,bit of retirement that's health insurance company to 40 to 50% and that's for a high paid employee for a lower paid employee it's going,How to Get the Most Out of Vendor Relationships,https://vimeo.com/806917408#t=1707s,[28:27]
1,Which One,to be over 50% from a call standpoint Texas what's the mileage reimbursement rates right now 65 and 1/2 cents a mile that means for,How to Get the Most Out of Vendor Relationships,https://vimeo.com/806917408#t=1724s,[28:44]
1,Which One,every 100 me one of my staff drives I got to reimburse them $55.50 so let's pull it down to what it is boil it,How to Get the Most Out of Vendor Relationships,https://vimeo.com/806917408#t=1740s,[29:00]
4,Which One,down at the end of the day it cost about a thousand dollars a day to have a staff member is that blow your mind,How to Get the Most Out of Vendor Relationships,https://vimeo.com/806917408#t=1754s,[29:14]
4,Which One,this is my company chase that thing you're looking at right we're going to go through here watch this free quote and the funny thing,How to Get the Most Out of Vendor Relationships,https://vimeo.com/806917408#t=1767s,[29:27]
4,Which One,is y'all see him smiling for a thousand dollars is there a budget cost or a quote is there a difference there could not be,How to Get the Most Out of Vendor Relationships,https://vimeo.com/806917408#t=1783s,[29:43]
4,Which One,two things more different from a contractor's perspective okay budgets or budgets budget is order magnitude they just to help you go ahead I can't,How to Get the Most Out of Vendor Relationships,https://vimeo.com/806917408#t=1798s,[29:58]
6,Which One,"do that or if that's generally easy if you want to 1185 in labor and $215 in expenses $1,400 to give you a budget a",How to Get the Most Out of Vendor Relationships,https://vimeo.com/806917408#t=1816s,[30:16]
4,Which One,budget a free budget if it's an overnight it's part of business hours it is not uncommon for my company to spend 5 to 10,How to Get the Most Out of Vendor Relationships,https://vimeo.com/806917408#t=1831s,[30:31]
4,Which One,"to 15,000 giving you a quote and you don't even have a bid on the street have you ever thought about that design and meet",How to Get the Most Out of Vendor Relationships,https://vimeo.com/806917408#t=1845s,[30:45]
4,Which One,"code and redesign and get quotes and make sure that I can get the equipment just to see if you're interested about 400,000 years penis",How to Get the Most Out of Vendor Relationships,https://vimeo.com/806917408#t=1860s,[31:00]
4,Which One,and that's where you get to the difference between cheap fast total value right because if I'm buying pencils I just hit a button I,How to Get the Most Out of Vendor Relationships,https://vimeo.com/806917408#t=1877s,[31:17]
4,Which One,"just go to the Bible website and I go boom I want 10,000 pencils or boom I want two truckloads of paper a commodity is",How to Get the Most Out of Vendor Relationships,https://vimeo.com/806917408#t=1893s,[31:33]
4,Which One,a completely different process when you're looking for service all of your vendors from a service standpoint it's it's the exact same process if they're,How to Get the Most Out of Vendor Relationships,https://vimeo.com/806917408#t=1907s,[31:47]
5,Which One,good and if they're looking out for your best interest just something to keep in mind nothing play someone has to pay for everything right,How to Get the Most Out of Vendor Relationships,https://vimeo.com/806917408#t=1926s,[32:06]
4,Which One,so I does you actually pay for everything and every companies overhead from chasing all this ultimately cuz everyone's cost goes up and you will,How to Get the Most Out of Vendor Relationships,https://vimeo.com/806917408#t=1943s,[32:23]
6,Which One,pay for it so my point in this whole thing is if there's ways that you can not drag people through an inefficient process it,How to Get the Most Out of Vendor Relationships,https://vimeo.com/806917408#t=1961s,[32:41]
6,Which One,"will save you money it will if I can save $10,000 putting your thing together and we can show you how to do that but",How to Get the Most Out of Vendor Relationships,https://vimeo.com/806917408#t=1976s,[32:56]
4,Which One,sometimes you get we have to get caught up so here's the fun part show of hands what is my grade as an owner and,How to Get the Most Out of Vendor Relationships,https://vimeo.com/806917408#t=1990s,[33:10]
4,Which One,if you've never thought about that this is what this whole discussion is about because I would submit to you you get graded by us,How to Get the Most Out of Vendor Relationships,https://vimeo.com/806917408#t=2004s,[33:24]
4,Which One,just like you greet us everyone wants a good grade you and us better grades are good for everyone if you're if you're a better,How to Get the Most Out of Vendor Relationships,https://vimeo.com/806917408#t=2020s,[33:40]
6,Which One,owner or a better contractor that's better here's the last one do better grades cost extra or is it really in that savings savings I,How to Get the Most Out of Vendor Relationships,https://vimeo.com/806917408#t=2035s,[33:55]
4,Which One,don't think extra grades cost extra 30 years and if I could beg people to get better and show him how to do it I,How to Get the Most Out of Vendor Relationships,https://vimeo.com/806917408#t=2051s,[34:11]
4,Which One,would and I do not a show of hands unless you are just vulnerable which is my favorite word in history by the way do,How to Get the Most Out of Vendor Relationships,https://vimeo.com/806917408#t=2065s,[34:25]
4,Which One,you think you know in your mind if you had to grade you as an organization do you think you know what you would give,How to Get the Most Out of Vendor Relationships,https://vimeo.com/806917408#t=2079s,[34:39]
4,Which One,yourself I would love for you to share with the group what made you change what what happened to make you realize that you were,How to Get the Most Out of Vendor Relationships,https://vimeo.com/806917408#t=2094s,[34:54]
4,Which One,at and you wanted something happened to make you embark on that what was it let me help you might be or might know somebody,How to Get the Most Out of Vendor Relationships,https://vimeo.com/806917408#t=2109s,[35:09]
4,Which One,will make it safe that has a hard time getting quality bids for work I've got clients that say I put out a bit and,How to Get the Most Out of Vendor Relationships,https://vimeo.com/806917408#t=2124s,[35:24]
4,Which One,I got no bids and if that happens to you over and over and over it probably means you're enough right so what this is,How to Get the Most Out of Vendor Relationships,https://vimeo.com/806917408#t=2138s,[35:38]
4,Which One,what this pandemic thing or whatever you want to call it I hate that word is changing the way Contracting is done LDS nobody wants,How to Get the Most Out of Vendor Relationships,https://vimeo.com/806917408#t=2153s,[35:53]
4,Which One,to agree to that because they know if you ask me for liquidated damages at a year just I don't care what your schedule is,How to Get the Most Out of Vendor Relationships,https://vimeo.com/806917408#t=2169s,[36:09]
4,Which One,I'm not going to take that risk that I can't control from Benders and manufacturers so every time you call me I'm going to funny,How to Get the Most Out of Vendor Relationships,https://vimeo.com/806917408#t=2184s,[36:24]
4,Which One,cuz I get good Subs because we pay fast and the only reason we pay fast is our clients pay fast and we get better,How to Get the Most Out of Vendor Relationships,https://vimeo.com/806917408#t=2199s,[36:39]
4,Which One,pricing for that cuz we're treating them fairly okay we're not making them a bank reasonable expectations are human beings they're like me I'm one,How to Get the Most Out of Vendor Relationships,https://vimeo.com/806917408#t=2213s,[36:53]
4,Which One,I'm I'm I'm I'm a softie is that pretty much the list how many times do you ever heard this I got him I got,How to Get the Most Out of Vendor Relationships,https://vimeo.com/806917408#t=2231s,[37:11]
4,Which One,him they missed it for 80 grand has anybody ever heard that have any of y'all ever thought that or done that to someone and,How to Get the Most Out of Vendor Relationships,https://vimeo.com/806917408#t=2244s,[37:24]
4,Which One,said I got something for free because he screwed up don't raise your hand I want you to think about that when you drive home,How to Get the Most Out of Vendor Relationships,https://vimeo.com/806917408#t=2260s,[37:40]
4,Which One,because you are an F buyer to me and a lot of people do that at home and they think a lot of people if,How to Get the Most Out of Vendor Relationships,https://vimeo.com/806917408#t=2275s,[37:55]
4,Which One,they made a mistake I get it and I eat those but don't give a crap and try to get him and a lot of,How to Get the Most Out of Vendor Relationships,https://vimeo.com/806917408#t=2287s,[38:07]
4,Which One,people they think that I'm going to give away to me that's my baby don't raise your hands are you an a client if you,How to Get the Most Out of Vendor Relationships,https://vimeo.com/806917408#t=2299s,[38:19]
4,Which One,are continue to do that and get better and if you're in a client you don't have to work with C or D vendors right,How to Get the Most Out of Vendor Relationships,https://vimeo.com/806917408#t=2314s,[38:34]
4,Which One,the only time I believe you have to have to work with those is if the good ones won't do business for you and I,How to Get the Most Out of Vendor Relationships,https://vimeo.com/806917408#t=2328s,[38:48]
4,Which One,see it over and over and over and I want to just take pictures going to get you a better satisfaction down the road and,How to Get the Most Out of Vendor Relationships,https://vimeo.com/806917408#t=2341s,[39:01]
4,Which One,taking it back because it's not a singular issue it's a cultural issue with a cold district attorney in Food Service in an F in,How to Get the Most Out of Vendor Relationships,https://vimeo.com/806917408#t=2356s,[39:16]
4,Which One,facilities to be a cultural change at the district across all layers 100% about this is there somebody in your organization or part of your,How to Get the Most Out of Vendor Relationships,https://vimeo.com/806917408#t=2372s,[39:32]
6,Which One,organization that drags your score down and you know it I don't any organization this great across but if you're great and cross enough of,How to Get the Most Out of Vendor Relationships,https://vimeo.com/806917408#t=2389s,[39:49]
4,Which One,it you can mitigate the one or two but if you got more than two or three of them depending on where they're at they,How to Get the Most Out of Vendor Relationships,https://vimeo.com/806917408#t=2406s,[40:06]
2,Which One,can cost you more money and quality than you can ever imagine so back to the last slide days where are five points get value,How to Get the Most Out of Vendor Relationships,https://vimeo.com/806917408#t=2420s,[40:20]
4,Which One,above and beyond what you contracted for you treat me good and I will treat you better than you can ever imagine I'll do things,How to Get the Most Out of Vendor Relationships,https://vimeo.com/806917408#t=2435s,[40:35]
4,Which One,for you whatever you want me to and I'll do you a damn good job when you hire us to do work OK Google who's,How to Get the Most Out of Vendor Relationships,https://vimeo.com/806917408#t=2451s,[40:51]
4,Which One,that and find that person in your organization that's dragging you down you will increase your budget really I believe that you reap what you,How to Get the Most Out of Vendor Relationships,https://vimeo.com/806917408#t=2464s,[41:04]
4,Which One,sow our eyes are on you and we reap what we sow because we know your eyes are on us get that in your mind,How to Get the Most Out of Vendor Relationships,https://vimeo.com/806917408#t=2481s,[41:21]
4,Which One,and I think it will help you improve and as you go through if you see changes you need to make you're going to have,How to Get the Most Out of Vendor Relationships,https://vimeo.com/806917408#t=2494s,[41:34]
1,Which One,to make a risk a decision is the pain going after this part work the game I can't answer that for you I can tell,How to Get the Most Out of Vendor Relationships,https://vimeo.com/806917408#t=2508s,[41:48]
7,Which One,you that when you bring your organization score up the Contracting Community takes note of it and you will get great projects and I was,How to Get the Most Out of Vendor Relationships,https://vimeo.com/806917408#t=2522s,[42:02]
4,Which One,submit to you and your case if you're good enough forgo other work just because I love you I will forgo this job that I,How to Get the Most Out of Vendor Relationships,https://vimeo.com/806917408#t=2538s,[42:18]
4,Which One,might could win that I can't do them both I'm going to do yours first cuz you treat me well that's just the way it,How to Get the Most Out of Vendor Relationships,https://vimeo.com/806917408#t=2553s,[42:33]
4,Which One,is and that's about the only way I think in a tough job market where there is scarce resources you better be somebody that we,How to Get the Most Out of Vendor Relationships,https://vimeo.com/806917408#t=2567s,[42:47]
4,Which One,want to work for or you're going to have a tough time in your case I think that's the only way you can do it,How to Get the Most Out of Vendor Relationships,https://vimeo.com/806917408#t=2582s,[43:02]
4,Which One,it sounds like you guys do so that's that's the last Light bedroom listen to this and then decide if you want to go do,How to Get the Most Out of Vendor Relationships,https://vimeo.com/806917408#t=2596s,[43:16]
1,Which One,something about it,How to Get the Most Out of Vendor Relationships,https://vimeo.com/806917408#t=2610s,[43:30]
10,In it for the Long Game Speaker,you saw us rolling Dice and dealing cards but our real hand is helping Texas schools create cooler classrooms brighter campuses and stronger infrastructure from,In it for the Long Game,https://vimeo.com/1080202910#t=0s,[00:00]
6,In it for the Long Game Speaker,the tables to the rooftops E3 is in it for the long game,In it for the Long Game,https://vimeo.com/1080202910#t=18s,[00:18]
4,Josh Chalo and Ionizers Speaker,we are going to try to do a quick video on indoor air quality and for that we have Josh joining us today and Josh,"Josh, Chalo, and Ionizers",https://vimeo.com/458553471#t=0s,[00:00]
1,Josh Chalo and Ionizers Speaker,I have a few questions for you I'm sorry I have a few questions so what we're going to talk about is indoor air quality,"Josh, Chalo, and Ionizers",https://vimeo.com/458553471#t=15s,[00:15]
4,Josh Chalo and Ionizers Speaker,and what is doing about it so we've heard about something else about it and they searched all of the available are scrubbing technology included,"Josh, Chalo, and Ionizers",https://vimeo.com/458553471#t=32s,[00:32]
7,Josh Chalo and Ionizers Speaker,UV ionizers and a technology called PCO and we have kind of settled on ionizers as the best choice for air cleaner best choice why,"Josh, Chalo, and Ionizers",https://vimeo.com/458553471#t=52s,[00:52]
2,Josh Chalo and Ionizers Speaker,great question so a number of things going on I would say first cost maintenance cost in effects of being the most expensive next song,"Josh, Chalo, and Ionizers",https://vimeo.com/458553471#t=70s,[01:10]
1,Josh Chalo and Ionizers Speaker,that doesn't have any kind of regular maintenance maintenance cost as low as with ionizers and then affect Effectiveness and Effectiveness is a tough questions,"Josh, Chalo, and Ionizers",https://vimeo.com/458553471#t=89s,[01:29]
4,Josh Chalo and Ionizers Speaker,there's a lot of things to consider one of those things would be UV can only treat what it sees versus ionizers and PCO can,"Josh, Chalo, and Ionizers",https://vimeo.com/458553471#t=111s,[01:51]
5,Josh Chalo and Ionizers Speaker,actually project particles into the space and actually clean are at the room level so because of kind of the weighting of each of those,"Josh, Chalo, and Ionizers",https://vimeo.com/458553471#t=128s,[02:08]
1,Josh Chalo and Ionizers Speaker,things we've kind of land on our answers covid-19 do ionizers kill covid-19 with the particular ionizer we use there is a lab test that,"Josh, Chalo, and Ionizers",https://vimeo.com/458553471#t=147s,[02:27]
1,Josh Chalo and Ionizers Speaker,has proven in a contained environment to be over 99% effective to kill covid-19 everybody else question mark we're doing some things that will help,"Josh, Chalo, and Ionizers",https://vimeo.com/458553471#t=166s,[02:46]
6,Josh Chalo and Ionizers Speaker,us lean toward one way or the other words in terms of Nashville Tennessee industrial hygienist to come into the E3 office and do a,"Josh, Chalo, and Ionizers",https://vimeo.com/458553471#t=187s,[03:07]
4,Josh Chalo and Ionizers Speaker,test back in the engineering Wing another thing we're doing is Ryan Hathaway is really leading an effort to test some Petri dishes and then,"Josh, Chalo, and Ionizers",https://vimeo.com/458553471#t=205s,[03:25]
4,Josh Chalo and Ionizers Speaker,there's some other things we we may try out that are not on the results comma we've gotten some really good contracts and it's been,"Josh, Chalo, and Ionizers",https://vimeo.com/458553471#t=224s,[03:44]
4,Josh Chalo and Ionizers Speaker,a good it's been a big win for us late this year and I guess we're expecting we're hoping that that's going to grow interest,"Josh, Chalo, and Ionizers",https://vimeo.com/458553471#t=243s,[04:03]
5,Josh Chalo and Ionizers Speaker,with with indoor air quality help us move forward with our typical traditional yeah absolutely I think it's going to bridge school districts and other,"Josh, Chalo, and Ionizers",https://vimeo.com/458553471#t=260s,[04:20]
6,Josh Chalo and Ionizers Speaker,people are more focused on saying but the great thing about five years now to improve energy thank you very much,"Josh, Chalo, and Ionizers",https://vimeo.com/458553471#t=281s,[04:41]
1,LED Retrofit Demo Speaker,hey Google play,LED Retrofit Demo,https://vimeo.com/1099448767#t=0s,[00:00]
7,Effie Morris,as we create a learning environment for the children of Lake Worth we take everything into consideration whether it's the curriculum hiring the very best,"Lake Worth, case study",https://vimeo.com/647005651#t=0s,[00:00]
7,Effie Morris,teacher for the classroom how is the lighting how's the temperature are the kids going to be in a comfortable learning situation I think our,"Lake Worth, case study",https://vimeo.com/647005651#t=10s,[00:10]
5,Effie Morris,concern was with HVAC units that need to be replaced but also in assessing Financial because we do want to be good stewards of the,"Lake Worth, case study",https://vimeo.com/647005651#t=19s,[00:19]
8,Effie Morris,money for taxpayers there were several places we could save money and so we need to move forward and get along range playing in place,"Lake Worth, case study",https://vimeo.com/647005651#t=28s,[00:28]
1,Effie Morris,the night that you did presentations to the school board I feel like they were allowed questions and they were handled very well I feel,"Lake Worth, case study",https://vimeo.com/647005651#t=37s,[00:37]
6,Effie Morris,like when that evening was over the board had a very good understanding of where we were going while we were going there support E3,"Lake Worth, case study",https://vimeo.com/647005651#t=46s,[00:46]
5,Effie Morris,provided for us I think we made some wise financial decisions the lighting that each Ray replaced for us I can already tell you it's,"Lake Worth, case study",https://vimeo.com/647005651#t=55s,[00:55]
7,Lake Worth,made a better and learning environment one of our gyms is probably 60 years old and the lighting and they are it's much more inviting,"Lake Worth, case study",https://vimeo.com/647005651#t=63s,[01:03]
9,Lake Worth,to our students plus we're saving money because it's much more efficient exterior lighting has been huge and some of our schools open early in,"Lake Worth, case study",https://vimeo.com/647005651#t=72s,[01:12]
5,Lake Worth,the morning sometimes before the Sun is up and I think that brings some security to the teachers and staff members who are entering before,"Lake Worth, case study",https://vimeo.com/647005651#t=82s,[01:22]
5,Lake Worth,students in the mornings before that come in and when they're finished and I think the fact that we know that we could call you,"Lake Worth, case study",https://vimeo.com/647005651#t=91s,[01:31]
4,Lake Worth,later on for support that you're going to be there for us,"Lake Worth, case study",https://vimeo.com/647005651#t=100s,[01:40]
4,Lead Incentive Part 2 Speaker,hey man I wanted to thank you so much for hooking me up with Robert at the Pearl he got me with Michelle and it,"Lead Incentive, Part 2",https://vimeo.com/878750396#t=0s,[00:00]
4,Lead Incentive Part 2 Speaker,looks like it's going to end up being a really good project oh that's awesome Robert and I are good old friend so I know,"Lead Incentive, Part 2",https://vimeo.com/878750396#t=9s,[00:09]
4,Lead Incentive Part 2 Speaker,they needed a bunch of help I'm glad we're getting something done out there so what's next I mean nothing we've got it looks like,"Lead Incentive, Part 2",https://vimeo.com/878750396#t=19s,[00:19]
4,Lead Incentive Part 2 Speaker,"it's going to be about a 3 million dollar project so that's about $5,500 in commission for you at the end of the project oh","Lead Incentive, Part 2",https://vimeo.com/878750396#t=30s,[00:30]
4,Lead Incentive Part 2 Speaker,that's sweet all right well I'll be at the next meeting out there for sure no no you don't need to be in another meeting,"Lead Incentive, Part 2",https://vimeo.com/878750396#t=41s,[00:41]
4,Lead Incentive Part 2 Speaker,I've got it no meeting nothing so well how about this then no meeting I've got extra tickets to the musical Cats coming up will,"Lead Incentive, Part 2",https://vimeo.com/878750396#t=51s,[00:51]
6,Lead Incentive Part 2 Speaker,go we'll talk at intermission business it'll be great no no you're good all right I don't know so maybe maybe how about this we,"Lead Incentive, Part 2",https://vimeo.com/878750396#t=62s,[01:02]
6,Lead Incentive Part 2 Speaker,take them out on the town we go clubbing dancing I've been working on my moves it'll be a great time look at this like,"Lead Incentive, Part 2",https://vimeo.com/878750396#t=73s,[01:13]
4,Lead Incentive Part 2 Speaker,hang on hang on I'll be right back absolutely no no I got it all right come on I'm ready to go where did you,"Lead Incentive, Part 2",https://vimeo.com/878750396#t=83s,[01:23]
8,Lead Incentive Part 2 Speaker,get that it doesn't matter if we were leaving now we can still make happy hour come on I'll be great man,"Lead Incentive, Part 2",https://vimeo.com/878750396#t=93s,[01:33]
4,Los Angeles,1700 what would you do I would drive an hour of course to the casino and see if I can double it or triple it,Lead Incentive Program Announcement,https://vimeo.com/868464502#t=0s,[00:00]
4,Los Angei,or quadruplets is that a word I don't know I have 1700,Lead Incentive Program Announcement,https://vimeo.com/868464502#t=65s,[01:05]
4,Andrew Peters,it was very exciting that our fifth graders were doing some studies in science about saving energy and serving and they did some research as,Learning opportunity for students.mp4,https://vimeo.com/671226031#t=0s,[00:00]
6,Andrew Peters,a Young Elementary students and came up with this idea that we could apply for a Cinco Grant and get funding for an LED project,Learning opportunity for students.mp4,https://vimeo.com/671226031#t=9s,[00:09]
4,Andrew Peters,little do they know we were already thinking about it and talking about it so it was really fun to bring them together and bring,Learning opportunity for students.mp4,https://vimeo.com/671226031#t=17s,[00:17]
7,Andrew Peters,Tasmanian E3 to the table and everybody gets to talk about saving energy with the lighting project and right now call Willis been approved and,Learning opportunity for students.mp4,https://vimeo.com/671226031#t=26s,[00:26]
5,Andrew Peters,we're about to take on that project so now these kids are sixth graders and so we're excited that he's going to come back and,Learning opportunity for students.mp4,https://vimeo.com/671226031#t=35s,[00:35]
10,Andrew Peters,talk to them about energy conservation as well and we're able to save the taxpayers money improve lighting for schools and her kids are all,Learning opportunity for students.mp4,https://vimeo.com/671226031#t=43s,[00:43]
4,Andrew Peters,part of learning about the importance of taking care of their environment,Learning opportunity for students.mp4,https://vimeo.com/671226031#t=53s,[00:53]
6,Judd Marshalll,I think kids come from a lot of different environments the nuclear family is not what the nuclear family was it's a very different look,"Lessons In Learning - Judd Marshall, Superintendent,  Mount Pleasant ISD",https://vimeo.com/990652002#t=0s,[00:00]
5,Judd Marshalll,it is what it is they bring a different set of issues concerns problems and even values to our classrooms and so sometimes those things,"Lessons In Learning - Judd Marshall, Superintendent,  Mount Pleasant ISD",https://vimeo.com/990652002#t=11s,[00:11]
4,Judd Marshalll,contribute to learning so it's not all bad it's not all good it's just different and we have had to learn to adapt to that,"Lessons In Learning - Judd Marshall, Superintendent,  Mount Pleasant ISD",https://vimeo.com/990652002#t=22s,[00:22]
5,Mount Pleasant IST,because we do have to do things for kids now that I didn't have to do 29 years ago when I started we can either,"Lessons In Learning - Judd Marshall, Superintendent,  Mount Pleasant ISD",https://vimeo.com/990652002#t=33s,[00:33]
6,Mount Pleasant IST,adjust and meet him at the door the way they come to us we're going to fail my grandmother my great-grandmother I was mowing her,"Lessons In Learning - Judd Marshall, Superintendent,  Mount Pleasant ISD",https://vimeo.com/990652002#t=42s,[00:42]
4,Mount Pleasant IST,yard I had to come home from college and it's hot and I was tired and she said you know son what's wrong and I,"Lessons In Learning - Judd Marshall, Superintendent,  Mount Pleasant ISD",https://vimeo.com/990652002#t=53s,[00:53]
5,Mount Pleasant IST,just said Mama I'm not ready to go back to school and she said what and she said I'm just not ready about to college,"Lessons In Learning - Judd Marshall, Superintendent,  Mount Pleasant ISD",https://vimeo.com/990652002#t=62s,[01:02]
4,Mount Pleasant IST,it's hot and all that and I just I don't want to go back and she said let me tell you something education is something,"Lessons In Learning - Judd Marshall, Superintendent,  Mount Pleasant ISD",https://vimeo.com/990652002#t=72s,[01:12]
4,Mount Pleasant IST,that no one can ever take for me they can never take that from you I have a sixth grade education you don't want to,"Lessons In Learning - Judd Marshall, Superintendent,  Mount Pleasant ISD",https://vimeo.com/990652002#t=82s,[01:22]
5,Mount Pleasant IST,do what I had to do to make a living you go back to school and you get your degree and you make the world,"Lessons In Learning - Judd Marshall, Superintendent,  Mount Pleasant ISD",https://vimeo.com/990652002#t=91s,[01:31]
4,Mount Pleasant IST,a better place and I said okay and so it kind of changed my attitude and and went back to college and of course I,"Lessons In Learning - Judd Marshall, Superintendent,  Mount Pleasant ISD",https://vimeo.com/990652002#t=100s,[01:40]
5,Mount Pleasant IST,finished up and I said that to say this nothing there's no paycheck that you can get no paycheck that beats watching those kids walk,"Lessons In Learning - Judd Marshall, Superintendent,  Mount Pleasant ISD",https://vimeo.com/990652002#t=110s,[01:50]
5,Mount Pleasant IST,across the stage on graduation night kids that you're like there's no way in the world this kid is going to finish as a freshman,"Lessons In Learning - Judd Marshall, Superintendent,  Mount Pleasant ISD",https://vimeo.com/990652002#t=121s,[02:01]
4,Mount Pleasant IST,and it brings tears to your eyes because you know you had a small part and some success that they've had the private program the,"Lessons In Learning - Judd Marshall, Superintendent,  Mount Pleasant ISD",https://vimeo.com/990652002#t=132s,[02:12]
4,Mount Pleasant IST,relationship that we have with Amber's is a program to where we can continue to grow our own we have staff that work in our,"Lessons In Learning - Judd Marshall, Superintendent,  Mount Pleasant ISD",https://vimeo.com/990652002#t=142s,[02:22]
4,Mount Pleasant IST,district that don't have college degrees and so the pride pathway program is where am I supposed to go we hired somebody here last week,"Lessons In Learning - Judd Marshall, Superintendent,  Mount Pleasant ISD",https://vimeo.com/990652002#t=153s,[02:33]
4,Mount Pleasant IST,and he brought tears to my eyes because they never thought they would make the kind of money they're going to make us a first-year,"Lessons In Learning - Judd Marshall, Superintendent,  Mount Pleasant ISD",https://vimeo.com/990652002#t=164s,[02:44]
5,Mount Pleasant IST,teacher at Mount Pleasant Iowa State and they were one of those kids and I'm thinking there's no way they're going to get crossed that,"Lessons In Learning - Judd Marshall, Superintendent,  Mount Pleasant ISD",https://vimeo.com/990652002#t=175s,[02:55]
4,Mount Pleasant IST,stage and they did and they made something themselves and I'm really proud of that that that's what makes it worth it is,"Lessons In Learning - Judd Marshall, Superintendent,  Mount Pleasant ISD",https://vimeo.com/990652002#t=186s,[03:06]
4,Mike Lamb,I would say I'm competitive being competitive like she want to win makes you want to do well what makes me competitive well strangely enough,"Lessons In Learning - Mike Lamb, Superintendent, Little Elm ISD",https://vimeo.com/946653874#t=0s,[00:00]
4,Mike Lamb,I would say I think my math skills and ability have helped me a lot and Leadership and if I were to ask anybody what,"Lessons In Learning - Mike Lamb, Superintendent, Little Elm ISD",https://vimeo.com/946653874#t=12s,[00:12]
4,Mike Lamb,did you not like about math what would you guess most people would say lots of people the hardest part about math is reading that,"Lessons In Learning - Mike Lamb, Superintendent, Little Elm ISD",https://vimeo.com/946653874#t=22s,[00:22]
4,Mike Lamb,problem and sticking with it draw pictures that's competitive to me I was good at math because I was competitive because I didn't want that,"Lessons In Learning - Mike Lamb, Superintendent, Little Elm ISD",https://vimeo.com/946653874#t=33s,[00:33]
4,Mike Lamb,page to beat me as a young child I think a lot of people would say I wasn't very competitive because I lost a lot,"Lessons In Learning - Mike Lamb, Superintendent, Little Elm ISD",https://vimeo.com/946653874#t=45s,[00:45]
4,Mike Lamb,when was that about I somewhere along the way to I just want to play I don't really care if I win or lose I,"Lessons In Learning - Mike Lamb, Superintendent, Little Elm ISD",https://vimeo.com/946653874#t=55s,[00:55]
4,Mike Lamb,just want to play I don't want to argue I don't want to fight I don't want to try to set the alarm to be,"Lessons In Learning - Mike Lamb, Superintendent, Little Elm ISD",https://vimeo.com/946653874#t=64s,[01:04]
4,Mike Lamb,out here and play and most of the time that meant particularly when I was young I got beat a lot I remember kickboxing on,"Lessons In Learning - Mike Lamb, Superintendent, Little Elm ISD",https://vimeo.com/946653874#t=73s,[01:13]
5,Mike Lamb,the trampoline he would beat me at everything we did but playing with those older kids so to speak later on paid off you know,"Lessons In Learning - Mike Lamb, Superintendent, Little Elm ISD",https://vimeo.com/946653874#t=84s,[01:24]
4,Mike Lamb,really well and in my ability to to finally start winning I think those Hard Times helped helped push me through you know sometimes where,"Lessons In Learning - Mike Lamb, Superintendent, Little Elm ISD",https://vimeo.com/946653874#t=95s,[01:35]
5,Mike Lamb,it all kind of caught up and and then being competitive and being able to win led to things like a football scholarship and the,"Lessons In Learning - Mike Lamb, Superintendent, Little Elm ISD",https://vimeo.com/946653874#t=107s,[01:47]
4,Mike Lamb,ability to get a math degree and so all of it just circles up and ties together you can't be afraid to fail you learn,"Lessons In Learning - Mike Lamb, Superintendent, Little Elm ISD",https://vimeo.com/946653874#t=118s,[01:58]
6,Mike Lamb,so much from failure trying over and over you think about all the great adventure and how many how many iterations now we had gotten,"Lessons In Learning - Mike Lamb, Superintendent, Little Elm ISD",https://vimeo.com/946653874#t=128s,[02:08]
1,Mike Lamb,to a point in education where we thought we had to have the right answer quickly or things weren't good and and now I think,"Lessons In Learning - Mike Lamb, Superintendent, Little Elm ISD",https://vimeo.com/946653874#t=140s,[02:20]
4,Mike Lamb,we're starting to see and learn that we've got to create some uncomfortable scenarios we've got to create some places where you're going to learn,"Lessons In Learning - Mike Lamb, Superintendent, Little Elm ISD",https://vimeo.com/946653874#t=150s,[02:30]
4,Mike Lamb,as much from the failure as yours is the success I left Commerce playing and I went to work in Lindale worked in Lindale for,"Lessons In Learning - Mike Lamb, Superintendent, Little Elm ISD",https://vimeo.com/946653874#t=163s,[02:43]
4,Mike Lamb,8 years went to McKinney went to Huntsville went to 40 and all those times I was never very close to Commerce close enough to,"Lessons In Learning - Mike Lamb, Superintendent, Little Elm ISD",https://vimeo.com/946653874#t=174s,[02:54]
4,Mike Lamb,feel connected that kind of thing but I think we remember when I got the Silver Springs job which is 15 minutes from Connor's saying,"Lessons In Learning - Mike Lamb, Superintendent, Little Elm ISD",https://vimeo.com/946653874#t=185s,[03:05]
4,Mike Lamb,to myself I want to get involved I want to help the college that helped me so much so living close to Commerce I got,"Lessons In Learning - Mike Lamb, Superintendent, Little Elm ISD",https://vimeo.com/946653874#t=196s,[03:16]
4,Mike Lamb,involved didn't take long before I was asked to be president of Texas A&M Commerce is Alumni Association and again just just getting involved giving,"Lessons In Learning - Mike Lamb, Superintendent, Little Elm ISD",https://vimeo.com/946653874#t=206s,[03:26]
5,Mike Lamb,back thinking I'm doing something worthy by helping other students come here that that need to have the same experience I had helping in scholarship,"Lessons In Learning - Mike Lamb, Superintendent, Little Elm ISD",https://vimeo.com/946653874#t=219s,[03:39]
4,Mike Lamb,development for those maybe that can't afford it just doing something bigger and better,"Lessons In Learning - Mike Lamb, Superintendent, Little Elm ISD",https://vimeo.com/946653874#t=232s,[03:52]
5,Dr. Shannon Trejo,I have a mantra I think it's important to have an idea that you live by it's something that I believe in that I've installed,"Lessons In Learning - Shannon Trejo, Deputy Commissioner of Schools Programs, Texas Education Agency",https://vimeo.com/1086130989#t=0s,[00:00]
5,Dr. Shannon Trejo,in my own children and that I've instilled in the the children that have taught and in the leaders that have worked with throughout my,"Lessons In Learning - Shannon Trejo, Deputy Commissioner of Schools Programs, Texas Education Agency",https://vimeo.com/1086130989#t=8s,[00:08]
1,Dr. Shannon Trejo,career my Mantra is out by him and Venom out facial it is a Latin phrase that means I will find a way or I,"Lessons In Learning - Shannon Trejo, Deputy Commissioner of Schools Programs, Texas Education Agency",https://vimeo.com/1086130989#t=17s,[00:17]
4,Dr. Shannon Trejo,will make one I grew up in Pasadena Texas which is a suburb of Houston and was fortunate enough to be in a family with,"Lessons In Learning - Shannon Trejo, Deputy Commissioner of Schools Programs, Texas Education Agency",https://vimeo.com/1086130989#t=24s,[00:24]
8,Dr. Shannon Trejo,lots of resources and great parents and a great school district and didn't really understand that there wasn't a lot of kids out there that,"Lessons In Learning - Shannon Trejo, Deputy Commissioner of Schools Programs, Texas Education Agency",https://vimeo.com/1086130989#t=32s,[00:32]
5,Dr. Shannon Trejo,weren't exactly like me I came out of high school thinking I knew what my is it going to be I came from a lot,"Lessons In Learning - Shannon Trejo, Deputy Commissioner of Schools Programs, Texas Education Agency",https://vimeo.com/1086130989#t=41s,[00:41]
5,Dr. Shannon Trejo,of business background real estate background I was tutoring at an elementary school in South Austin almost immediately the kid has set down we started,"Lessons In Learning - Shannon Trejo, Deputy Commissioner of Schools Programs, Texas Education Agency",https://vimeo.com/1086130989#t=48s,[00:48]
4,Dr. Shannon Trejo,to open our books to read and the teacher came over and was like I'm sorry sweetheart you know these three children they moved off,"Lessons In Learning - Shannon Trejo, Deputy Commissioner of Schools Programs, Texas Education Agency",https://vimeo.com/1086130989#t=58s,[00:58]
4,Dr. Shannon Trejo,to the side and everybody watched them go off into that corner and was like what's going on myself included what's happening so afterwards I,"Lessons In Learning - Shannon Trejo, Deputy Commissioner of Schools Programs, Texas Education Agency",https://vimeo.com/1086130989#t=67s,[01:07]
4,Dr. Shannon Trejo,went back to the teacher and just said can you tell me what happened what can I do differently I'd really love to have them,"Lessons In Learning - Shannon Trejo, Deputy Commissioner of Schools Programs, Texas Education Agency",https://vimeo.com/1086130989#t=76s,[01:16]
4,Dr. Shannon Trejo,be a part of the group and she said oh no they don't speaking English so they're going to be placed in special education so,"Lessons In Learning - Shannon Trejo, Deputy Commissioner of Schools Programs, Texas Education Agency",https://vimeo.com/1086130989#t=84s,[01:24]
1,Dr. Shannon Trejo,I asked a lot of questions about how do they get to learning English and I thought I'm going to do something can I do,"Lessons In Learning - Shannon Trejo, Deputy Commissioner of Schools Programs, Texas Education Agency",https://vimeo.com/1086130989#t=93s,[01:33]
4,Dr. Shannon Trejo,something about this what do I do why don't speak Spanish so I might need to learn so I left the country I moved abroad,"Lessons In Learning - Shannon Trejo, Deputy Commissioner of Schools Programs, Texas Education Agency",https://vimeo.com/1086130989#t=100s,[01:40]
4,Dr. Shannon Trejo,and lived overseas and learn Spanish learned what it was like to be in a culture that was completely different and learned a lot about,"Lessons In Learning - Shannon Trejo, Deputy Commissioner of Schools Programs, Texas Education Agency",https://vimeo.com/1086130989#t=108s,[01:48]
4,Dr. Shannon Trejo,what assimilation is I learned a lot about appreciating different cultures and I learned a whole lot about appreciating the United States and and what,"Lessons In Learning - Shannon Trejo, Deputy Commissioner of Schools Programs, Texas Education Agency",https://vimeo.com/1086130989#t=117s,[01:57]
4,Dr. Shannon Trejo,their what was here so I came back and started my career as a third grade bilingual teacher already wants to be told they're capable,"Lessons In Learning - Shannon Trejo, Deputy Commissioner of Schools Programs, Texas Education Agency",https://vimeo.com/1086130989#t=127s,[02:07]
4,Dr. Shannon Trejo,of Ray wants to be told you're smart you can do this and I think that's where the Mantra comes from right it's never a,"Lessons In Learning - Shannon Trejo, Deputy Commissioner of Schools Programs, Texas Education Agency",https://vimeo.com/1086130989#t=136s,[02:16]
1,Dr. Shannon Trejo,question of if you can or you can't it's just a question of how hard are you willing to work to get there and how,"Lessons In Learning - Shannon Trejo, Deputy Commissioner of Schools Programs, Texas Education Agency",https://vimeo.com/1086130989#t=144s,[02:24]
4,Dr. Shannon Trejo,will you be to get through those barriers that may be in your way East Texas A&M University was a natural choice for me and,"Lessons In Learning - Shannon Trejo, Deputy Commissioner of Schools Programs, Texas Education Agency",https://vimeo.com/1086130989#t=151s,[02:31]
5,Dr. Shannon Trejo,when it came to you seeking my my superintendent certificate one of the things I really appreciated one was Dr Parra who led the program,"Lessons In Learning - Shannon Trejo, Deputy Commissioner of Schools Programs, Texas Education Agency",https://vimeo.com/1086130989#t=160s,[02:40]
8,Dr. Shannon Trejo,because I acknowledge for him early on what my weaknesses were programmatically I'm great after 30 years of experience and in the school system I,"Lessons In Learning - Shannon Trejo, Deputy Commissioner of Schools Programs, Texas Education Agency",https://vimeo.com/1086130989#t=169s,[02:49]
4,Dr. Shannon Trejo,know certain things that I could do well and one of them that I could not do as well was really thinking about Budget Finance,"Lessons In Learning - Shannon Trejo, Deputy Commissioner of Schools Programs, Texas Education Agency",https://vimeo.com/1086130989#t=178s,[02:58]
4,Dr. Shannon Trejo,and the numbers side I understood kind of high level but as a superintendent that's not enough you really have to understand how the numbers,"Lessons In Learning - Shannon Trejo, Deputy Commissioner of Schools Programs, Texas Education Agency",https://vimeo.com/1086130989#t=187s,[03:07]
5,Dr. Shannon Trejo,work to be able to guide a district and help stay out of financial trouble understanding contracts understand Bond systems sometimes it's about confidence but,"Lessons In Learning - Shannon Trejo, Deputy Commissioner of Schools Programs, Texas Education Agency",https://vimeo.com/1086130989#t=196s,[03:16]
4,Dr. Shannon Trejo,sometimes it's about really do you know do you know your stuff this particular program at East Texas A&M University with the superintendency certificate was,"Lessons In Learning - Shannon Trejo, Deputy Commissioner of Schools Programs, Texas Education Agency",https://vimeo.com/1086130989#t=206s,[03:26]
4,Dr. Shannon Trejo,very much what I would call Hands-On and experiential that it is activities and experiences you're going to board meetings you're meeting with your Mentor,"Lessons In Learning - Shannon Trejo, Deputy Commissioner of Schools Programs, Texas Education Agency",https://vimeo.com/1086130989#t=217s,[03:37]
4,Dr. Shannon Trejo,superintendent you're walking through actual scenarios that that superintendent and and the experiences that the professor has been through and so you feel like you're,"Lessons In Learning - Shannon Trejo, Deputy Commissioner of Schools Programs, Texas Education Agency",https://vimeo.com/1086130989#t=227s,[03:47]
5,Dr. Shannon Trejo,walking out with like this could have been me sitting in this chair walking through these navigating these experiences and understanding the community understanding stuff,"Lessons In Learning - Shannon Trejo, Deputy Commissioner of Schools Programs, Texas Education Agency",https://vimeo.com/1086130989#t=238s,[03:58]
4,Dr. Shannon Trejo,and understanding the board and at the end of the day staying focused on what really matters which is just,"Lessons In Learning - Shannon Trejo, Deputy Commissioner of Schools Programs, Texas Education Agency",https://vimeo.com/1086130989#t=249s,[04:09]
5,Dr. Shannon Trejo,I have a mantra I think it's important to have an idea that you live by it's something that I believe in that I've installed,"Lessons In Learning - Shannon Trejo, Deputy Commissioner of Schools Programs, Texas Education Agency",https://vimeo.com/1103263307#t=0s,[00:00]
5,Dr. Shannon Trejo,in my own children and that I've instilled in the the children that have taught and in the leaders that have worked with throughout my,"Lessons In Learning - Shannon Trejo, Deputy Commissioner of Schools Programs, Texas Education Agency",https://vimeo.com/1103263307#t=8s,[00:08]
1,Dr. Shannon Trejo,career my Mantra is out by him and Venom out facial it is a Latin phrase that means I will find a way or I,"Lessons In Learning - Shannon Trejo, Deputy Commissioner of Schools Programs, Texas Education Agency",https://vimeo.com/1103263307#t=17s,[00:17]
4,Dr. Shannon Trejo,will make one I grew up in Pasadena Texas which is a suburb of Houston and was fortunate enough to be in a family with,"Lessons In Learning - Shannon Trejo, Deputy Commissioner of Schools Programs, Texas Education Agency",https://vimeo.com/1103263307#t=24s,[00:24]
8,Dr. Shannon Trejo,lots of resources and great parents and a great school district and didn't really understand that there wasn't a lot of kids out there that,"Lessons In Learning - Shannon Trejo, Deputy Commissioner of Schools Programs, Texas Education Agency",https://vimeo.com/1103263307#t=32s,[00:32]
5,Dr. Shannon Trejo,weren't exactly like me I came out of high school thinking I knew what my is it going to be I came from a lot,"Lessons In Learning - Shannon Trejo, Deputy Commissioner of Schools Programs, Texas Education Agency",https://vimeo.com/1103263307#t=41s,[00:41]
5,Dr. Shannon Trejo,of business background real estate background I was tutoring at an elementary school in South Austin almost immediately the kid has set down we started,"Lessons In Learning - Shannon Trejo, Deputy Commissioner of Schools Programs, Texas Education Agency",https://vimeo.com/1103263307#t=48s,[00:48]
4,Dr. Shannon Trejo,to open our books to read and the teacher came over and was like I'm sorry sweetheart you know these three children they moved off,"Lessons In Learning - Shannon Trejo, Deputy Commissioner of Schools Programs, Texas Education Agency",https://vimeo.com/1103263307#t=58s,[00:58]
4,Dr. Shannon Trejo,to the side and everybody watched them go off into that corner and was like what's going on myself included what's happening so afterwards I,"Lessons In Learning - Shannon Trejo, Deputy Commissioner of Schools Programs, Texas Education Agency",https://vimeo.com/1103263307#t=67s,[01:07]
4,Dr. Shannon Trejo,went back to the teacher and just said can you tell me what happened what can I do differently I'd really love to have them,"Lessons In Learning - Shannon Trejo, Deputy Commissioner of Schools Programs, Texas Education Agency",https://vimeo.com/1103263307#t=76s,[01:16]
4,Dr. Shannon Trejo,be a part of the group and she said oh no they don't speaking English so they're going to be placed in special education so,"Lessons In Learning - Shannon Trejo, Deputy Commissioner of Schools Programs, Texas Education Agency",https://vimeo.com/1103263307#t=84s,[01:24]
1,Dr. Shannon Trejo,I asked a lot of questions about how do they get to learning English and I thought I'm going to do something can I do,"Lessons In Learning - Shannon Trejo, Deputy Commissioner of Schools Programs, Texas Education Agency",https://vimeo.com/1103263307#t=93s,[01:33]
4,Dr. Shannon Trejo,something about this what do I do why don't speak Spanish so I might need to learn so I left the country I moved abroad,"Lessons In Learning - Shannon Trejo, Deputy Commissioner of Schools Programs, Texas Education Agency",https://vimeo.com/1103263307#t=100s,[01:40]
4,Dr. Shannon Trejo,and lived overseas and learn Spanish learned what it was like to be in a culture that was completely different and learned a lot about,"Lessons In Learning - Shannon Trejo, Deputy Commissioner of Schools Programs, Texas Education Agency",https://vimeo.com/1103263307#t=108s,[01:48]
4,Dr. Shannon Trejo,what assimilation is I learned a lot about appreciating different cultures and I learned a whole lot about appreciating the United States and and what,"Lessons In Learning - Shannon Trejo, Deputy Commissioner of Schools Programs, Texas Education Agency",https://vimeo.com/1103263307#t=117s,[01:57]
4,Dr. Shannon Trejo,their what was here so I came back and started my career as a third grade bilingual teacher already wants to be told they're capable,"Lessons In Learning - Shannon Trejo, Deputy Commissioner of Schools Programs, Texas Education Agency",https://vimeo.com/1103263307#t=127s,[02:07]
4,Dr. Shannon Trejo,of Ray wants to be told you're smart you can do this and I think that's where the Mantra comes from right it's never a,"Lessons In Learning - Shannon Trejo, Deputy Commissioner of Schools Programs, Texas Education Agency",https://vimeo.com/1103263307#t=136s,[02:16]
1,Dr. Shannon Trejo,question of if you can or you can't it's just a question of how hard are you willing to work to get there and how,"Lessons In Learning - Shannon Trejo, Deputy Commissioner of Schools Programs, Texas Education Agency",https://vimeo.com/1103263307#t=144s,[02:24]
4,Dr. Shannon Trejo,will you be to get through those barriers that may be in your way East Texas A&M University was a natural choice for me and,"Lessons In Learning - Shannon Trejo, Deputy Commissioner of Schools Programs, Texas Education Agency",https://vimeo.com/1103263307#t=151s,[02:31]
5,Dr. Shannon Trejo,when it came to you seeking my my superintendent certificate one of the things I really appreciated one was Dr Parra who led the program,"Lessons In Learning - Shannon Trejo, Deputy Commissioner of Schools Programs, Texas Education Agency",https://vimeo.com/1103263307#t=160s,[02:40]
8,Dr. Shannon Trejo,because I acknowledge for him early on what my weaknesses were programmatically I'm great after 30 years of experience and in the school system I,"Lessons In Learning - Shannon Trejo, Deputy Commissioner of Schools Programs, Texas Education Agency",https://vimeo.com/1103263307#t=169s,[02:49]
4,Dr. Shannon Trejo,know certain things that I could do well and one of them that I could not do as well was really thinking about Budget Finance,"Lessons In Learning - Shannon Trejo, Deputy Commissioner of Schools Programs, Texas Education Agency",https://vimeo.com/1103263307#t=178s,[02:58]
4,Dr. Shannon Trejo,and the numbers side I understood kind of high level but as a superintendent that's not enough you really have to understand how the numbers,"Lessons In Learning - Shannon Trejo, Deputy Commissioner of Schools Programs, Texas Education Agency",https://vimeo.com/1103263307#t=187s,[03:07]
5,Dr. Shannon Trejo,work to be able to guide a district and help stay out of financial trouble understanding contracts understand Bond systems sometimes it's about confidence but,"Lessons In Learning - Shannon Trejo, Deputy Commissioner of Schools Programs, Texas Education Agency",https://vimeo.com/1103263307#t=196s,[03:16]
4,Dr. Shannon Trejo,sometimes it's about really do you know do you know your stuff this particular program at East Texas A&M University with the superintendency certificate was,"Lessons In Learning - Shannon Trejo, Deputy Commissioner of Schools Programs, Texas Education Agency",https://vimeo.com/1103263307#t=206s,[03:26]
4,Dr. Shannon Trejo,very much what I would call Hands-On and experiential that it is activities and experiences you're going to board meetings you're meeting with your Mentor,"Lessons In Learning - Shannon Trejo, Deputy Commissioner of Schools Programs, Texas Education Agency",https://vimeo.com/1103263307#t=217s,[03:37]
4,Dr. Shannon Trejo,superintendent you're walking through actual scenarios that that superintendent and and the experiences that the professor has been through and so you feel like you're,"Lessons In Learning - Shannon Trejo, Deputy Commissioner of Schools Programs, Texas Education Agency",https://vimeo.com/1103263307#t=227s,[03:47]
5,Dr. Shannon Trejo,walking out with like this could have been me sitting in this chair walking through these navigating these experiences and understanding the community understanding stuff,"Lessons In Learning - Shannon Trejo, Deputy Commissioner of Schools Programs, Texas Education Agency",https://vimeo.com/1103263307#t=238s,[03:58]
4,Dr. Shannon Trejo,and understanding the board and at the end of the day staying focused on what really matters which is just,"Lessons In Learning - Shannon Trejo, Deputy Commissioner of Schools Programs, Texas Education Agency",https://vimeo.com/1103263307#t=249s,[04:09]
4,Dr. Theresa Williams,learning to be comfortable with the uncomfortable is pretty much the norm I ran several marathons and half marathons as your training your sword your,"Lessons in Learning - Dr. Theresa Williams, Superintendent, Plano ISD",https://vimeo.com/1007829512#t=0s,[00:00]
4,Dr. Theresa Williams,muscles are sore but then you're able to accomplish your goal and I think it's like that in leadership you set out to have new,"Lessons in Learning - Dr. Theresa Williams, Superintendent, Plano ISD",https://vimeo.com/1007829512#t=12s,[00:12]
4,Dr. Theresa Williams,goals you're going to accomplish these things you work really hard it's tires and exhausting and you accomplished it and then when you finish it's,"Lessons in Learning - Dr. Theresa Williams, Superintendent, Plano ISD",https://vimeo.com/1007829512#t=23s,[00:23]
4,Dr. Theresa Williams,like okay what can we do better what is the next race that's the part of being comfortable with the uncomfortable I also think that,"Lessons in Learning - Dr. Theresa Williams, Superintendent, Plano ISD",https://vimeo.com/1007829512#t=35s,[00:35]
4,Dr. Theresa Williams,that's what keeps me personally going is that we're going to do something again but we're going to do it better than the next year,"Lessons in Learning - Dr. Theresa Williams, Superintendent, Plano ISD",https://vimeo.com/1007829512#t=46s,[00:46]
4,Benerre Ader,I was recently asked what I would tell my 25 year old self and I think my response would be more of I would want,"Lessons in Learning - Dr. Theresa Williams, Superintendent, Plano ISD",https://vimeo.com/1007829512#t=57s,[00:57]
4,Benerre Ader,to know what my 25 year old self would tell me now at my age I think there is a lot of wisdom I think,"Lessons in Learning - Dr. Theresa Williams, Superintendent, Plano ISD",https://vimeo.com/1007829512#t=66s,[01:06]
5,Benerre Ader,in our young people I know when my superintendent advisory of students I always leave so inspired by their feedback but also I think sometimes,"Lessons in Learning - Dr. Theresa Williams, Superintendent, Plano ISD",https://vimeo.com/1007829512#t=75s,[01:15]
5,Benerre Ader,we underestimate the potential and the power that are used have to share with us when I was growing up Elementary and Middle School school,"Lessons in Learning - Dr. Theresa Williams, Superintendent, Plano ISD",https://vimeo.com/1007829512#t=87s,[01:27]
6,Benerre Ader,was a place that was safe and fun and it was a great experience and my family moved small town to a larger City so,"Lessons in Learning - Dr. Theresa Williams, Superintendent, Plano ISD",https://vimeo.com/1007829512#t=98s,[01:38]
5,Benerre Ader,high school I was the new student in high school and it was during that I guess really that my 9th grade year and even,"Lessons in Learning - Dr. Theresa Williams, Superintendent, Plano ISD",https://vimeo.com/1007829512#t=108s,[01:48]
7,Benerre Ader,into my 10th grade year where school was just no longer safe or welcoming place for me and it would have been so easy to,"Lessons in Learning - Dr. Theresa Williams, Superintendent, Plano ISD",https://vimeo.com/1007829512#t=118s,[01:58]
5,Benerre Ader,fall through the cracks actually I really was kind of falling through the cracks and My AG teacher pulled me aside one day after class,"Lessons in Learning - Dr. Theresa Williams, Superintendent, Plano ISD",https://vimeo.com/1007829512#t=128s,[02:08]
5,Benerre Ader,and just said hey I'm you know I'm worried about you and he said you know just because you have failed a class or a,"Lessons in Learning - Dr. Theresa Williams, Superintendent, Plano ISD",https://vimeo.com/1007829512#t=139s,[02:19]
6,Benerre Ader,test or you can turn surround each day is a new day and each day is a new day to be successful I certainly believe,"Lessons in Learning - Dr. Theresa Williams, Superintendent, Plano ISD",https://vimeo.com/1007829512#t=149s,[02:29]
5,Benerre Ader,and even as a mother with my own children that kids need to have a place where they belong and whether it's in clubs or,"Lessons in Learning - Dr. Theresa Williams, Superintendent, Plano ISD",https://vimeo.com/1007829512#t=159s,[02:39]
5,Benerre Ader,sports or their favorite teacher or their favorite subject area we need to make sure that we're creating those spaces safe spaces for students as,"Lessons in Learning - Dr. Theresa Williams, Superintendent, Plano ISD",https://vimeo.com/1007829512#t=169s,[02:49]
4,Benerre Ader,well as our employees you often hear that it's lonely at the top and it really is it can be a lonely place and you,"Lessons in Learning - Dr. Theresa Williams, Superintendent, Plano ISD",https://vimeo.com/1007829512#t=181s,[03:01]
4,Benerre Ader,are the one and only person that has the duties and responsibilities that you do is superintendent and I think it's incredibly important do you,"Lessons in Learning - Dr. Theresa Williams, Superintendent, Plano ISD",https://vimeo.com/1007829512#t=190s,[03:10]
4,Benerre Ader,build a strong Network so I have many close friends that have the same job that I have a superintendent to be able to pick,"Lessons in Learning - Dr. Theresa Williams, Superintendent, Plano ISD",https://vimeo.com/1007829512#t=202s,[03:22]
1,Benerre Ader,up the phone and hey what are you doing about this has this come across your desk or are you seeing this in your District,"Lessons in Learning - Dr. Theresa Williams, Superintendent, Plano ISD",https://vimeo.com/1007829512#t=213s,[03:33]
4,Benerre Ader,having that pulse check is so important because sometimes it feels like okay are we the only one or is this happening elsewhere but I,"Lessons in Learning - Dr. Theresa Williams, Superintendent, Plano ISD",https://vimeo.com/1007829512#t=223s,[03:43]
6,Benerre Ader,think about my time at A&M Commerce I think that that's where I've met a lot of my professional College along the way I've known,"Lessons in Learning - Dr. Theresa Williams, Superintendent, Plano ISD",https://vimeo.com/1007829512#t=234s,[03:54]
4,Benerre Ader,other Educators who have gone through drill programs that did not have the cohort experience and I just think add water power in going through,"Lessons in Learning - Dr. Theresa Williams, Superintendent, Plano ISD",https://vimeo.com/1007829512#t=245s,[04:05]
2,Benerre Ader,a a intensive 2 to 3 year Journey with a group of people that are there to lift you up to support to learn from,"Lessons in Learning - Dr. Theresa Williams, Superintendent, Plano ISD",https://vimeo.com/1007829512#t=257s,[04:17]
4,Benerre Ader,I'm very blessed to have met the people that I met along the way,"Lessons in Learning - Dr. Theresa Williams, Superintendent, Plano ISD",https://vimeo.com/1007829512#t=266s,[04:26]
6,Paul Buckner,when we were going down the process of looking at a design a Energy Efficiency project for district-wide we looked at just do we take,Lone Star loan through SECO,https://vimeo.com/670008235#t=0s,[00:00]
4,Paul Buckner,it out of capital do we do we do a performance contract and we were really leaning towards performance contract at first and then after,Lone Star loan through SECO,https://vimeo.com/670008235#t=10s,[00:10]
6,Paul Buckner,communication with some of our board members through committee meetings and everything we were tasked to going back and looking at other options because the,Lone Star loan through SECO,https://vimeo.com/670008235#t=20s,[00:20]
7,Paul Buckner,the aspect of shared savings and everything wasn't is not a Avenue that my school board wanted us to look at which brought in the,Lone Star loan through SECO,https://vimeo.com/670008235#t=32s,[00:32]
4,Paul Buckner,the state energy conservation office in there alone star program so then we went down that path and that was one that everyone was on,Lone Star loan through SECO,https://vimeo.com/670008235#t=42s,[00:42]
6,Paul Buckner,board with with a very low interest rate and then the district we get to keep the savings we didn't have to share the savings,Lone Star loan through SECO,https://vimeo.com/670008235#t=52s,[00:52]
4,Paul Buckner,with anyone so so there was a little hesitation with how we were going to procure it but once we're able to come across the,Lone Star loan through SECO,https://vimeo.com/670008235#t=62s,[01:02]
4,Paul Buckner,right project the right procurement method with going through the Lone Star loan through Seiko that's what we we ended up settling on,Lone Star loan through SECO,https://vimeo.com/670008235#t=71s,[01:11]
1,Maverick Series- Carrizo Springs CISD Speaker,welcome back to our Maverick series since it's October we decided to explore one of the spookier corners of Carrizo Springs pass a few miles,Maverick Series- Carrizo Springs CISD,https://vimeo.com/1156226387#t=0s,[00:00]
5,Maverick Series- Carrizo Springs CISD Speaker,north of here is a place called espantosa Lake and if that name sounds Eerie it's for good reason Espinosa means fearful in Spanish and,Maverick Series- Carrizo Springs CISD,https://vimeo.com/1156226387#t=10s,[00:10]
4,Maverick Series- Carrizo Springs CISD Speaker,for Generations locals have shared stories about strange sights and sounds coming from its Waters has long carried a haunted reputation Travelers once claimed to,Maverick Series- Carrizo Springs CISD,https://vimeo.com/1156226387#t=21s,[00:21]
4,Maverick Series- Carrizo Springs CISD Speaker,see ghostly figures drifting through the Mist hear cries echoing across the water and even witnessed disappearances one story from this region that captures that,Maverick Series- Carrizo Springs CISD,https://vimeo.com/1156226387#t=33s,[00:33]
4,Maverick Series- Carrizo Springs CISD Speaker,same Frontier fear is the tail of wolf girl of Devil's River according to Folklore she was the daughter of Trappers whose family perished wild,Maverick Series- Carrizo Springs CISD,https://vimeo.com/1156226387#t=45s,[00:45]
4,Maverick Series- Carrizo Springs CISD Speaker,unrecognizable and forever changed by the landscape it's one of the many Frontier legends that blur the line between civilization and the wild a reflection,Maverick Series- Carrizo Springs CISD,https://vimeo.com/1156226387#t=56s,[00:56]
4,Maverick Series- Carrizo Springs CISD Speaker,of how harsh and mysterious life on the edge of Texas could be but legends like these often said more about the people who are,Maverick Series- Carrizo Springs CISD,https://vimeo.com/1156226387#t=68s,[01:08]
4,Maverick Series- Carrizo Springs CISD Speaker,telling them then the places themselves for early settlers living on the edge of the frontier the Wilderness could feel unpredictable even menacing when faced,Maverick Series- Carrizo Springs CISD,https://vimeo.com/1156226387#t=78s,[01:18]
5,Maverick Series- Carrizo Springs CISD Speaker,with the unknown stories help them make sense of what they couldn't control not every water story belongs in the past preseason High School from,Maverick Series- Carrizo Springs CISD,https://vimeo.com/1156226387#t=90s,[01:30]
6,Maverick Series- Carrizo Springs CISD Speaker,water damage caused by those Springs as well as many other improvements that will help make the buildings more reliable efficient and ready for the,Maverick Series- Carrizo Springs CISD,https://vimeo.com/1156226387#t=101s,[01:41]
5,Maverick Series- Carrizo Springs CISD Speaker,future so while the haunted Waters of espanosa Lake remain in Legend we're making sure the only thing flowing under this school is a stronger,Maverick Series- Carrizo Springs CISD,https://vimeo.com/1156226387#t=112s,[01:52]
4,Maverick Series- Carrizo Springs CISD Speaker,foundation for the Next Generation so this Halloween remember every Legend start somewhere and here in Korea Springs we are honoring the stories that shape,Maverick Series- Carrizo Springs CISD,https://vimeo.com/1156226387#t=123s,[02:03]
8,Maverick Series- Carrizo Springs CISD Speaker,this place while creating a future that safe strong and completely goes free from all of us here at E3 happy Halloween and keep following,Maverick Series- Carrizo Springs CISD,https://vimeo.com/1156226387#t=135s,[02:15]
4,Maverick Series- Carrizo Springs CISD Speaker,series as we uncovered the untold stories people and places that shape Texas one Maverick stop at a time,Maverick Series- Carrizo Springs CISD,https://vimeo.com/1156226387#t=146s,[02:26]
4,Dr. Al Darzins,I think what we're finding is that there's not much fluffy sludge down there and what we're currently looking at here are the the wastewater,"Nano Gas - Stockdale TX Case Study, Part 1",https://vimeo.com/1121667153#t=0s,[00:00]
4,Dr. Al Darzins,treatment lagoons in Stockdale Texas there is a series of three lagoons where Inlet water comes in at the head of this Pond right here,"Nano Gas - Stockdale TX Case Study, Part 1",https://vimeo.com/1121667153#t=9s,[00:09]
4,Dr. Al Darzins,now the issue that Stockdale has is that these ponds have never been dredged in fact when they did a sonar analysis of the the,"Nano Gas - Stockdale TX Case Study, Part 1",https://vimeo.com/1121667153#t=19s,[00:19]
4,Dr. Al Darzins,amount of sludge that is in pond number one it is in excess of 5 ft that is a lot of slush so let's say,"Nano Gas - Stockdale TX Case Study, Part 1",https://vimeo.com/1121667153#t=27s,[00:27]
4,Dr. Al Darzins,it's right here so you push and so what Nano gas is going to be doing is we are going to eventually be treating these,"Nano Gas - Stockdale TX Case Study, Part 1",https://vimeo.com/1121667153#t=35s,[00:35]
4,Dr. Al Darzins,ponds with our air bubbles and bacteria with the hope of actually reducing significantly reducing the amount of sludge in part number one but hopefully,"Nano Gas - Stockdale TX Case Study, Part 1",https://vimeo.com/1121667153#t=43s,[00:43]
6,Dr. Al Darzins,also in pound number two and pawn number three there by increasing the efficiency of their treatment ability this is very exciting because this gives,"Nano Gas - Stockdale TX Case Study, Part 1",https://vimeo.com/1121667153#t=53s,[00:53]
4,Dr. Al Darzins,us really one of the first opportunities to actually showcase our technology in a case where there's a severe amount of a sludge accumulation and,"Nano Gas - Stockdale TX Case Study, Part 1",https://vimeo.com/1121667153#t=64s,[01:04]
4,Dr. Al Darzins,if we can bang that down to 50% 85% I think is the goal that would be a huge win for for Nano gas,"Nano Gas - Stockdale TX Case Study, Part 1",https://vimeo.com/1121667153#t=74s,[01:14]
4,Dr. Al Darzins,I think what we're finding is that there's not much fluffy sludge down there and what we're currently looking at here are the the wastewater,"Nano Gas - Stockdale TX Case Study, Part 1",https://vimeo.com/1121668312#t=0s,[00:00]
4,Dr. Al Darzins,treatment lagoons in Stockdale Texas there is a series of three lagoons where Inlet water comes in at the head of this Pond right here,"Nano Gas - Stockdale TX Case Study, Part 1",https://vimeo.com/1121668312#t=9s,[00:09]
4,Dr. Al Darzins,now the issue that Stockdale has is that these ponds have never been dredged in fact when they did a sonar analysis of the the,"Nano Gas - Stockdale TX Case Study, Part 1",https://vimeo.com/1121668312#t=19s,[00:19]
4,Dr. Al Darzins,amount of sludge that is in pond number one it is in excess of 5 ft that is a lot of slush so let's say,"Nano Gas - Stockdale TX Case Study, Part 1",https://vimeo.com/1121668312#t=27s,[00:27]
4,Dr. Al Darzins,it's right here so you push and so what Nano gas is going to be doing is we are going to eventually be treating these,"Nano Gas - Stockdale TX Case Study, Part 1",https://vimeo.com/1121668312#t=35s,[00:35]
4,Dr. Al Darzins,ponds with our air bubbles and bacteria with the hope of actually reducing significantly reducing the amount of sludge in part number one but hopefully,"Nano Gas - Stockdale TX Case Study, Part 1",https://vimeo.com/1121668312#t=43s,[00:43]
6,Dr. Al Darzins,also in pound number two and pawn number three there by increasing the efficiency of their treatment ability this is very exciting because this gives,"Nano Gas - Stockdale TX Case Study, Part 1",https://vimeo.com/1121668312#t=53s,[00:53]
4,Dr. Al Darzins,us really one of the first opportunities to actually showcase our technology in a case where there's a severe amount of a sludge accumulation and,"Nano Gas - Stockdale TX Case Study, Part 1",https://vimeo.com/1121668312#t=64s,[01:04]
4,Dr. Al Darzins,if we can bang that down to 50% 85% I think is the goal that would be a huge win for for Nano gas,"Nano Gas - Stockdale TX Case Study, Part 1",https://vimeo.com/1121668312#t=74s,[01:14]
4,Nano Gas - Stockdale TX Case Study Part 2 Speaker,so day two of our Lagoon restoration project involve taking samples from the Lagoon number 2 at Stockdale facility today we collected 18 sludge samples,"Nano Gas - Stockdale TX Case Study, Part 2",https://vimeo.com/1121667232#t=0s,[00:00]
4,Nano Gas - Stockdale TX Case Study Part 2 Speaker,and those blood samples were combined into two composite samples and those were then submitted for analysis at eurofins lab in San Antonio so the,"Nano Gas - Stockdale TX Case Study, Part 2",https://vimeo.com/1121667232#t=11s,[00:11]
4,Nano Gas - Stockdale TX Case Study Part 2 Speaker,testing of the sludge goes through a number of different tests so one thing is that they're looking just just for our curiosity to see,"Nano Gas - Stockdale TX Case Study, Part 2",https://vimeo.com/1121667232#t=23s,[00:23]
5,Nano Gas - Stockdale TX Case Study Part 2 Speaker,whether there are any heavy metals in the sludge it's unlikely because the influent water comes from a residential Community the other thing that we're,"Nano Gas - Stockdale TX Case Study, Part 2",https://vimeo.com/1121667232#t=34s,[00:34]
4,Nano Gas - Stockdale TX Case Study Part 2 Speaker,really acutely interested in is whether or not the sludge contains either organic which is able to be digested by bacteria or inorganic such as,"Nano Gas - Stockdale TX Case Study, Part 2",https://vimeo.com/1121667232#t=46s,[00:46]
4,Nano Gas - Stockdale TX Case Study Part 2 Speaker,silk and sand ratio is going to give us a very interesting input in terms of what are goals for the project are going to,"Nano Gas - Stockdale TX Case Study, Part 2",https://vimeo.com/1121667232#t=57s,[00:57]
1,Nano Gas - Stockdale TX Case Study Part 2 Speaker,be,"Nano Gas - Stockdale TX Case Study, Part 2",https://vimeo.com/1121667232#t=66s,[01:06]
5,Len Bland,we got a special Lagoon crawlers called it's a lagoon agitator and what that does is it shoots streams of water into the pond it,"Nano Gas, Lagoon Agitator",https://vimeo.com/1121667126#t=0s,[00:00]
4,Len Bland,actually pulls the water out of the pond and it shoots it back in to break up the compact sludge on the bottom of Lagoon,"Nano Gas, Lagoon Agitator",https://vimeo.com/1121667126#t=12s,[00:12]
5,Len Bland,so we had 5 ft and even more in some places of compact sludge that you had to use a sledgehammer to actually test and,"Nano Gas, Lagoon Agitator",https://vimeo.com/1121667126#t=23s,[00:23]
4,Len Bland,figure out how deep it was this breaks it up at the organic material and consume it,"Nano Gas, Lagoon Agitator",https://vimeo.com/1121667126#t=35s,[00:35]
7,Nano Gas Treatment Speaker,a Cutting Edge Mobile water treatment process is Paving the way for cleaner more efficient water systems water enters the unit and passes through a,Nano Gas Treatment,https://vimeo.com/1070176873#t=0s,[00:00]
5,Nano Gas Treatment Speaker,zero gravity filtration system 6 filters work in tandem when one gets clogged itself cleans and keeps the process moving without interruption next the filtered,Nano Gas Treatment,https://vimeo.com/1070176873#t=11s,[00:11]
4,Nano Gas Treatment Speaker,water enters a high pressure chamber where its boosted from 30 to 300 PSI in infused with a powerful gas mixture using patented nanobubble technology,Nano Gas Treatment,https://vimeo.com/1070176873#t=24s,[00:24]
4,Nano Gas Treatment Speaker,the system saturates the water with microscopic gas bubbles that purify oxygenate and break down contaminants at a molecular level from there the treated water,Nano Gas Treatment,https://vimeo.com/1070176873#t=36s,[00:36]
4,Nano Gas Treatment Speaker,is routed through a flexible Network ready to be distributed wherever it's needed most mobile automated,Nano Gas Treatment,https://vimeo.com/1070176873#t=48s,[00:48]
7,Andrew Peters,what drove us to want to go with E3 is it was a one call One Stop solution they were designing it and they were,One stop solution.mp4,https://vimeo.com/671226896#t=0s,[00:00]
10,Andrew Peters,making sure it was installed right and we really liked that we knew our board would like that and so it was easy to recommend,One stop solution.mp4,https://vimeo.com/671226896#t=8s,[00:08]
6,Andrew Peters,them they had already presented to the board the board was comfortable with them and it was a very easy process,One stop solution.mp4,https://vimeo.com/671226896#t=18s,[00:18]
5,Pflugerville ISD Speaker,"1,696 lamps and 785 ballasts recycling 832 total fixtures 114 occupancy sensors installed 466","Pflugerville ISD, LED Retrofit, before and after.",https://vimeo.com/1020637538#t=0s,[00:00]
6,Dr. Mike Gonzales,a year ago we completed 140 million Bond where we built for new elementary schools in our district and that process was extremely difficult so,"Port Neches-Groves ISD, case study",https://vimeo.com/1043784118#t=0s,[00:00]
5,Dr. Mike Gonzales,we were not sure whether we wanted to go through another project that may create some difficulties for the school district as they were so,"Port Neches-Groves ISD, case study",https://vimeo.com/1043784118#t=14s,[00:14]
4,Jeff Bergeron,many different persons involved if there was a problem you had folks point at each other with a three if there was a problem with,"Port Neches-Groves ISD, case study",https://vimeo.com/1043784118#t=27s,[00:27]
6,Jeff Bergeron,our design if there was a problem with equipment that's a tremendous Advantage there was never a lack of communication in a world like hours,"Port Neches-Groves ISD, case study",https://vimeo.com/1043784118#t=40s,[00:40]
6,Jeff Bergeron,like these communication is key 3 because you are very aware that we're the ones taking care of the maintenance when it's all said and,"Port Neches-Groves ISD, case study",https://vimeo.com/1043784118#t=54s,[00:54]
6,Jeff Bergeron,done it was just so smooth we've had so many issues in the past and we've had lots of projects and I've been in the,"Port Neches-Groves ISD, case study",https://vimeo.com/1043784118#t=67s,[01:07]
5,Jeff Bergeron,school district for 15 years I've seen things go well and I've seen things go not so well let's just say that and this project,"Port Neches-Groves ISD, case study",https://vimeo.com/1043784118#t=78s,[01:18]
6,Jeff Bergeron,was probably the best run project that I've been a part of the lighting being lit up like a football field when you have the,"Port Neches-Groves ISD, case study",https://vimeo.com/1043784118#t=91s,[01:31]
9,Jeff Bergeron,neighboring schools coming over you want to show off our facilities are great E3 has helped us get there and really that to me says,"Port Neches-Groves ISD, case study",https://vimeo.com/1043784118#t=103s,[01:43]
1,Jeff Bergeron,a lot,"Port Neches-Groves ISD, case study",https://vimeo.com/1043784118#t=116s,[01:56]
1,Prosper ISD Speaker,hey,"Prosper ISD, LED retrofit - before and after",https://vimeo.com/850698679#t=0s,[00:00]
4,Josh Combs,so you yahoos are on the call to talk about our 454 B and this was brought to my attention recently that there's some challenges,R454b Discussion,https://vimeo.com/1080428926#t=0s,[00:00]
4,Josh Combs,related to our 454 and my mind went immediately to oh crap I'm supposed to know what that is and I'm not sure I remember,R454b Discussion,https://vimeo.com/1080428926#t=14s,[00:14]
4,Josh Combs,oh and then I remember something about what that is so and then it was like I don't even know what that means to us,R454b Discussion,https://vimeo.com/1080428926#t=27s,[00:27]
4,Josh Combs,so as these conversations were kind of flying through my head I figured they might fly through somebody else's like struggles with intelligence like I,R454b Discussion,https://vimeo.com/1080428926#t=40s,[00:40]
1,Josh Combs,do and so I thought we'd have a conversation so so first question guys what the hell is our 454 B what what does that,R454b Discussion,https://vimeo.com/1080428926#t=56s,[00:56]
5,Josh Combs,even mean it's the next generation of DX refrigerant so it's replacing our 410A which is what's in everybody's air conditioning system on your house,R454b Discussion,https://vimeo.com/1080428926#t=69s,[01:09]
5,Josh Combs,and packaged units on the roof of schools split systems that is in the refrigeration world right now and the reason we're doing that is,R454b Discussion,https://vimeo.com/1080428926#t=86s,[01:26]
4,Josh Combs,because it's a lower global warming potential refrigerant then the 410 days so it's supposed to be better for the environment okay that's right I,R454b Discussion,https://vimeo.com/1080428926#t=101s,[01:41]
4,Jared McCurley,got you and and we've been talking about that now for for a while it seemed like I don't know maybe a year ago or,R454b Discussion,https://vimeo.com/1080428926#t=117s,[01:57]
4,Jared McCurley,so what kind of started talking about this and hearing about it and what was driving that conversation at that time Factory is going to,R454b Discussion,https://vimeo.com/1080428926#t=129s,[02:09]
4,Jared McCurley,have to retool themselves and it was going to be a a change to manufacturing so it was going to be a supply chain issue,R454b Discussion,https://vimeo.com/1080428926#t=144s,[02:24]
4,Jared McCurley,again that we had just gotten over on from covid so I was going to slow things down and change everything up again yeah that's,R454b Discussion,https://vimeo.com/1080428926#t=157s,[02:37]
6,Jared McCurley,right I remember to save the planet and that change was happening and that happens on a 25 start producing units like you said Primera,R454b Discussion,https://vimeo.com/1080428926#t=171s,[02:51]
4,Jared McCurley,is primarily DX right which is hard to use and splits right now the Mini Splits and brf is going to happen next year and,R454b Discussion,https://vimeo.com/1080428926#t=186s,[03:06]
4,Jared McCurley,there's another alternative refrigerant that most of those are going on which is R32 cuz it's not a blend which is 4108 and 454 B,R454b Discussion,https://vimeo.com/1080428926#t=200s,[03:20]
4,Jared McCurley,are Blends so they have multiple different refrigerants that are mixed together in certain ratios okay I got you so Artis and splits are right,R454b Discussion,https://vimeo.com/1080428926#t=214s,[03:34]
4,Jared McCurley,now being produced with some manufacturers were picking one and other manufacturers were picking another is that kind of what is what happened Daikin went,R454b Discussion,https://vimeo.com/1080428926#t=230s,[03:50]
4,Jared McCurley,with our 32 because they manufacture R32 every other major manufacturer went with 454 B because it's a lower even lower global warming potential than,R454b Discussion,https://vimeo.com/1080428926#t=247s,[04:07]
4,Jared McCurley,32 so they sell it as a longer runway for them to be able to stay on this refrigerant because they think 32 is going,R454b Discussion,https://vimeo.com/1080428926#t=263s,[04:23]
1,Jared McCurley,to get phased out sooner okay so you were saying that we anticipated a possible supply chain issue but it seem like at the time,R454b Discussion,https://vimeo.com/1080428926#t=276s,[04:36]
4,Jared McCurley,I remember thinking it was more like they were going to have to kind of reconfigure the unit a little bit to accommodate and there's,R454b Discussion,https://vimeo.com/1080428926#t=290s,[04:50]
4,Jared McCurley,going to be some changes to the design and that might cause some supply chain issue delays was that kind of the thinking or was,R454b Discussion,https://vimeo.com/1080428926#t=305s,[05:05]
4,Jared McCurley,it more about what I think we're going to get to today which is actual supply of refrigerant so there is a retooling so that,R454b Discussion,https://vimeo.com/1080428926#t=319s,[05:19]
4,Jared McCurley,the canisters that 454 B comes in and the gauges that you use are threaded the opposite way of 410A to make sure that there's,R454b Discussion,https://vimeo.com/1080428926#t=332s,[05:32]
4,Jared McCurley,no way that you try to put 454 B into a 410A system so they did change or about the same so when we have,R454b Discussion,https://vimeo.com/1080428926#t=346s,[05:46]
4,Jared McCurley,a split system we can still use the refrigerant lines on a refrigerant lines actually have the same oil as well so we don't even,R454b Discussion,https://vimeo.com/1080428926#t=358s,[05:58]
4,Jared McCurley,have to do a purge that we're getting all of that out to make sure we don't have any issues moving forward still okay I,R454b Discussion,https://vimeo.com/1080428926#t=372s,[06:12]
4,Jared McCurley,got you okay so there was kind of a lot going on there and you can imagine in the manufacturing process that anytime you change,R454b Discussion,https://vimeo.com/1080428926#t=385s,[06:25]
4,Jared McCurley,systems over like that there's going to be you know I got to change their suppliers maybe they got to change the parts and pieces,R454b Discussion,https://vimeo.com/1080428926#t=399s,[06:39]
4,Jared McCurley,they have and then I got to change the line maybe and how they put it all together and that automatically shuts the compressor down,R454b Discussion,https://vimeo.com/1080428926#t=414s,[06:54]
5,Jared McCurley,and then turns the fan on the way up to disseminate the refrigerator what are the requirements for this slightly flammable refrigerant industry schools are,R454b Discussion,https://vimeo.com/1080428926#t=428s,[07:08]
4,Jared McCurley,designed with the units above corridors so we can't just swap those out now we have to relocate there's a lot of moving parts that,R454b Discussion,https://vimeo.com/1080428926#t=445s,[07:25]
4,Jared McCurley,go to officials and Engineers alike or still trying to figure out okay I got you and those who have been a what does we've,R454b Discussion,https://vimeo.com/1080428926#t=460s,[07:40]
1,Jared McCurley,been having I remember all that but just recently I started seeing some email traffic and I got some phone calls about a different issue,R454b Discussion,https://vimeo.com/1080428926#t=473s,[07:53]
4,Jared McCurley,with our 454 and and what's the current issue going on right now manufacturing of all 44 r454b with everything that Daniel mentioned the reading,R454b Discussion,https://vimeo.com/1080428926#t=488s,[08:08]
4,Jared McCurley,of the manufacturing equipment and the supply and demand changing that refrigerator but not everybody told up for that with it having some flammability properties,R454b Discussion,https://vimeo.com/1080428926#t=504s,[08:24]
4,Jeff Freeran,like Daniel spoke to with changing some of the gauges and the service ports on these units so that you don't use the wrong Freon,R454b Discussion,https://vimeo.com/1080428926#t=522s,[08:42]
4,Jeff Freeran,it also changed the method in which they package the the refrigerant in the cylinders so the cylinder is now different so a lot of,R454b Discussion,https://vimeo.com/1080428926#t=536s,[08:56]
4,Jeft Freeran,that didn't didn't get spun up well enough and it began to be a bottleneck and then trying to change the 20 pounds and trying,R454b Discussion,https://vimeo.com/1080428926#t=551s,[09:11]
5,Jeft Freeran,to figure out how to Source those bottles you take all that into consider and this is called a a depletion of that refrigerant to,R454b Discussion,https://vimeo.com/1080428926#t=565s,[09:25]
4,Jefl Freeman,our manufacturer so I see we're not sure what that's going to do but we're starting to see companies that they're just they don't have,R454b Discussion,https://vimeo.com/1080428926#t=579s,[09:39]
4,Jefl Freeman,anymore so it's going to have an effect I see so the issue isn't so much with equipment and any changes that had to be,R454b Discussion,https://vimeo.com/1080428926#t=594s,[09:54]
4,Jefl Freeman,made their it's actually with the Refrigerant Supply itself and or the way you have to handle that refrigerant different containers again all back to,R454b Discussion,https://vimeo.com/1080428926#t=607s,[10:07]
4,Jefl Freeman,the fact that it's slightly flammable probably need a more a more safe container to ship it out to ship it in and then to,R454b Discussion,https://vimeo.com/1080428926#t=623s,[10:23]
4,Jefl Freeman,once you get into we have to transport that differently gas cylinders that have any type of flammability have to be transported differently than than,R454b Discussion,https://vimeo.com/1080428926#t=637s,[10:37]
4,Jefl Freeman,other Freon they can just come on a regular cab truck but dot is going to require them to transport that completely differently because it's,R454b Discussion,https://vimeo.com/1080428926#t=653s,[10:53]
4,Jefl Freeman,the same period the quality part of checking that unit out and testing it it wouldn't have any free on it they don't have it,R454b Discussion,https://vimeo.com/1080428926#t=669s,[11:09]
4,Jefl Freeman,in stock so they're not going to be able to perform their incomplete and then not not checked out especially when it comes to you,R454b Discussion,https://vimeo.com/1080428926#t=682s,[11:22]
4,Jefl Freeman,like your package units and your roof tops and and things like that your split systems I can see them pivoting a little bit on,R454b Discussion,https://vimeo.com/1080428926#t=697s,[11:37]
4,Jefl Freeman,that because they they might not have to put the charger in there they could put that that with the nitrogen in it you know,R454b Discussion,https://vimeo.com/1080428926#t=711s,[11:51]
4,Jefl Freeman,they used to do a lot of dry sockets so play some complications with that or let's say they have a they've done a really,R454b Discussion,https://vimeo.com/1080428926#t=724s,[12:04]
4,Jefl Freeman,good job of planning for this and they have those condensers ready for our DX Bliss and they ship them to to one of our,R454b Discussion,https://vimeo.com/1080428926#t=738s,[12:18]
4,Jefl Freeman,job sites from one of our jobs that typically comes pre-charged with about to accommodate about 20 ft of line set so if we have,R454b Discussion,https://vimeo.com/1080428926#t=751s,[12:31]
4,Jefl Freeman,a condenser that has a air handler that's 30ft manufacturer they're not going to ship the unit till they can test it and the only,R454b Discussion,https://vimeo.com/1080428926#t=765s,[12:45]
4,Jefl Freeman,way they can test it is if they have the refrigerant to test it right and and ship it with the refrigerant like a rooftop,R454b Discussion,https://vimeo.com/1080428926#t=779s,[12:59]
4,Jefl Freeman,unit it would have all the refrigerator and it needs to come shipped that way but like I said with the split it's going to,R454b Discussion,https://vimeo.com/1080428926#t=793s,[13:13]
4,Jefl Freeman,get tested and it's going to have to get shipped to the job but if you have a condition where you need more refrigerant for,R454b Discussion,https://vimeo.com/1080428926#t=806s,[13:26]
4,Jefl Freeman,that system like the example you gave the line sets longer than they tested it for the contractor is going to have to have some,R454b Discussion,https://vimeo.com/1080428926#t=820s,[13:40]
4,Jefl Freeman,and he's got to get his hands on some more 4544 mom and pop contractor he's just buy it from some local vendor right and,R454b Discussion,https://vimeo.com/1080428926#t=834s,[13:54]
4,Jefl Freeman,he don't have any way so he may have his he may have even harder time getting his hands on some of it okay that,R454b Discussion,https://vimeo.com/1080428926#t=847s,[14:07]
5,Jefl Freeman,makes sense so that but all that looks like to me is potential delays on getting equipment or getting equipment installed price increase can you,R454b Discussion,https://vimeo.com/1080428926#t=859s,[14:19]
4,Dansl Mever,order an engineer Josh and you probably remember R12 or what are 12012 out and then the same thing with R22 for like 60 bucks,R454b Discussion,https://vimeo.com/1080428926#t=875s,[14:35]
4,Danwl Mever,and then two years later it was like $800 numbers for Powerball mom and pop store like you mentioned so there is some impacts and,R454b Discussion,https://vimeo.com/1080428926#t=889s,[14:49]
4,Danwl Mever,that I don't know any of that equation that Terrace but it's a supply and demand thing where escalation is certainly a factor in this,R454b Discussion,https://vimeo.com/1080428926#t=904s,[15:04]
4,Danwl Mever,okay I got you that that makes sense so it's not it's not just the time delay and whatever the time delay might cost us,R454b Discussion,https://vimeo.com/1080428926#t=918s,[15:18]
4,Danwl Mever,internally but it's a supply and demand issue that the cost of our 454 200 lb of r54 you're only going to get 40 40,R454b Discussion,https://vimeo.com/1080428926#t=931s,[15:31]
4,Danwl Mever,lb so we're asking you to two drums as they're waiting on the the process to build itself up so there could be could be,R454b Discussion,https://vimeo.com/1080428926#t=944s,[15:44]
4,Danwl Mever,that playing into this equation as well I see okay all right so that makes sense but so we're looking at potential time delays and,R454b Discussion,https://vimeo.com/1080428926#t=957s,[15:57]
4,Danwl Mever,potential costs increase in any of this manufacturing work we're all human we're all human and we all have manufacturing processes we've gotten package units,R454b Discussion,https://vimeo.com/1080428926#t=972s,[16:12]
4,Danwl Mever,before that you you look in there and you see a big holy spot on the condenser so you're having to take that into consideration,R454b Discussion,https://vimeo.com/1080428926#t=989s,[16:29]
4,Danwl Mever,do you set that unit why you may put it on the roof if you don't want to install it because there has to be,R454b Discussion,https://vimeo.com/1080428926#t=1003s,[16:43]
4,Danwl Mever,a warranty process that takes place for that so there's going to be that the service delays that we already talked about because of the,R454b Discussion,https://vimeo.com/1080428926#t=1015s,[16:55]
4,Danwl Mever,DX condensers so if we get equipment we're going to have to do a really good job doing our own let me make sure I,R454b Discussion,https://vimeo.com/1080428926#t=1030s,[17:10]
4,Danwl Mever,understand that right Jeff so I think this is what you're saying a dozen rooftop show up on such and such ISD and one of,R454b Discussion,https://vimeo.com/1080428926#t=1043s,[17:23]
4,Danwl Mever,them sprung a leak well I think in the past you would go ahead and set them all in the contractor would just fix the,R454b Discussion,https://vimeo.com/1080428926#t=1056s,[17:36]
4,Danwl Mever,League if the leak is a contractor he may not be able to do that because you wouldn't replace that you know if you catch,R454b Discussion,https://vimeo.com/1080428926#t=1069s,[17:49]
4,Danwl Mever,it in time is it what you do yeah if we were fortunate enough to catch it in time unit where it's safe to Stage,R454b Discussion,https://vimeo.com/1080428926#t=1082s,[18:02]
4,Danwl Mever,it on a roof knowing that that's going to be added weight to that roof because you're going to leave the existing one and operation,R454b Discussion,https://vimeo.com/1080428926#t=1094s,[18:14]
4,Danwl Mever,so that when they do get the the refrigerant they can come make that repair and then said they are set the unit make the,R454b Discussion,https://vimeo.com/1080428926#t=1109s,[18:29]
4,Danwl Mever,repair and get that unit back online so they can serve it space So you're going to have to be a lot of logistics before,R454b Discussion,https://vimeo.com/1080428926#t=1122s,[18:42]
4,Danwl Mever,you come completely dry soil do we do we have any jobs we know of that are in the window I think I originally we,R454b Discussion,https://vimeo.com/1080428926#t=1135s,[18:55]
4,Danwl Mever,won't worry too much about it because of the lead times but now with refrigerant becoming that I'm scared that it may be that may,R454b Discussion,https://vimeo.com/1080428926#t=1148s,[19:08]
4,Jeif Freernan,actually become a problem for us if they can't ship it out to us until June 13th so the other ones are probably going to,R454b Discussion,https://vimeo.com/1080428926#t=1162s,[19:22]
4,Jeif Freernan,come out with some similar things right now that I would assume the other manufacturers would take a similar so we may have some projects,R454b Discussion,https://vimeo.com/1080428926#t=1175s,[19:35]
4,Jeif Freernan,that actually have feels some effects here from time and a price I would guess that that means we'll deal with those when they show,R454b Discussion,https://vimeo.com/1080428926#t=1191s,[19:51]
6,Jeif Freernan,up I don't know how much money we're actually talking about but it's it's something to start thinking about if you're an E3 project manager,R454b Discussion,https://vimeo.com/1080428926#t=1205s,[20:05]
4,Jeif Freernan,or salesperson to be thinking about is my job going to be impacted by either time or money that I've already sold and we'll just,R454b Discussion,https://vimeo.com/1080428926#t=1221s,[20:21]
4,Jeif Freernan,have to take those one of the time so I'm not sure how much how many dollars were talking about how much percentage 7% on,R454b Discussion,https://vimeo.com/1080428926#t=1235s,[20:35]
4,Jeif Freernan,the cost of the equipment yes sale price if we just took a risk and be a little bit less than that okay okay I,R454b Discussion,https://vimeo.com/1080428926#t=1248s,[20:48]
4,Jeif Freernan,got you okay so what do you thinking about right now those are the things I mean we've got if anybody's doing a lone star,R454b Discussion,https://vimeo.com/1080428926#t=1260s,[21:00]
4,Josh Cambs,project or something like that where we give them a hard price and it takes some 4 months to finish so that we can actually,R454b Discussion,https://vimeo.com/1080428926#t=1274s,[21:14]
4,Josh Cambs,get into contract it's just amazing how much the price is I mean from sales perspective and I know you guys always but I swear,R454b Discussion,https://vimeo.com/1080428926#t=1287s,[21:27]
4,Josh Cambs,"5 years ago we were selling stuff for $3,500 a ton maybe it was six but it's out it's double that for sure the clients",R454b Discussion,https://vimeo.com/1080428926#t=1301s,[21:41]
4,Josh Cambs,are going to be probably understanding like they weren't in covid the clients were extremely understanding and covid when stuff didn't show up that was,R454b Discussion,https://vimeo.com/1080428926#t=1314s,[21:54]
4,Josh Cambs,in our fault do you have any suggestions for the sales team on how to approach that should be putting contingencies on projects just to,R454b Discussion,https://vimeo.com/1080428926#t=1331s,[22:11]
4,Josh Cambs,buffer ourselves on these to make sure that we're covered if there is an unexpected change in the market for projects not yet sold as,R454b Discussion,https://vimeo.com/1080428926#t=1346s,[22:26]
4,Josh Cambs,well period they're usually pretty agreeable to listen and understand okay well that's good stuff is there anything that it would be important for seems,R454b Discussion,https://vimeo.com/1080428926#t=1361s,[22:41]
4,Josh Cambs,to know that we haven't kind of covered already as you're in contact with manufacturers subcontractors and you hear information to continue to share that,R454b Discussion,https://vimeo.com/1080428926#t=1378s,[22:58]
4,Josh Cambs,out to the team to to Jeff or Jeff's group to him development team to me or just all of us just making sure that,R454b Discussion,https://vimeo.com/1080428926#t=1395s,[23:15]
4,Josh Cambs,everybody is aware of anything that you're hearing it's been very fascinating seeing different people having different little bits and what sticks with certain people,R454b Discussion,https://vimeo.com/1080428926#t=1407s,[23:27]
4,Josh Cambs,as they're getting this information as possible in front of us to do during covid right stop but there's things that are just totally out,R454b Discussion,https://vimeo.com/1080428926#t=1425s,[23:45]
4,Josh Cambs,of our control and this is this is kind of a repeat I don't think it's going to be on the same scale but it's,R454b Discussion,https://vimeo.com/1080428926#t=1441s,[24:01]
4,Josh Cambs,certainly something to consider that you know timelines and putting a rush on things it's it's not in our favor for that we just have,R454b Discussion,https://vimeo.com/1080428926#t=1453s,[24:13]
6,Josh Cambs,to manage with really really good communication yes okay well I don't know if I am but I feel a little less Dumber now so,R454b Discussion,https://vimeo.com/1080428926#t=1467s,[24:27]
1,Josh Cambs,appreciate that I guess this stuff,R454b Discussion,https://vimeo.com/1080428926#t=1481s,[24:41]
4,Remote HVAC Speaker,we have the central system where our guys can log in in the evenings how many times I can't tell you that a principal has,Remote HVAC,https://vimeo.com/670403986#t=0s,[00:00]
5,Remote HVAC Speaker,scheduled a parent meeting was called to say oh we forgot to ask for AC so if our guys are home they can log in,Remote HVAC,https://vimeo.com/670403986#t=8s,[00:08]
4,Remote HVAC Speaker,and take care of it there are so many positives with that and the fact that we have instant relief instant response with our guys,Remote HVAC,https://vimeo.com/670403986#t=16s,[00:16]
6,Remote HVAC Speaker,that's huge and I think the other part of that is the cost savings we've talked about the huge cost savings with the remote control,Remote HVAC,https://vimeo.com/670403986#t=25s,[00:25]
6,Remote HVAC Speaker,and we're charged with being good stewards of the money and taxpayers money so when you say how are you how do you serve your,Remote HVAC,https://vimeo.com/670403986#t=34s,[00:34]
4,Remote HVAC Speaker,public and how are you being good stewards of the way we can always say there's some of the things we're doing and this tops,Remote HVAC,https://vimeo.com/670403986#t=43s,[00:43]
1,Remote HVAC Speaker,our list,Remote HVAC,https://vimeo.com/670403986#t=52s,[00:52]
1,Royal Falconsi,what,"Royal ISD, Before and After",https://vimeo.com/716162057#t=0s,[00:00]
6,Joshua Delgado,before E3 came along the biggest issues that we were having were just really old fixtures a lot of the fixtures that we had didn't,"San Jacinto Community College, case study",https://vimeo.com/1196691492#t=0s,[00:00]
4,Joshua Delgado,have dimming controls on them we have a lot of user error whenever it comes to the professors and stuff here at San Jac possibly,"San Jacinto Community College, case study",https://vimeo.com/1196691492#t=9s,[00:09]
5,Joshua Delgado,turning on or leaving certain lights off most of the pictures in here were older models and really needed to be upgraded to LED we,"San Jacinto Community College, case study",https://vimeo.com/1196691492#t=18s,[00:18]
9,Joshua Delgado,needed something a little bit more energy efficient we needed to have that user error that's kind of why we called E3 and to get,"San Jacinto Community College, case study",https://vimeo.com/1196691492#t=28s,[00:28]
4,Joshua Delgado,those things right before most significant Improvement that we've seen has been here at Sea 11 and in the library the occupancy sensors are pretty,"San Jacinto Community College, case study",https://vimeo.com/1196691492#t=37s,[00:37]
4,Joshua Delgado,much the golden ticket as far as making sure that whenever there's nobody in here the lights aren't on and as soon as the professor's,"San Jacinto Community College, case study",https://vimeo.com/1196691492#t=48s,[00:48]
7,Joshua Delgado,walk into the classroom we want those lights to come on because it also plays into safety E3 made this project possibly one of the,"San Jacinto Community College, case study",https://vimeo.com/1196691492#t=58s,[00:58]
4,Joshua Delgado,easiest projects that I've ever worked on a lot of the work that was done was done after hours especially because we had classes going,"San Jacinto Community College, case study",https://vimeo.com/1196691492#t=67s,[01:07]
4,Joshua Delgado,on during that time the way that I like to praise it is ninjas where does the work gets out of there and the managers,"San Jacinto Community College, case study",https://vimeo.com/1196691492#t=77s,[01:17]
4,Joshua Delgado,go in the next day and it looks like stuff was done but absolutely nobody was there for the project to not only get completed,"San Jacinto Community College, case study",https://vimeo.com/1196691492#t=86s,[01:26]
4,Joshua Delgado,fairly quickly within budget and with all three buildings I have heard complaints nothing if you want a I need that is not only going,"San Jacinto Community College, case study",https://vimeo.com/1196691492#t=95s,[01:35]
4,Joshua Delgado,to pay attention to your needs as far as the work that needs to be done but is also going to be personal enough with,"San Jacinto Community College, case study",https://vimeo.com/1196691492#t=105s,[01:45]
6,Joshua Delgado,you to actually care about you as a person and as far as who you are and what you're bringing to the table E3 is,"San Jacinto Community College, case study",https://vimeo.com/1196691492#t=113s,[01:53]
4,Joshua Delgado,phenomenal and I would recommend them the 1000 times over we have more projects that are coming up and I love the quality of y'all's,"San Jacinto Community College, case study",https://vimeo.com/1196691492#t=122s,[02:02]
6,Joshua Delgado,work and I will constantly come back to E3 because of that,"San Jacinto Community College, case study",https://vimeo.com/1196691492#t=131s,[02:11]
6,San Jacinto Community College Speaker,"Before E3 came along, the biggest issues that we were having were just really old fixtures.",San Jacinto Community College,https://vimeo.com/1196691492#t=0s,[00:00]
4,San Jacinto Community College Speaker,A lot of the fixtures that we'd had didn't have dimming controls on them.,San Jacinto Community College,https://vimeo.com/1196691492#t=6s,[00:06]
4,San Jacinto Community College Speaker,We have a lot of user error whenever it comes to the professors and stuff here at San Jac possibly turning on or leaving certain lights off.,San Jacinto Community College,https://vimeo.com/1196691492#t=11s,[00:11]
5,San Jacinto Community College Speaker,Most of the fixtures in here were older models and really needed to be upgraded to LED.,San Jacinto Community College,https://vimeo.com/1196691492#t=21s,[00:21]
6,San Jacinto Community College Speaker,We needed something a little bit more energy efficient.,San Jacinto Community College,https://vimeo.com/1196691492#t=28s,[00:28]
4,San Jacinto Community College Speaker,We needed to curve that user error.,San Jacinto Community College,https://vimeo.com/1196691492#t=32s,[00:32]
7,San Jacinto Community College Speaker,That's why we called E3 in to get those things rectified.,San Jacinto Community College,https://vimeo.com/1196691492#t=34s,[00:34]
4,San Jacinto Community College Speaker,Most significant improvement that we've seen has been here at C11 and in the library.,San Jacinto Community College,https://vimeo.com/1196691492#t=38s,[00:38]
4,San Jacinto Community College Speaker,"The occupancy sensors are pretty much the golden ticket as far as making sure that whenever there's nobody in here, the lights aren't on.",San Jacinto Community College,https://vimeo.com/1196691492#t=45s,[00:45]
5,San Jacinto Community College Speaker,"And as soon as the professors walk into the classroom, we want those lights to come on because it also plays into safety.",San Jacinto Community College,https://vimeo.com/1196691492#t=55s,[00:55]
6,San Jacinto Community College Speaker,E3 made this project possibly one of the easiest projects that I've ever worked on.,San Jacinto Community College,https://vimeo.com/1196691492#t=63s,[01:03]
4,San Jacinto Community College Speaker,"A lot of the work that was done was done after hours, especially because we had classes going on during that time.",San Jacinto Community College,https://vimeo.com/1196691492#t=69s,[01:09]
3,San Jacinto Community College Speaker,"But the way that I like to phrase it is ninjas, where E3 does the work, gets out of there, and the managers go in the next day and it looks like stuff was done, but absolutely nobody was there.",San Jacinto Community College,https://vimeo.com/1196691492#t=77s,[01:17]
4,San Jacinto Community College Speaker,"For the project to not only get completed fairly quickly, within budget, and with all three buildings, I have heard zero complaints.",San Jacinto Community College,https://vimeo.com/1196691492#t=91s,[01:31]
3,San Jacinto Community College Speaker,"If you want a company that is not only going to pay attention to your needs as far as the work that needs to be done, but is also going to be personal enough with you to actually care about you as a person and as far as who you are and what you're bringing to the table, E3 is phenomenal.",San Jacinto Community College,https://vimeo.com/1196691492#t=102s,[01:42]
7,San Jacinto Community College Speaker,And I would recommend them a thousand times over.,San Jacinto Community College,https://vimeo.com/1196691492#t=122s,[02:02]
6,San Jacinto Community College Speaker,"We have more projects that are coming up, and I love the quality of y'all's work, and I will constantly come back to E3 because of that.",San Jacinto Community College,https://vimeo.com/1196691492#t=126s,[02:06]
1,Dr. Shannon Trejo,I think that was probably one of the benefits of working with East Texas A&M University and their 12 program I was able to walk,"Shannon Trejo, Deputy Commissioner of Schools Programs, Texas Education Agency",https://vimeo.com/1101358095#t=0s,[00:00]
5,Dr. Shannon Trejo,in to an online tech program that provided me enough flexibility that I can make my own hours I scheduled time to do my studies,"Shannon Trejo, Deputy Commissioner of Schools Programs, Texas Education Agency",https://vimeo.com/1101358095#t=9s,[00:09]
4,Dr. Shannon Trejo,I was able to flex that in any way that I wanted I had constant support from my professors who were willing to meet with,"Shannon Trejo, Deputy Commissioner of Schools Programs, Texas Education Agency",https://vimeo.com/1101358095#t=18s,[00:18]
3,Dr. Shannon Trejo,me in person by Zoom phone call whatever it took email super responsive and then finding that passion for my dissertation was where I got,"Shannon Trejo, Deputy Commissioner of Schools Programs, Texas Education Agency",https://vimeo.com/1101358095#t=27s,[00:27]
5,Dr. Shannon Trejo,the opportunity to kind of go what do I really want I want kids to be able to read and I know that that topic,"Shannon Trejo, Deputy Commissioner of Schools Programs, Texas Education Agency",https://vimeo.com/1101358095#t=37s,[00:37]
4,Dr. Shannon Trejo,was going to be something that I would be super passionate about and wanted to learn about so academies and then connected it to the,"Shannon Trejo, Deputy Commissioner of Schools Programs, Texas Education Agency",https://vimeo.com/1101358095#t=45s,[00:45]
4,Dr. Shannon Trejo,work that we were doing in the district where I was working and then and then it just kind of organically found its way and,"Shannon Trejo, Deputy Commissioner of Schools Programs, Texas Education Agency",https://vimeo.com/1101358095#t=54s,[00:54]
4,Dr. Shannon Trejo,to the end where I was able to utilize that data to make some changes in our district,"Shannon Trejo, Deputy Commissioner of Schools Programs, Texas Education Agency",https://vimeo.com/1101358095#t=63s,[01:03]
1,Somerset ISD Speaker,hey Google,Somerset ISD - before and after,https://vimeo.com/1074086054#t=0s,[00:00]
4,Stephen Mayfield,so my name is Steven Mayfield I'm the city manager for the city of Stockdale here in Texas originally were looking at our local dentist,Stockdale Lagoon Restoration: A Cost-Effective Alternative to Mechanical Dredging,https://vimeo.com/1171901749#t=0s,[00:00]
4,Stephen Mayfield,we had a large amount of accumulated sludge from the ears of peace and neglect there was actually some large areas that had no freebord,Stockdale Lagoon Restoration: A Cost-Effective Alternative to Mechanical Dredging,https://vimeo.com/1171901749#t=14s,[00:14]
4,Stephen Mayfield,left of course that was very very much it's made a huge difference on the First Pond where the biggest portion of it was I,Stockdale Lagoon Restoration: A Cost-Effective Alternative to Mechanical Dredging,https://vimeo.com/1171901749#t=29s,[00:29]
4,Stephen Mayfield,mean you can like I said you can see the difference because over there there was no water before it was a slow we have,Stockdale Lagoon Restoration: A Cost-Effective Alternative to Mechanical Dredging,https://vimeo.com/1171901749#t=43s,[00:43]
4,Stephen Mayfield,some Development coming into town and for development to come in where we have to have the capacity back in the plant we wouldn't have,Stockdale Lagoon Restoration: A Cost-Effective Alternative to Mechanical Dredging,https://vimeo.com/1171901749#t=56s,[00:56]
4,Stephen Mayfield,been able to you know have future development and more houses and things like that with the receipt capacity that we have at most small,Stockdale Lagoon Restoration: A Cost-Effective Alternative to Mechanical Dredging,https://vimeo.com/1171901749#t=71s,[01:11]
4,Stephen Mayfield,cities don't have that money that they would have to spend on Friday who's that that kind of put you together with Nano gas what,Stockdale Lagoon Restoration: A Cost-Effective Alternative to Mechanical Dredging,https://vimeo.com/1171901749#t=86s,[01:26]
6,Stephen Mayfield,was it like to work with that I work with them for quite a while not this year other cities they've always been really professional,Stockdale Lagoon Restoration: A Cost-Effective Alternative to Mechanical Dredging,https://vimeo.com/1171901749#t=100s,[01:40]
7,Stephen Mayfield,really great they they always come up with the I guess solution the problem is what I found they always have a problem,Stockdale Lagoon Restoration: A Cost-Effective Alternative to Mechanical Dredging,https://vimeo.com/1171901749#t=115s,[01:55]
7,Andrew Peters,represents all the schools in the state of Texas and so they're not going to have a company representing them that they can't trust and,TASB approval.mp4,https://vimeo.com/671227090#t=0s,[00:00]
6,Andrew Peters,so yes I think that's an extra little plus that makes everybody feel comfortable hiring E3,TASB approval.mp4,https://vimeo.com/671227090#t=13s,[00:13]
4,Heather Escalante,the Caldwell ISD safety team they collaborated with safety committees and law enforcement to design the safety plan leading to valuable feedback in a more,"The Caldwell ISD Safety Team, winner of the 2024 TASBO Pathfinder Award",https://vimeo.com/1036820984#t=0s,[00:00]
6,Heather Escalante,comprehensive plan for keeping students safe in case of emergencies where small town we got input anything we do input from teachers input from law,"The Caldwell ISD Safety Team, winner of the 2024 TASBO Pathfinder Award",https://vimeo.com/1036820984#t=9s,[00:09]
4,Heather Escalante,enforcement input from our sros and put from the fire department so it's that small town Hospitality of everyone working together to create a safe,"The Caldwell ISD Safety Team, winner of the 2024 TASBO Pathfinder Award",https://vimeo.com/1036820984#t=18s,[00:18]
6,Heather Escalante,environment for our kids I just want everyone to know that every decision that we make every penny that we spend is with students in,"The Caldwell ISD Safety Team, winner of the 2024 TASBO Pathfinder Award",https://vimeo.com/1036820984#t=27s,[00:27]
1,Heather Escalante,mind it's the decisions that are behind the scenes that are 24 hours a day the phone calls that happen from parents or from other,"The Caldwell ISD Safety Team, winner of the 2024 TASBO Pathfinder Award",https://vimeo.com/1036820984#t=36s,[00:36]
4,Heather Escalante,staff members the facilities things that go on the weekends that get fixed when no one is there just all our doors are locked and,"The Caldwell ISD Safety Team, winner of the 2024 TASBO Pathfinder Award",https://vimeo.com/1036820984#t=44s,[00:44]
5,Nathan Goodlett,the kids are safe if something does go on our kids are prepared our staff is prepared just making sure those things following the place,"The Caldwell ISD Safety Team, winner of the 2024 TASBO Pathfinder Award",https://vimeo.com/1036820984#t=52s,[00:52]
2,Nathan Goodlett,we truly love kids,"The Caldwell ISD Safety Team, winner of the 2024 TASBO Pathfinder Award",https://vimeo.com/1036820984#t=60s,[01:00]
1,Trinity ISD Speaker,hey,"Trinity ISD, Crane Lift",https://vimeo.com/925063067#t=0s,[00:00]
4,Andrew Peters,we had a very Antiquated Auditorium that the lights have not worked consistently maybe a third of the bulbs were out for like 20 years,"When the lights where turn on lights, people were in awe",https://vimeo.com/671227229#t=0s,[00:00]
4,Andrew Peters,so we replaced it with all new fixtures and all new lights in the auditorium just the house lights a ceiling lights and when we,"When the lights where turn on lights, people were in awe",https://vimeo.com/671227229#t=11s,[00:11]
4,Andrew Peters,turned them on people were in awe and because you could see that our colors are orange and white and our seats were actually orange,"When the lights where turn on lights, people were in awe",https://vimeo.com/671227229#t=21s,[00:21]
5,Andrew Peters,when the LED lights came on every bulb worked and that was a big thing is I think deep down they made it all work,"When the lights where turn on lights, people were in awe",https://vimeo.com/671227229#t=32s,[00:32]
1,Andrew Peters,and it's a beautiful Auditorium,"When the lights where turn on lights, people were in awe",https://vimeo.com/671227229#t=41s,[00:41]
10,Paul Buckner,through the construction process with E3 it was it was it was simple it was one of the least stressful projects I've had in regards,"Working with E3 is simple, least stressful project",https://vimeo.com/670008449#t=0s,[00:00]
5,Paul Buckner,to monitoring the the general contractor the subcontractors anything everything was after hours or weekends holidays that was worked around worked around school hours so,"Working with E3 is simple, least stressful project",https://vimeo.com/670008449#t=10s,[00:10]
6,Paul Buckner,there was really never an impact to anything with the school day and instructional learning and teachers would leave they would come back the next,"Working with E3 is simple, least stressful project",https://vimeo.com/670008449#t=23s,[00:23]
7,Paul Buckner,day and their classroom would be changed over to LED lighting and they had no idea that it was even happening until the next morning,"Working with E3 is simple, least stressful project",https://vimeo.com/670008449#t=34s,[00:34]
5,Paul Buckner,they came in so it was very seamless very easy to to work with the construction Loop and they were very responsive to to phone,"Working with E3 is simple, least stressful project",https://vimeo.com/670008449#t=44s,[00:44]
1,Paul Buckner,calls no matter the time of day even after they worked all night they were still answer phone calls in the early next morning on,"Working with E3 is simple, least stressful project",https://vimeo.com/670008449#t=54s,[00:54]
4,Paul Buckner,on any items and get anything that we needed to taken care of they would jump on it,"Working with E3 is simple, least stressful project",https://vimeo.com/670008449#t=64s,[01:04]
1,Wylie - LED demo timelapse Speaker,OK Google,Wylie - LED demo timelapse,https://vimeo.com/1088274339#t=0s,[00:00]
10,"Dr. Daniel Trevino, Jr.",We realized our annual savings estimate in just over eight months of tracking.,Client Testimonial,https://www.e3es.com/testimonials/mercedes-isd/,[Testimonial]
8,Rudy Rodriguez,They came in on nights and weekends so we never disrupted any classes.,Client Testimonial,https://www.e3es.com/testimonials/edcouch-elsa-isd/,[Testimonial]
8,Don Meek,"You'll never hear us say, 'It's not our problem.' ",Client Testimonial,https://www.e3es.com/testimonials/3948/,[Testimonial]
9,Dr. Mike Gonzales,This… was probably the best run project that I’ve been part of.,Client Testimonial,https://www.e3es.com/testimonials/3949/,[Testimonial]
